﻿"GEO_ID","NAME","B19013_001E","B19013_001M",
"Geography","Geographic Area Name","Estimate!!Median household income in the past 12 months (in 2022 inflation-adjusted dollars)","Margin of Error!!Median household income in the past 12 months (in 2022 inflation-adjusted dollars)",
"1600000US2600380","Addison village, Michigan","48403","8883",
"1600000US2600440","Adrian city, Michigan","40797","4276",
"1600000US2600480","Advance CDP, Michigan","90833","23654",
"1600000US2600620","Ahmeek village, Michigan","55156","18498",
"1600000US2600700","Akron village, Michigan","55000","11646",
"1600000US2600860","Alanson village, Michigan","46800","13500",
"1600000US2600900","Alba CDP, Michigan","79808","21493",
"1600000US2600980","Albion city, Michigan","41594","3908",
"1600000US2601060","Alden CDP, Michigan","54063","27089",
"1600000US2601180","Algonac city, Michigan","50703","6322",
"1600000US2601260","Allegan city, Michigan","42162","19596",
"1600000US2601300","Allen village, Michigan","52083","22505",
"1600000US2601340","Allendale CDP, Michigan","64356","4825",
"1600000US2601380","Allen Park city, Michigan","73792","4961",
"1600000US2601540","Alma city, Michigan","44375","6784",
"1600000US2601660","Almont village, Michigan","76607","5759",
"1600000US2601740","Alpena city, Michigan","43613","4552",
"1600000US2601800","Alpha village, Michigan","36417","1477",
"1600000US2601960","Amasa CDP, Michigan","32500","6598",
"1600000US2603000","Ann Arbor city, Michigan","78546","3975",
"1600000US2603200","Applegate village, Michigan","60417","6200",
"1600000US2603300","Arcadia CDP, Michigan","77500","20500",
"1600000US2603400","Argentine CDP, Michigan","93571","16160",
"1600000US2603520","Armada village, Michigan","105774","30909",
"1600000US2603740","Ashley village, Michigan","52083","14152",
"1600000US2603880","Athens village, Michigan","60500","21851",
"1600000US2603920","Atlanta CDP, Michigan","38000","18422",
"1600000US2603960","Atlantic Mine CDP, Michigan","52574","15891",
"1600000US2604020","Attica CDP, Michigan","73952","43655",
"1600000US2604080","Auburn city, Michigan","62589","12398",
"1600000US2604105","Auburn Hills city, Michigan","77724","5476",
"1600000US2604120","Au Gres city, Michigan","55313","17652",
"1600000US2604160","Augusta village, Michigan","66144","3090",
"1600000US2604280","Au Sable CDP, Michigan","40395","13110",
"1600000US2604740","Bad Axe city, Michigan","45833","6587",
"1600000US2604940","Baldwin village, Michigan","25587","2541",
"1600000US2605080","Bancroft village, Michigan","81563","36368",
"1600000US2605140","Bangor city, Michigan","46855","5372",
"1600000US2605320","Baraga village, Michigan","32569","7310",
"1600000US2605466","Barnes Lake CDP, Michigan","59493","27040",
"1600000US2605500","Baroda village, Michigan","62679","5542",
"1600000US2605580","Barryton village, Michigan","33750","7340",
"1600000US2605660","Barton Hills village, Michigan","250,000+","***",
"1600000US2605880","Bath CDP, Michigan","65972","23892",
"1600000US2605920","Battle Creek city, Michigan","49684","3172",
"1600000US2606020","Bay City city, Michigan","45026","2066",
"1600000US2606120","Bay Port CDP, Michigan","45893","13285",
"1600000US2606180","Bay Shore CDP, Michigan","64444","18121",
"1600000US2606260","Bay View CDP, Michigan","-","**",
"1600000US2606360","Beal City CDP, Michigan","79205","13927",
"1600000US2606430","Bear Lake CDP, Michigan","54286","26312",
"1600000US2606460","Bear Lake village, Michigan","51250","3703",
"1600000US2606660","Beaverton city, Michigan","31985","6605",
"1600000US2606820","Beecher CDP, Michigan","35618","2018",
"1600000US2606880","Beechwood CDP, Michigan","63750","29427",
"1600000US2606900","Belding city, Michigan","52083","3478",
"1600000US2606980","Bellaire village, Michigan","44896","10638",
"1600000US2607020","Belleville city, Michigan","55979","9490",
"1600000US2607060","Bellevue village, Michigan","58750","5593",
"1600000US2607220","Bendon CDP, Michigan","66625","28377",
"1600000US2607520","Benton Harbor city, Michigan","26592","6456",
"1600000US2607540","Benton Heights CDP, Michigan","32821","10097",
"1600000US2607580","Benzonia village, Michigan","64107","13066",
"1600000US2607620","Bergland CDP, Michigan","42361","9863",
"1600000US2607660","Berkley city, Michigan","108125","6034",
"1600000US2607860","Berrien Springs village, Michigan","61328","12872",
"1600000US2607960","Bessemer city, Michigan","49323","24874",
"1600000US2608100","Beulah village, Michigan","70750","30700",
"1600000US2608160","Beverly Hills village, Michigan","162364","19932",
"1600000US2608180","Big Bay CDP, Michigan","46372","509",
"1600000US2608300","Big Rapids city, Michigan","36058","8983",
"1600000US2608460","Bingham Farms village, Michigan","197273","57319",
"1600000US2608540","Birch Run village, Michigan","60172","13509",
"1600000US2608640","Birmingham city, Michigan","151556","14948",
"1600000US2609000","Blissfield village, Michigan","62585","11579",
"1600000US2609180","Bloomfield Hills city, Michigan","200054","20574",
"1600000US2609220","Bloomingdale village, Michigan","51719","18717",
"1600000US2609560","Boon CDP, Michigan","90000","15986",
"1600000US2609820","Boyne City city, Michigan","65070","13105",
"1600000US2609840","Boyne Falls village, Michigan","50625","18487",
"1600000US2610160","Breckenridge village, Michigan","53413","4289",
"1600000US2610180","Breedsville village, Michigan","83125","68867",
"1600000US2610300","Brethren CDP, Michigan","38810","20879",
"1600000US2610440","Bridgeport CDP, Michigan","42719","7621",
"1600000US2610580","Bridgman city, Michigan","62337","10611",
"1600000US2610620","Brighton city, Michigan","74022","8977",
"1600000US2610680","Brimley CDP, Michigan","55625","21325",
"1600000US2610760","Britton village, Michigan","62917","17502",
"1600000US2610860","Bronson city, Michigan","47159","10283",
"1600000US2611000","Brooklyn village, Michigan","43365","10210",
"1600000US2611180","Brown City city, Michigan","49345","6277",
"1600000US2611200","Brownlee Park CDP, Michigan","38698","9072",
"1600000US2611320","Bruce Crossing CDP, Michigan","80122","25536",
"1600000US2611380","Brutus CDP, Michigan","64167","25947",
"1600000US2611400","Buchanan city, Michigan","53328","8369",
"1600000US2611480","Buckley village, Michigan","64931","12454",
"1600000US2611555","Buena Vista CDP, Michigan","39373","3706",
"1600000US2611800","Burlington village, Michigan","51705","9085",
"1600000US2611920","Burr Oak village, Michigan","64167","7966",
"1600000US2612000","Burt CDP, Michigan","82313","14217",
"1600000US2612060","Burton city, Michigan","55698","3579",
"1600000US2612260","Byron village, Michigan","70417","19817",
"1600000US2612280","Byron Center CDP, Michigan","102376","14980",
"1600000US2612290","Caberfae CDP, Michigan","60000","19157",
"1600000US2612320","Cadillac city, Michigan","45123","4312",
"1600000US2612480","Caledonia village, Michigan","92500","15486",
"1600000US2612580","Calumet village, Michigan","23897","7630",
"1600000US2612680","Cambria CDP, Michigan","42031","36780",
"1600000US2612760","Camden village, Michigan","48529","11687",
"1600000US2612980","Canada Creek Ranch CDP, Michigan","71204","4317",
"1600000US2613010","Canadian Lakes CDP, Michigan","66786","9232",
"1600000US2613100","Cannonsburg CDP, Michigan","69167","24457",
"1600000US2613140","Capac village, Michigan","48485","7537",
"1600000US2613220","Carleton village, Michigan","54028","17618",
"1600000US2613400","Carney village, Michigan","49583","11856",
"1600000US2613420","Caro city, Michigan","44342","6762",
"1600000US2613480","Carp Lake CDP, Michigan","27389","20111",
"1600000US2613600","Carson City city, Michigan","42222","15108",
"1600000US2613620","Carsonville village, Michigan","47500","9021",
"1600000US2613760","Caseville city, Michigan","52917","12094",
"1600000US2613820","Casnovia village, Michigan","69643","16620",
"1600000US2613860","Caspian city, Michigan","44338","6826",
"1600000US2613880","Cass City village, Michigan","54875","10036",
"1600000US2613900","Cassopolis village, Michigan","39107","8039",
"1600000US2614020","Cedar CDP, Michigan","50833","10303",
"1600000US2614200","Cedar Springs city, Michigan","47300","10262",
"1600000US2614260","Cement City village, Michigan","45536","15147",
"1600000US2614320","Center Line city, Michigan","52067","6120",
"1600000US2614400","Central Lake village, Michigan","56550","5499",
"1600000US2614460","Centreville village, Michigan","63393","8950",
"1600000US2614780","Charlevoix city, Michigan","30114","17752",
"1600000US2614820","Charlotte city, Michigan","65507","9266",
"1600000US2614900","Chassell CDP, Michigan","55000","10814",
"1600000US2614940","Chatham village, Michigan","45938","8222",
"1600000US2615000","Cheboygan city, Michigan","39919","5663",
"1600000US2615020","Chelsea city, Michigan","71379","5826",
"1600000US2615140","Chesaning village, Michigan","50785","6059",
"1600000US2615715","Chums Corner CDP, Michigan","68311","19518",
"1600000US2615920","Clare city, Michigan","41384","10885",
"1600000US2616140","Clarksville village, Michigan","62500","24842",
"1600000US2616160","Clawson city, Michigan","82713","5941",
"1600000US2616280","Clayton village, Michigan","57500","8630",
"1600000US2616420","Clifford village, Michigan","48750","5254",
"1600000US2616440","Climax village, Michigan","76000","26599",
"1600000US2616480","Clinton village, Michigan","78472","11468",
"1600000US2616620","Clio city, Michigan","44328","3875",
"1600000US2617020","Coldwater city, Michigan","48531","3286",
"1600000US2617100","Coleman city, Michigan","37292","12999",
"1600000US2617320","Coloma city, Michigan","60481","13129",
"1600000US2617360","Colon village, Michigan","53869","12918",
"1600000US2617460","Columbiaville village, Michigan","58403","11952",
"1600000US2617690","Comstock Northwest CDP, Michigan","70723","5405",
"1600000US2617700","Comstock Park CDP, Michigan","52116","5774",
"1600000US2617740","Concord village, Michigan","59188","6899",
"1600000US2617840","Constantine village, Michigan","66618","15155",
"1600000US2617900","Conway CDP, Michigan","56094","41862",
"1600000US2618020","Coopersville city, Michigan","62995","4441",
"1600000US2618040","Copemish village, Michigan","41250","26825",
"1600000US2618080","Copper City village, Michigan","48333","15479",
"1600000US2618100","Copper Harbor CDP, Michigan","47344","24262",
"1600000US2618300","Corunna city, Michigan","43911","7763",
"1600000US2618580","Covington CDP, Michigan","77813","64725",
"1600000US2618880","Cross Village CDP, Michigan","48333","14071",
"1600000US2618920","Croswell city, Michigan","55732","7222",
"1600000US2619060","Crystal CDP, Michigan","40556","27799",
"1600000US2619135","Crystal Downs Country Club CDP, Michigan","-","**",
"1600000US2619140","Crystal Falls city, Michigan","59236","7497",
"1600000US2619195","Crystal Mountain CDP, Michigan","-","**",
"1600000US2619420","Custer village, Michigan","53250","14331",
"1600000US2619500","Cutlerville CDP, Michigan","62308","6986",
"1600000US2619560","Daggett village, Michigan","47188","15439",
"1600000US2619780","Dansville village, Michigan","106563","15655",
"1600000US2619880","Davison city, Michigan","48750","13195",
"1600000US2621000","Dearborn city, Michigan","64600","2734",
"1600000US2621020","Dearborn Heights city, Michigan","58335","3257",
"1600000US2621040","Decatur village, Michigan","55521","4781",
"1600000US2621100","Deckerville village, Michigan","47298","17889",
"1600000US2621180","Deerfield village, Michigan","70625","7161",
"1600000US2621560","Delton CDP, Michigan","85109","36259",
"1600000US2621780","De Tour Village village, Michigan","45313","18546",
"1600000US2622000","Detroit city, Michigan","37761","820",
"1600000US2622040","Detroit Beach CDP, Michigan","70868","4574",
"1600000US2622120","DeWitt city, Michigan","100100","16990",
"1600000US2622160","Dexter city, Michigan","89671","17996",
"1600000US2622380","Dimondale village, Michigan","112500","20388",
"1600000US2622500","Dodgeville CDP, Michigan","-","**",
"1600000US2622520","Dollar Bay CDP, Michigan","60294","16037",
"1600000US2622660","Dorr CDP, Michigan","90650","10352",
"1600000US2622740","Douglas city, Michigan","75341","14650",
"1600000US2622880","Dowagiac city, Michigan","41864","7898",
"1600000US2622900","Dowling CDP, Michigan","77813","16487",
"1600000US2623140","Dryden village, Michigan","70815","8254",
"1600000US2623380","Dundee village, Michigan","73641","12837",
"1600000US2623500","Durand city, Michigan","54112","12922",
"1600000US2623560","Eagle village, Michigan","88750","51502",
"1600000US2623600","Eagle Harbor CDP, Michigan","83906","15216",
"1600000US2623740","Eagle River CDP, Michigan","55833","23936",
"1600000US2623980","East Grand Rapids city, Michigan","160417","9950",
"1600000US2624020","East Jordan city, Michigan","56761","13885",
"1600000US2624060","Eastlake village, Michigan","51389","5204",
"1600000US2624120","East Lansing city, Michigan","44094","5222",
"1600000US2624290","Eastpointe city, Michigan","57953","5143",
"1600000US2624300","Eastport CDP, Michigan","52443","48310",
"1600000US2624420","East Tawas city, Michigan","40833","4278",
"1600000US2624500","Eastwood CDP, Michigan","54231","13770",
"1600000US2624540","Eaton Rapids city, Michigan","62708","5167",
"1600000US2624580","Eau Claire village, Michigan","61667","27141",
"1600000US2624740","Ecorse city, Michigan","45473","7200",
"1600000US2624880","Edgemont Park CDP, Michigan","61042","7611",
"1600000US2625000","Edmore village, Michigan","51029","15124",
"1600000US2625040","Edwardsburg village, Michigan","53021","7154",
"1600000US2625180","Elberta village, Michigan","84500","64995",
"1600000US2625320","Elk Rapids village, Michigan","77396","13386",
"1600000US2625360","Elkton village, Michigan","45625","10494",
"1600000US2625420","Ellsworth village, Michigan","56250","27628",
"1600000US2625580","Elm Hall CDP, Michigan","-","**",
"1600000US2625780","Elsie village, Michigan","57588","6802",
"1600000US2625940","Emmett village, Michigan","112656","62254",
"1600000US2625980","Empire village, Michigan","66563","10497",
"1600000US2626360","Escanaba city, Michigan","38457","5412",
"1600000US2626420","Essexville city, Michigan","72516","14570",
"1600000US2626460","Estral Beach village, Michigan","65357","15251",
"1600000US2626500","Eureka CDP, Michigan","88750","29892",
"1600000US2626640","Evart city, Michigan","37344","9844",
"1600000US2626820","Ewen CDP, Michigan","42813","34710",
"1600000US2627080","Fairgrove village, Michigan","34583","17726",
"1600000US2627160","Fair Plain CDP, Michigan","50170","12286",
"1600000US2627320","Falmouth CDP, Michigan","32778","17161",
"1600000US2627380","Farmington city, Michigan","92128","5420",
"1600000US2627440","Farmington Hills city, Michigan","101728","4648",
"1600000US2627500","Farwell village, Michigan","38542","6185",
"1600000US2627740","Fennville city, Michigan","55625","16887",
"1600000US2627760","Fenton city, Michigan","76195","9144",
"1600000US2627880","Ferndale city, Michigan","86120","3428",
"1600000US2627960","Ferrysburg city, Michigan","67022","31004",
"1600000US2628000","Fife Lake village, Michigan","67083","16077",
"1600000US2628060","Filer City CDP, Michigan","84250","52230",
"1600000US2628360","Flat Rock city, Michigan","65374","5338",
"1600000US2629000","Flint city, Michigan","35451","1756",
"1600000US2629200","Flushing city, Michigan","75813","6250",
"1600000US2629580","Forest Hills CDP, Michigan","150153","10272",
"1600000US2629660","Forestville village, Michigan","42500","24854",
"1600000US2629920","Fostoria CDP, Michigan","91217","4111",
"1600000US2629940","Fountain village, Michigan","55000","31511",
"1600000US2630040","Fowler village, Michigan","69506","4213",
"1600000US2630060","Fowlerville village, Michigan","53977","18043",
"1600000US2630200","Frankenmuth city, Michigan","80956","17992",
"1600000US2630260","Frankfort city, Michigan","49219","7175",
"1600000US2630340","Franklin village, Michigan","178167","17219",
"1600000US2630420","Fraser city, Michigan","61039","5830",
"1600000US2630540","Freeland CDP, Michigan","95478","8611",
"1600000US2630580","Freeport village, Michigan","64861","11956",
"1600000US2630600","Free Soil village, Michigan","44250","17651",
"1600000US2630700","Fremont city, Michigan","53125","20126",
"1600000US2631000","Fruitport village, Michigan","79375","20057",
"1600000US2631120","Fulton CDP, Michigan","43409","32304",
"1600000US2631160","Gaastra city, Michigan","55000","11512",
"1600000US2631180","Gagetown village, Michigan","47000","18439",
"1600000US2631200","Gaines village, Michigan","63750","18284",
"1600000US2631260","Galesburg city, Michigan","45385","8970",
"1600000US2631300","Galien village, Michigan","49750","10524",
"1600000US2631380","Garden village, Michigan","34722","7942",
"1600000US2631420","Garden City city, Michigan","63630","3945",
"1600000US2631720","Gaylord city, Michigan","38697","12957",
"1600000US2632020","Gibraltar city, Michigan","80392","6333",
"1600000US2632300","Gladstone city, Michigan","59133","10278",
"1600000US2632320","Gladwin city, Michigan","47946","11124",
"1600000US2632360","Glen Arbor CDP, Michigan","-","**",
"1600000US2632640","Gobles city, Michigan","39423","18392",
"1600000US2632980","Goodrich village, Michigan","103438","12944",
"1600000US2633260","Grand Beach village, Michigan","101875","53870",
"1600000US2633280","Grand Blanc city, Michigan","70518","10444",
"1600000US2633340","Grand Haven city, Michigan","57650","5726",
"1600000US2633420","Grand Ledge city, Michigan","71179","7136",
"1600000US2633440","Grand Marais CDP, Michigan","48750","16286",
"1600000US2634000","Grand Rapids city, Michigan","61634","1910",
"1600000US2634160","Grandville city, Michigan","76344","2663",
"1600000US2634360","Grant city, Michigan","44837","12973",
"1600000US2634480","Grass Lake village, Michigan","75921","17916",
"1600000US2634620","Grawn CDP, Michigan","65795","22728",
"1600000US2634640","Grayling city, Michigan","30417","8871",
"1600000US2634980","Greenland CDP, Michigan","48654","10290",
"1600000US2635100","Greenville city, Michigan","50332","6509",
"1600000US2635300","Greilickville CDP, Michigan","73553","16284",
"1600000US2635480","Grosse Pointe city, Michigan","136094","18383",
"1600000US2635520","Grosse Pointe Farms city, Michigan","156465","18882",
"1600000US2635540","Grosse Pointe Park city, Michigan","128333","24115",
"1600000US2635580","Grosse Pointe Woods city, Michigan","125712","8069",
"1600000US2635760","Gwinn CDP, Michigan","49539","20976",
"1600000US2636280","Hamtramck city, Michigan","39648","4261",
"1600000US2636300","Hancock city, Michigan","46970","8508",
"1600000US2636380","Hanover village, Michigan","65250","11497",
"1600000US2636460","Harbor Beach city, Michigan","42583","6325",
"1600000US2636560","Harbor Springs city, Michigan","66146","11417",
"1600000US2636585","Hardwood Acres CDP, Michigan","101026","9069",
"1600000US2636590","Haring CDP, Michigan","72548","20371",
"1600000US2636700","Harper Woods city, Michigan","60030","5256",
"1600000US2636720","Harrietta village, Michigan","48333","17339",
"1600000US2636800","Harrison city, Michigan","35938","4407",
"1600000US2636860","Harrisville city, Michigan","35375","6978",
"1600000US2636920","Hart city, Michigan","56979","7716",
"1600000US2636960","Hartford city, Michigan","35705","6161",
"1600000US2637020","Hartland CDP, Michigan","107757","40864",
"1600000US2637080","Harvey CDP, Michigan","74093","14370",
"1600000US2637100","Haslett CDP, Michigan","72380","4650",
"1600000US2637120","Hastings city, Michigan","54118","6599",
"1600000US2637420","Hazel Park city, Michigan","59576","5676",
"1600000US2637600","Hemlock CDP, Michigan","58787","17677",
"1600000US2637620","Henderson CDP, Michigan","76750","23749",
"1600000US2637760","Hermansville CDP, Michigan","56250","27720",
"1600000US2637820","Hersey village, Michigan","54500","10960",
"1600000US2637860","Hesperia village, Michigan","37500","9328",
"1600000US2637960","Hickory Corners CDP, Michigan","-","**",
"1600000US2638180","Highland Park city, Michigan","30341","7687",
"1600000US2638380","Hillman village, Michigan","34309","5875",
"1600000US2638460","Hillsdale city, Michigan","47205","3276",
"1600000US2638640","Holland city, Michigan","69152","7463",
"1600000US2638700","Holly village, Michigan","58957","6237",
"1600000US2638780","Holt CDP, Michigan","83722","5700",
"1600000US2638920","Homer village, Michigan","45257","6389",
"1600000US2639080","Honor village, Michigan","51250","35671",
"1600000US2639180","Hopkins village, Michigan","74375","17699",
"1600000US2639340","Horton Bay CDP, Michigan","73929","7346",
"1600000US2639360","Houghton city, Michigan","29821","10919",
"1600000US2639400","Houghton Lake CDP, Michigan","44432","9671",
"1600000US2639500","Howard City village, Michigan","52009","10291",
"1600000US2639540","Howell city, Michigan","53953","3130",
"1600000US2639634","Hubbard Lake CDP, Michigan","66172","8313",
"1600000US2639660","Hubbardston village, Michigan","57292","10050",
"1600000US2639680","Hubbell CDP, Michigan","48750","11890",
"1600000US2639720","Hudson city, Michigan","50125","14586",
"1600000US2639800","Hudsonville city, Michigan","86000","3525",
"1600000US2640000","Huntington Woods city, Michigan","184815","17488",
"1600000US2640160","Hurontown CDP, Michigan","57250","51319",
"1600000US2640240","Ida CDP, Michigan","99464","30062",
"1600000US2640320","Imlay City city, Michigan","52721","21239",
"1600000US2640480","Indian River CDP, Michigan","57148","20157",
"1600000US2640680","Inkster city, Michigan","38381","5849",
"1600000US2640800","Interlochen CDP, Michigan","96250","76941",
"1600000US2640860","Ionia city, Michigan","60413","4347",
"1600000US2640960","Iron Mountain city, Michigan","53215","3293",
"1600000US2640980","Iron River city, Michigan","48333","14454",
"1600000US2641040","Ironton CDP, Michigan","88333","53676",
"1600000US2641060","Ironwood city, Michigan","35722","7818",
"1600000US2641220","Ishpeming city, Michigan","53202","5511",
"1600000US2641340","Ithaca city, Michigan","60389","6853",
"1600000US2641420","Jackson city, Michigan","41988","2300",
"1600000US2641540","Jasper CDP, Michigan","56250","22551",
"1600000US2641680","Jenison CDP, Michigan","80043","4600",
"1600000US2641720","Jennings CDP, Michigan","39000","20269",
"1600000US2641920","Jonesville city, Michigan","51574","9050",
"1600000US2642160","Kalamazoo city, Michigan","48649","2260",
"1600000US2642240","Kaleva village, Michigan","40000","9370",
"1600000US2642260","Kalkaska village, Michigan","43514","6571",
"1600000US2642460","Keego Harbor city, Michigan","67841","14122",
"1600000US2642780","Kent City village, Michigan","68542","18589",
"1600000US2642820","Kentwood city, Michigan","66945","3547",
"1600000US2643180","Kincheloe CDP, Michigan","44896","13823",
"1600000US2643220","Kinde village, Michigan","52188","20617",
"1600000US2643300","Kingsford city, Michigan","59106","2494",
"1600000US2643340","Kingsley village, Michigan","65060","10985",
"1600000US2643380","Kingston village, Michigan","51719","11858",
"1600000US2643558","K. I. Sawyer CDP, Michigan","52301","7132",
"1600000US2644200","Laingsburg city, Michigan","74135","16823",
"1600000US2644440","Lake Angelus city, Michigan","223750","84447",
"1600000US2644460","Lake Ann village, Michigan","83750","35481",
"1600000US2644480","Lake City city, Michigan","57868","8714",
"1600000US2644520","Lake Fenton CDP, Michigan","108887","10733",
"1600000US2644620","Lake Gogebic CDP, Michigan","34306","11716",
"1600000US2644715","Lake Isabella village, Michigan","69468","7968",
"1600000US2644752","Lake LeAnn CDP, Michigan","76875","10983",
"1600000US2644760","Lake Leelanau CDP, Michigan","48125","44366",
"1600000US2644780","Lake Linden village, Michigan","43021","4353",
"1600000US2644820","Lake Michigan Beach CDP, Michigan","81023","15922",
"1600000US2644880","Lake Odessa village, Michigan","66397","23940",
"1600000US2644940","Lake Orion village, Michigan","94925","12520",
"1600000US2645000","Lakeport CDP, Michigan","47801","11793",
"1600000US2645144","Lakes of the North CDP, Michigan","62179","12362",
"1600000US2645190","Lake Victoria CDP, Michigan","115714","31464",
"1600000US2645240","Lakeview village, Michigan","29956","11456",
"1600000US2645340","Lakewood Club village, Michigan","63796","8329",
"1600000US2645420","Lambertville CDP, Michigan","100461","15321",
"1600000US2645440","Lamont CDP, Michigan","163348","33547",
"1600000US2645540","L'Anse village, Michigan","52869","5010",
"1600000US2646000","Lansing city, Michigan","50747","1752",
"1600000US2646040","Lapeer city, Michigan","50510","5715",
"1600000US2646320","Lathrup Village city, Michigan","97750","14570",
"1600000US2646360","Laurium village, Michigan","42292","11531",
"1600000US2646440","Lawrence village, Michigan","41250","24569",
"1600000US2646500","Lawton village, Michigan","56230","4305",
"1600000US2646800","Leland CDP, Michigan","96719","29038",
"1600000US2646880","Lennon village, Michigan","61786","19613",
"1600000US2646940","Leonard village, Michigan","82500","22692",
"1600000US2647100","Le Roy village, Michigan","81591","8339",
"1600000US2647180","Leslie city, Michigan","68920","7045",
"1600000US2647230","Level Park-Oak Park CDP, Michigan","60648","13499",
"1600000US2647240","Levering CDP, Michigan","-","**",
"1600000US2647260","Lewiston CDP, Michigan","42019","8794",
"1600000US2647280","Lexington village, Michigan","41989","7739",
"1600000US2647560","Lincoln village, Michigan","28125","12714",
"1600000US2647800","Lincoln Park city, Michigan","55777","2837",
"1600000US2647820","Linden city, Michigan","85917","17280",
"1600000US2647980","Litchfield city, Michigan","50991","4608",
"1600000US2649000","Livonia city, Michigan","92458","2257",
"1600000US2649400","Loomis CDP, Michigan","61000","9167",
"1600000US2649450","Lost Lake Woods CDP, Michigan","61205","5501",
"1600000US2649540","Lowell city, Michigan","59712","14955",
"1600000US2649640","Ludington city, Michigan","49503","7531",
"1600000US2649700","Luna Pier city, Michigan","48073","11529",
"1600000US2649720","Lupton CDP, Michigan","58750","14150",
"1600000US2649740","Luther village, Michigan","50278","11712",
"1600000US2649900","Lyons village, Michigan","69023","4530",
"1600000US2649980","McBain city, Michigan","45000","13217",
"1600000US2650000","McBride village, Michigan","49750","16117",
"1600000US2650280","Mackinac Island city, Michigan","79500","19742",
"1600000US2650320","Mackinaw City village, Michigan","40804","8430",
"1600000US2650560","Madison Heights city, Michigan","63224","4323",
"1600000US2650620","Mancelona village, Michigan","50329","5669",
"1600000US2650660","Manchester village, Michigan","77895","9828",
"1600000US2650720","Manistee city, Michigan","57813","3837",
"1600000US2650755","Manistee Lake CDP, Michigan","51477","2864",
"1600000US2650760","Manistique city, Michigan","36588","5418",
"1600000US2650830","Manitou Beach-Devils Lake CDP, Michigan","82016","16186",
"1600000US2650880","Manton city, Michigan","43362","3262",
"1600000US2650920","Maple City CDP, Michigan","93333","60989",
"1600000US2650970","Maple Grove CDP, Michigan","146125","123962",
"1600000US2651200","Maple Rapids village, Michigan","51875","13260",
"1600000US2651460","Marcellus village, Michigan","66731","23452",
"1600000US2651540","Marenisco CDP, Michigan","39306","21196",
"1600000US2651600","Marine City city, Michigan","61270","18126",
"1600000US2651660","Marion village, Michigan","38438","10579",
"1600000US2651820","Marlette city, Michigan","35000","6341",
"1600000US2651900","Marquette city, Michigan","51599","3075",
"1600000US2651940","Marshall city, Michigan","72813","6347",
"1600000US2651980","Martin village, Michigan","51875","15888",
"1600000US2652080","Marysville city, Michigan","67548","9629",
"1600000US2652180","Mason city, Michigan","75000","7772",
"1600000US2652280","Mass City CDP, Michigan","58125","17285",
"1600000US2652380","Mattawan village, Michigan","75317","20800",
"1600000US2652440","Maybee village, Michigan","54375","10168",
"1600000US2652540","Mayville village, Michigan","44861","13906",
"1600000US2652720","Mears CDP, Michigan","38958","34353",
"1600000US2652760","Mecosta village, Michigan","67500","9149",
"1600000US2652920","Melvin village, Michigan","45139","12566",
"1600000US2652940","Melvindale city, Michigan","38918","4494",
"1600000US2652960","Memphis city, Michigan","58423","3741",
"1600000US2652980","Mendon village, Michigan","78239","6736",
"1600000US2653020","Menominee city, Michigan","46821","3500",
"1600000US2653180","Merrill village, Michigan","43523","10431",
"1600000US2653320","Mesick village, Michigan","22308","11776",
"1600000US2653340","Metamora village, Michigan","78654","15073",
"1600000US2653500","Michiana village, Michigan","157917","38931",
"1600000US2653520","Michigamme CDP, Michigan","42917","17211",
"1600000US2653580","Michigan Center CDP, Michigan","64286","16509",
"1600000US2653730","Middletown CDP, Michigan","43850","9960",
"1600000US2653760","Middleville village, Michigan","67759","14648",
"1600000US2653780","Midland city, Michigan","71809","4834",
"1600000US2653920","Milan city, Michigan","89600","9985",
"1600000US2653960","Milford village, Michigan","98054","7917",
"1600000US2654025","Millburg CDP, Michigan","53542","40920",
"1600000US2654120","Millersburg village, Michigan","41875","12542",
"1600000US2654132","Millers Lake CDP, Michigan","66163","706",
"1600000US2654220","Millington village, Michigan","55486","14158",
"1600000US2654560","Minden City village, Michigan","44667","16315",
"1600000US2654660","Mio CDP, Michigan","43750","3491",
"1600000US2654820","Mohawk CDP, Michigan","44009","2080",
"1600000US2655020","Monroe city, Michigan","57779","4434",
"1600000US2655100","Montague city, Michigan","70547","8329",
"1600000US2655220","Montgomery village, Michigan","50938","22893",
"1600000US2655280","Montrose city, Michigan","41750","6277",
"1600000US2655500","Morenci city, Michigan","49358","6557",
"1600000US2655540","Morley village, Michigan","33750","20817",
"1600000US2655560","Morrice village, Michigan","65833","10907",
"1600000US2655820","Mount Clemens city, Michigan","55154","5243",
"1600000US2655960","Mount Morris city, Michigan","40714","8387",
"1600000US2656020","Mount Pleasant city, Michigan","41512","3280",
"1600000US2656080","Muir village, Michigan","49297","9472",
"1600000US2656140","Mulliken village, Michigan","74063","17112",
"1600000US2656200","Munising city, Michigan","50069","6863",
"1600000US2656320","Muskegon city, Michigan","40900","2503",
"1600000US2656360","Muskegon Heights city, Michigan","35216","2984",
"1600000US2656620","Napoleon CDP, Michigan","45391","31912",
"1600000US2656680","Nashville village, Michigan","50938","7031",
"1600000US2656760","Naubinway CDP, Michigan","-","**",
"1600000US2656860","Negaunee city, Michigan","61077","7136",
"1600000US2656960","Nessen City CDP, Michigan","33750","27617",
"1600000US2657080","Newaygo city, Michigan","45733","10863",
"1600000US2657100","New Baltimore city, Michigan","90028","11853",
"1600000US2657140","Newberry village, Michigan","45213","8486",
"1600000US2657220","New Buffalo city, Michigan","61875","16350",
"1600000US2657280","New Era village, Michigan","79688","19013",
"1600000US2657380","New Haven village, Michigan","63424","11009",
"1600000US2657520","New Lothrop village, Michigan","67404","18267",
"1600000US2657660","New Troy CDP, Michigan","63906","19630",
"1600000US2657760","Niles city, Michigan","42181","7532",
"1600000US2657920","North Adams village, Michigan","53000","17015",
"1600000US2658080","North Branch village, Michigan","41500","15655",
"1600000US2658640","North Muskegon city, Michigan","99924","11666",
"1600000US2658740","Northport village, Michigan","68393","26722",
"1600000US2658945","Northview CDP, Michigan","77783","11341",
"1600000US2658980","Northville city, Michigan","134330","23560",
"1600000US2659140","Norton Shores city, Michigan","72699","5359",
"1600000US2659220","Norway city, Michigan","49261","11679",
"1600000US2659320","Norwood CDP, Michigan","74500","17671",
"1600000US2659440","Novi city, Michigan","110588","4695",
"1600000US2659520","Nunica CDP, Michigan","56420","37800",
"1600000US2659740","Oak Hill CDP, Michigan","54828","20597",
"1600000US2659860","Oakley village, Michigan","47031","10948",
"1600000US2659920","Oak Park city, Michigan","61991","7061",
"1600000US2660180","Oden CDP, Michigan","58017","29650",
"1600000US2660340","Okemos CDP, Michigan","88298","10033",
"1600000US2660580","Olivet city, Michigan","43563","6259",
"1600000US2660640","Omena CDP, Michigan","95750","56992",
"1600000US2660660","Omer city, Michigan","47917","6054",
"1600000US2660680","Onaway city, Michigan","35625","7458",
"1600000US2660740","Onekama village, Michigan","50417","39686",
"1600000US2660840","Onsted village, Michigan","63846","4006",
"1600000US2660860","Ontonagon village, Michigan","41734","3966",
"1600000US2661020","Orchard Lake Village city, Michigan","206750","27119",
"1600000US2661220","Ortonville village, Michigan","92411","12954",
"1600000US2661320","Oscoda CDP, Michigan","40242","10611",
"1600000US2661500","Ossineke CDP, Michigan","49340","9959",
"1600000US2661600","Otisville village, Michigan","58056","17503",
"1600000US2661620","Otsego city, Michigan","68490","7423",
"1600000US2661760","Otter Lake village, Michigan","41563","12709",
"1600000US2661860","Ovid city, Michigan","49266","5825",
"1600000US2661920","Owendale village, Michigan","68281","27774",
"1600000US2661940","Owosso city, Michigan","51794","4762",
"1600000US2662020","Oxford village, Michigan","79306","8259",
"1600000US2662120","Painesdale CDP, Michigan","70000","20408",
"1600000US2662180","Palmer CDP, Michigan","59615","3837",
"1600000US2662260","Palo CDP, Michigan","31951","26816",
"1600000US2662340","Parchment city, Michigan","60223","18431",
"1600000US2662400","Paris CDP, Michigan","30469","23243",
"1600000US2662500","Parkdale CDP, Michigan","35192","4007",
"1600000US2662740","Parma village, Michigan","69830","9623",
"1600000US2662980","Paw Paw village, Michigan","46516","11012",
"1600000US2663020","Paw Paw Lake CDP, Michigan","58260","7397",
"1600000US2663200","Pearl Beach CDP, Michigan","72490","13418",
"1600000US2663260","Peck village, Michigan","49083","2767",
"1600000US2663280","Pelkie CDP, Michigan","-","**",
"1600000US2663300","Pellston village, Michigan","50227","9230",
"1600000US2663540","Pentwater village, Michigan","72898","7217",
"1600000US2663660","Perrinton village, Michigan","51339","10001",
"1600000US2663700","Perry city, Michigan","69306","17748",
"1600000US2663800","Petersburg city, Michigan","67778","12923",
"1600000US2663820","Petoskey city, Michigan","69784","10999",
"1600000US2663900","Pewamo village, Michigan","70938","14343",
"1600000US2664020","Pierson village, Michigan","33750","19409",
"1600000US2664060","Pigeon village, Michigan","53750","9208",
"1600000US2664100","Pilgrim CDP, Michigan","-","**",
"1600000US2664140","Pinckney village, Michigan","88894","10180",
"1600000US2664160","Pinconning city, Michigan","68438","15490",
"1600000US2664600","Pittsford CDP, Michigan","45294","28779",
"1600000US2664740","Plainwell city, Michigan","61086","8617",
"1600000US2664900","Pleasant Ridge city, Michigan","164861","27606",
"1600000US2665060","Plymouth city, Michigan","107156","14228",
"1600000US2665420","Ponshewaing CDP, Michigan","-","**",
"1600000US2665440","Pontiac city, Michigan","40307","3507",
"1600000US2665560","Portage city, Michigan","74837","3091",
"1600000US2665680","Port Austin village, Michigan","53125","14860",
"1600000US2665800","Port Hope village, Michigan","45000","13131",
"1600000US2665820","Port Huron city, Michigan","47906","2680",
"1600000US2665860","Portland city, Michigan","61902","12149",
"1600000US2665900","Port Sanilac village, Michigan","50078","11813",
"1600000US2666000","Posen village, Michigan","44519","6904",
"1600000US2666100","Potterville city, Michigan","59250","13102",
"1600000US2666140","Powers village, Michigan","36563","9566",
"1600000US2666300","Prescott village, Michigan","53550","6009",
"1600000US2666343","Presque Isle Harbor CDP, Michigan","96630","8805",
"1600000US2666400","Prudenville CDP, Michigan","51055","15742",
"1600000US2666640","Quincy village, Michigan","47275","11076",
"1600000US2666720","Quinnesec CDP, Michigan","66715","27179",
"1600000US2666980","Ramsay CDP, Michigan","57708","18672",
"1600000US2667140","Rapid City CDP, Michigan","63611","7827",
"1600000US2667160","Rapid River CDP, Michigan","38854","29899",
"1600000US2667280","Ravenna village, Michigan","70208","13746",
"1600000US2667500","Reading city, Michigan","46681","8830",
"1600000US2667820","Reed City city, Michigan","47250","10449",
"1600000US2667900","Reese village, Michigan","81583","12288",
"1600000US2667980","Republic CDP, Michigan","39500","10651",
"1600000US2668240","Richland village, Michigan","78068","15423",
"1600000US2668380","Richmond city, Michigan","64154","9563",
"1600000US2668720","Riverdale CDP, Michigan","-","**",
"1600000US2668760","River Rouge city, Michigan","26343","7362",
"1600000US2668880","Riverview city, Michigan","69323","4411",
"1600000US2668990","Robin Glen-Indiantown CDP, Michigan","59471","25914",
"1600000US2669020","Rochester city, Michigan","102838","10114",
"1600000US2669035","Rochester Hills city, Michigan","115968","3571",
"1600000US2669060","Rock CDP, Michigan","80313","21126",
"1600000US2669080","Rockford city, Michigan","100380","19643",
"1600000US2669120","Rockland CDP, Michigan","41875","10215",
"1600000US2669180","Rockwood city, Michigan","93036","15473",
"1600000US2669260","Rogers City city, Michigan","53673","6272",
"1600000US2669400","Romeo village, Michigan","59693","12757",
"1600000US2669420","Romulus city, Michigan","63854","6865",
"1600000US2669520","Roosevelt Park city, Michigan","62407","14588",
"1600000US2669540","Roscommon village, Michigan","48967","11897",
"1600000US2669640","Rosebush village, Michigan","36563","12246",
"1600000US2669680","Rose City city, Michigan","26429","11515",
"1600000US2669800","Roseville city, Michigan","57274","2146",
"1600000US2669880","Rothbury village, Michigan","46204","1735",
"1600000US2670040","Royal Oak city, Michigan","92799","3664",
"1600000US2670160","Ruby CDP, Michigan","67917","21410",
"1600000US2670520","Saginaw city, Michigan","35521","2041",
"1600000US2670640","St. Charles village, Michigan","51875","14188",
"1600000US2670680","St. Clair city, Michigan","71771","16574",
"1600000US2670760","St. Clair Shores city, Michigan","71481","3019",
"1600000US2670800","St. Helen CDP, Michigan","38445","1856",
"1600000US2670840","St. Ignace city, Michigan","56761","4004",
"1600000US2670900","St. James CDP, Michigan","62750","14621",
"1600000US2670940","St. Johns city, Michigan","60991","9016",
"1600000US2670960","St. Joseph city, Michigan","79103","13510",
"1600000US2671000","St. Louis city, Michigan","47662","8384",
"1600000US2671140","Saline city, Michigan","88388","3370",
"1600000US2671340","Sand Lake CDP, Michigan","46250","9402",
"1600000US2671360","Sand Lake village, Michigan","-","**",
"1600000US2671540","Sandusky city, Michigan","47468","12868",
"1600000US2671560","Sanford village, Michigan","61429","16366",
"1600000US2671660","Saranac village, Michigan","71875","22129",
"1600000US2671700","Saugatuck city, Michigan","113309","17176",
"1600000US2671740","Sault Ste. Marie city, Michigan","50284","6159",
"1600000US2671860","Schoolcraft village, Michigan","82500","13811",
"1600000US2672060","Scotts CDP, Michigan","85170","36438",
"1600000US2672080","Scottville city, Michigan","47643","14558",
"1600000US2672180","Sebewaing village, Michigan","44441","6916",
"1600000US2672700","Shaftsburg CDP, Michigan","88438","31093",
"1600000US2672840","Shelby village, Michigan","51316","12676",
"1600000US2672960","Shepherd village, Michigan","75000","9170",
"1600000US2673100","Sheridan village, Michigan","53750","13329",
"1600000US2673420","Sherwood village, Michigan","53092","8016",
"1600000US2673560","Shields CDP, Michigan","80861","7088",
"1600000US2673660","Shoreham village, Michigan","98889","10632",
"1600000US2673730","Shorewood-Tower Hills-Harbert CDP, Michigan","77674","15240",
"1600000US2674120","Skanee CDP, Michigan","87813","47409",
"1600000US2674200","Skidway Lake CDP, Michigan","33503","3471",
"1600000US2674380","Snover CDP, Michigan","44948","15013",
"1600000US2674740","South Boardman CDP, Michigan","56111","35636",
"1600000US2674900","Southfield city, Michigan","63980","3171",
"1600000US2674960","Southgate city, Michigan","62792","4049",
"1600000US2674975","South Gull Lake CDP, Michigan","-","**",
"1600000US2674980","South Haven city, Michigan","63202","6163",
"1600000US2675100","South Lyon city, Michigan","82753","9742",
"1600000US2675140","South Monroe CDP, Michigan","51518","14404",
"1600000US2675220","South Range village, Michigan","46250","9945",
"1600000US2675280","South Rockwood village, Michigan","82500","15489",
"1600000US2675420","Sparta village, Michigan","55033","4272",
"1600000US2675620","Spring Arbor CDP, Michigan","78393","26218",
"1600000US2675700","Springfield city, Michigan","40091","7520",
"1600000US2675820","Spring Lake village, Michigan","71813","13130",
"1600000US2675860","Springport village, Michigan","51607","12570",
"1600000US2676120","Standish city, Michigan","31471","8515",
"1600000US2676220","Stanton city, Michigan","42083","16537",
"1600000US2676240","Stanwood village, Michigan","53750","24917",
"1600000US2676380","Stephenson city, Michigan","52740","9665",
"1600000US2676420","Sterling village, Michigan","54000","9637",
"1600000US2676460","Sterling Heights city, Michigan","75381","2491",
"1600000US2676500","Stevensville village, Michigan","71823","5226",
"1600000US2676560","Stockbridge village, Michigan","46316","14421",
"1600000US2676720","Stony Point CDP, Michigan","65240","15638",
"1600000US2676820","Stronach CDP, Michigan","55000","13685",
"1600000US2676960","Sturgis city, Michigan","56337","5052",
"1600000US2677420","Sunfield village, Michigan","66827","8887",
"1600000US2677600","Suttons Bay village, Michigan","108750","32956",
"1600000US2677700","Swartz Creek city, Michigan","70210","13334",
"1600000US2677860","Sylvan Lake city, Michigan","96900","13062",
"1600000US2678140","Tawas City city, Michigan","51143","4561",
"1600000US2679000","Taylor city, Michigan","59352","2985",
"1600000US2679120","Tecumseh city, Michigan","65638","5221",
"1600000US2679160","Tekonsha village, Michigan","59063","10721",
"1600000US2679240","Temperance CDP, Michigan","75734","12073",
"1600000US2679600","Thompsonville village, Michigan","58929","11261",
"1600000US2679680","Three Lakes CDP, Michigan","84750","35926",
"1600000US2679720","Three Oaks village, Michigan","57083","9241",
"1600000US2679760","Three Rivers city, Michigan","49018","7008",
"1600000US2680200","Tower CDP, Michigan","49000","30605",
"1600000US2680340","Traverse City city, Michigan","70700","6736",
"1600000US2680420","Trenton city, Michigan","74267","5413",
"1600000US2680480","Trimountain CDP, Michigan","41344","2071",
"1600000US2680660","Trowbridge Park CDP, Michigan","63138","11810",
"1600000US2680700","Troy city, Michigan","115639","3420",
"1600000US2680720","Trufant CDP, Michigan","78393","24572",
"1600000US2680820","Turner village, Michigan","41250","27773",
"1600000US2680960","Tustin village, Michigan","68438","17186",
"1600000US2681020","Twining village, Michigan","42125","25211",
"1600000US2681040","Twin Lake CDP, Michigan","78322","27633",
"1600000US2681200","Ubly village, Michigan","55750","3742",
"1600000US2681360","Union City village, Michigan","53229","12165",
"1600000US2681420","Unionville village, Michigan","72007","6655",
"1600000US2681540","Utica city, Michigan","52247","6920",
"1600000US2681680","Vandalia village, Michigan","58750","15335",
"1600000US2681700","Vanderbilt village, Michigan","39821","22712",
"1600000US2681740","Vandercook Lake CDP, Michigan","51332","10976",
"1600000US2681840","Vassar city, Michigan","55833","8575",
"1600000US2681960","Vermontville village, Michigan","46797","9713",
"1600000US2682020","Vernon village, Michigan","75227","18265",
"1600000US2682300","Vicksburg village, Michigan","65440","9313",
"1600000US2682450","Village of Clarkston city, Michigan","95313","13940",
"1600000US2682453","Village of Grosse Pointe Shores city, Michigan","170850","31572",
"1600000US2682490","Vineyard Lake CDP, Michigan","93472","61250",
"1600000US2682680","Wacousta CDP, Michigan","96343","35249",
"1600000US2682780","Wakefield city, Michigan","41837","4548",
"1600000US2682880","Waldron village, Michigan","51964","13119",
"1600000US2682960","Walker city, Michigan","72020","3162",
"1600000US2683020","Walkerville village, Michigan","31625","8233",
"1600000US2683060","Walled Lake city, Michigan","65031","7116",
"1600000US2683140","Walloon Lake CDP, Michigan","89531","37173",
"1600000US2684000","Warren city, Michigan","61633","1891",
"1600000US2684360","Watersmeet CDP, Michigan","49333","28462",
"1600000US2684500","Watervliet city, Michigan","54013","8770",
"1600000US2684800","Waverly CDP, Michigan","74909","5371",
"1600000US2684880","Wayland city, Michigan","63500","13728",
"1600000US2684940","Wayne city, Michigan","52709","4033",
"1600000US2685080","Webberville village, Michigan","52461","9092",
"1600000US2685110","Wedgewood CDP, Michigan","125938","58767",
"1600000US2685140","Weidman CDP, Michigan","52826","21280",
"1600000US2685300","Wellston CDP, Michigan","35156","12768",
"1600000US2685580","West Branch city, Michigan","41741","5168",
"1600000US2685700","West Ishpeming CDP, Michigan","78750","16460",
"1600000US2686000","Westland city, Michigan","59930","2367",
"1600000US2686050","West Monroe CDP, Michigan","48109","4191",
"1600000US2686120","Westphalia village, Michigan","72188","23843",
"1600000US2686380","Westwood CDP, Michigan","61348","6454",
"1600000US2686680","White Cloud city, Michigan","45682","14930",
"1600000US2686780","Whitehall city, Michigan","62750","20068",
"1600000US2686920","White Pigeon village, Michigan","46750","14401",
"1600000US2686960","White Pine CDP, Michigan","44602","2235",
"1600000US2687060","Whitmore Lake CDP, Michigan","76653","7843",
"1600000US2687140","Whittemore city, Michigan","29667","6273",
"1600000US2687420","Williamston city, Michigan","76086","18239",
"1600000US2687920","Winn CDP, Michigan","-","**",
"1600000US2688140","Wixom city, Michigan","72896","7716",
"1600000US2688220","Wolf Lake CDP, Michigan","48836","12967",
"1600000US2688240","Wolverine village, Michigan","33750","29321",
"1600000US2688260","Wolverine Lake village, Michigan","85195","23884",
"1600000US2688380","Woodhaven city, Michigan","77725","10227",
"1600000US2688420","Woodland village, Michigan","52188","13311",
"1600000US2688480","Woodland Beach CDP, Michigan","67797","11909",
"1600000US2688900","Wyandotte city, Michigan","62111","3913",
"1600000US2688940","Wyoming city, Michigan","67234","3601",
"1600000US2689000","Yale city, Michigan","50451","6936",
"1600000US2689140","Ypsilanti city, Michigan","41914","4691",
"1600000US2689240","Zeba CDP, Michigan","36250","16908",
"1600000US2689260","Zeeland city, Michigan","60505","20763",
"1600000US2689320","Zilwaukee city, Michigan","54769","16041",
"400C200US00577","Adrian, MI Urban Area (2020)","47382","3478",
"400C200US01090","Albion, MI Urban Area (2020)","41047","4293",
"400C200US01441","Allegan, MI Urban Area (2020)","58194","12881",
"400C200US01450","Allendale, MI Urban Area (2020)","62205","4322",
"400C200US01630","Alma--St. Louis, MI Urban Area (2020)","49982","5810",
"400C200US01684","Alpena, MI Urban Area (2020)","45316","3330",
"400C200US02602","Ann Arbor, MI Urban Area (2020)","76054","2440",
"400C200US04146","Au Gres, MI Urban Area (2020)","55096","6761",
"400C200US05707","Battle Creek, MI Urban Area (2020)","51894","2171",
"400C200US05869","Bay City, MI Urban Area (2020)","50108","2385",
"400C200US06301","Belding, MI Urban Area (2020)","51324","3421",
"400C200US07138","Benton Harbor--Lincoln--St. Joseph, MI Urban Area (2020)","59524","2193",
"400C200US07624","Big Rapids, MI Urban Area (2020)","40820","4696",
"400C200US09487","Boyne City, MI Urban Area (2020)","65930","6485",
"400C200US11127","Buchanan, MI Urban Area (2020)","56185","9826",
"400C200US12160","Cadillac, MI Urban Area (2020)","48448","7046",
"400C200US12655","Calumet, MI Urban Area (2020)","43095","6519",
"400C200US13915","Caro, MI Urban Area (2020)","45768","5924",
"400C200US15616","Charlevoix, MI Urban Area (2020)","52094","9083",
"400C200US15643","Charlotte, MI Urban Area (2020)","63571","6902",
"400C200US15859","Cheboygan, MI Urban Area (2020)","43309","11611",
"400C200US15940","Chelsea, MI Urban Area (2020)","70430","4908",
"400C200US18667","Coldwater, MI Urban Area (2020)","50154","5394",
"400C200US23824","Detroit, MI Urban Area (2020)","70484","470",
"400C200US24008","Dexter, MI Urban Area (2020)","98267","13197",
"400C200US24539","Douglas, MI Urban Area (2020)","71544","12587",
"400C200US24634","Dowagiac, MI Urban Area (2020)","42388","7235",
"400C200US24958","Dundee, MI Urban Area (2020)","75656","10811",
"400C200US25120","Durand, MI Urban Area (2020)","56835","5203",
"400C200US25876","East Tawas, MI Urban Area (2020)","44777","2902",
"400C200US25984","Eaton Rapids, MI Urban Area (2020)","60283","6557",
"400C200US26794","Elkhart, IN--MI Urban Area (2020)","56641","1788",
"400C200US27847","Escanaba, MI Urban Area (2020)","48580","3860",
"400C200US29555","Fenton, MI Urban Area (2020)","91693","4791",
"400C200US29872","Flint, MI Urban Area (2020)","52227","1343",
"400C200US31195","Frankenmuth, MI Urban Area (2020)","81029","18063",
"400C200US31262","Frankfort, MI Urban Area (2020)","54063","6642",
"400C200US31660","Freeland, MI Urban Area (2020)","98108","11478",
"400C200US31735","Fremont, MI Urban Area (2020)","63542","18908",
"400C200US32734","Gaylord--Bagley, MI Urban Area (2020)","51799","3463",
"400C200US34300","Grand Rapids, MI Urban Area (2020)","74497","1208",
"400C200US35326","Greenville, MI Urban Area (2020)","54913","7757",
"400C200US37513","Hastings, MI Urban Area (2020)","56277","6857",
"400C200US37770","Hayes, MI Urban Area (2020)","33050","11754",
"400C200US38718","Higgins Lake, MI Urban Area (2020)","57277","5431",
"400C200US38998","Hillsdale, MI Urban Area (2020)","52033","3515",
"400C200US39430","Holland, MI Urban Area (2020)","78783","2779",
"400C200US39538","Holly, MI Urban Area (2020)","69574","13620",
"400C200US40294","Houghton--Hancock, MI Urban Area (2020)","40605","4966",
"400C200US40321","Houghton Lake, MI Urban Area (2020)","52115","5890",
"400C200US41536","Ionia, MI Urban Area (2020)","61287","4609",
"400C200US41671","Iron Mountain--Kingsford, MI--WI Urban Area (2020)","54315","2482",
"400C200US41752","Ironwood, MI--WI Urban Area (2020)","40000","5351",
"400C200US41833","Ishpeming, MI Urban Area (2020)","61490","6170",
"400C200US42157","Jackson, MI Urban Area (2020)","50043","2636",
"400C200US43723","Kalamazoo, MI Urban Area (2020)","62793","1697",
"400C200US45370","Kinross, MI Urban Area (2020)","41500","12915",
"400C200US47719","Lansing, MI Urban Area (2020)","62608","1736",
"400C200US47746","Lapeer, MI Urban Area (2020)","49097","6294",
"400C200US51823","Lowell, MI Urban Area (2020)","73618","9886",
"400C200US51958","Ludington, MI Urban Area (2020)","57712","4593",
"400C200US53902","Manistee, MI Urban Area (2020)","57036","3605",
"400C200US54496","Marinette--Menominee, WI--MI Urban Area (2020)","54251","2619",
"400C200US54874","Marquette, MI Urban Area (2020)","52640","4550",
"400C200US54955","Marshall, MI Urban Area (2020)","70335","6173",
"400C200US55534","Mattawan, MI Urban Area (2020)","101098","2744",
"400C200US56656","Michigan City--La Porte, IN--MI Urban Area (2020)","58832","3245",
"400C200US56980","Midland, MI Urban Area (2020)","70547","4974",
"400C200US57088","Milan, MI Urban Area (2020)","91293","7814",
"400C200US58357","Monroe, MI Urban Area (2020)","60684","2452",
"400C200US60112","Mount Pleasant, MI Urban Area (2020)","38832","3798",
"400C200US60841","Muskegon--Norton Shores, MI Urban Area (2020)","61296","1650",
"400C200US65901","Oronoko--Berrien Springs, MI Urban Area (2020)","56173","2540",
"400C200US66148","Oscoda--Au Sable, MI Urban Area (2020)","47233","4267",
"400C200US66285","Otsego--Plainwell, MI Urban Area (2020)","65338","6199",
"400C200US66538","Owosso, MI Urban Area (2020)","50586","4433",
"400C200US68077","Paw Paw, MI Urban Area (2020)","52708","8333",
"400C200US68106","Paw Paw Lake, MI Urban Area (2020)","55080","6018",
"400C200US69022","Petoskey, MI Urban Area (2020)","66295","6802",
"400C200US71155","Port Huron, MI Urban Area (2020)","59425","2210",
"400C200US71290","Portland, MI Urban Area (2020)","78990","16695",
"400C200US74692","Richmond, MI Urban Area (2020)","64065","9026",
"400C200US77149","Saginaw, MI Urban Area (2020)","48088","1593",
"400C200US77473","St. Helen, MI Urban Area (2020)","38967","1968",
"400C200US77554","St. Ignace, MI Urban Area (2020)","55025","5333",
"400C200US77662","St. Johns, MI Urban Area (2020)","58372","8093",
"400C200US79714","Sault Ste. Marie, MI Urban Area (2020)","48967","4848",
"400C200US83116","South Bend, IN--MI Urban Area (2020)","59446","1761",
"400C200US83251","South Haven, MI Urban Area (2020)","63561","7999",
"400C200US83332","South Lyon--Hamburg--Genoa, MI Urban Area (2020)","95892","2552",
"400C200US83480","Sparta, MI Urban Area (2020)","57104","3201",
"400C200US85303","Sturgis, MI Urban Area (2020)","56274","4981",
"400C200US86851","Tecumseh, MI Urban Area (2020)","67361","5470",
"400C200US87517","Three Rivers, MI Urban Area (2020)","53343","3653",
"400C200US87868","Toledo, OH--MI Urban Area (2020)","59904","1041",
"400C200US88300","Traverse City--Garfield, MI Urban Area (2020)","72195","2596",
"400C200US93214","Wayland, MI Urban Area (2020)","61055","11558",
"400C200US94807","Whitehall, MI Urban Area (2020)","65256","7290",
"400C200US95482","Williamston, MI Urban Area (2020)","85504","10987",
"400C200US97349","Worth--Lexington, MI Urban Area (2020)","60030","9990",
