TERRITORY,Bodily Injury(AA)20/40,"Property Damage(BB/BV)$100,000",PIP(VA-01),Collision(DD)$100 DED.,Comprehensive(HH)$50 DED.,UM(SS)20/40,UIM(SU)20/40,Unnamed: 0,Unnamed: 1
,,,,,SingleCar,Multi-Car,SingleCar,Multi-Car,
8001,442.38,165.41,"6,709.55",967.49,104.23,28.70,28.70,30.21,30.21
8002,527.19,139.70,"6,845.72",866.26,107.10,28.06,28.06,30.13,30.13
8003,527.19,139.70,"6,845.72",866.26,107.10,28.06,28.06,30.13,30.13
8004,488.94,165.41,"6,709.55",1055.18,104.23,28.70,28.70,30.21,30.21
8005,501.11,150.35,"7,173.95",957.45,107.10,30.99,30.99,33.30,33.30
8006,667.55,133.07,"8,790.33",904.17,126.56,35.53,35.53,36.40,36.40
8009,533.25,175.00,"3,920.41",889.42,73.83,30.21,30.21,30.21,30.21
8014,480.48,139.70,"6,845.72",866.26,107.10,28.06,28.06,30.13,30.13
8015,563.26,167.67,"8,085.09",1092.42,95.82,25.67,25.67,27.11,27.11
8017,535.44,162.17,"5,798.66",1039.59,86.37,25.67,25.67,27.11,27.11
8021,624.50,181.85,"9,088.16",1132.82,153.19,61.93,61.93,63.44,63.44
8022,667.55,133.07,"8,790.33",904.17,126.56,35.53,35.53,36.40,36.40
8023,488.94,165.41,"6,709.55",1055.18,104.23,28.70,28.70,30.21,30.21
8025,542.03,170.24,"5,566.30",936.42,82.03,30.21,30.21,30.21,30.21
8026,563.26,159.12,"7,986.41",1092.42,95.82,25.67,25.67,27.11,27.11
8027,667.55,144.46,"8,790.33",904.17,126.56,35.53,35.53,36.40,36.40
8028,442.38,165.41,"6,709.55",967.49,104.23,28.70,28.70,30.21,30.21
8030,563.26,167.67,"8,085.09",1094.09,105.90,25.67,25.67,27.11,27.11
8032,667.55,133.07,"8,790.33",904.17,126.56,35.53,35.53,36.40,36.40
8033,709.93,201.05,"14,931.12",1571.93,303.04,191.30,191.30,196.74,196.74
8034,709.93,201.05,"14,931.12",1571.93,303.04,191.30,191.30,196.74,196.74
8035,514.95,179.89,"7,986.41",1055.18,108.90,28.70,28.70,30.21,30.21
8036,514.95,175.35,"8,602.47",1092.42,108.90,28.70,28.70,30.21,30.21
8038,501.11,175.35,"7,986.41",1125.63,108.90,28.70,28.70,30.21,30.21
8039,442.38,150.35,"6,709.55",967.49,104.23,28.70,28.70,30.21,30.21
8040,480.48,144.46,"6,845.72",866.26,107.10,28.06,28.06,30.13,30.13
8041,480.48,139.70,"7,173.95",866.26,107.10,30.99,30.99,33.30,33.30
8042,473.58,156.24,"7,986.41",1046.80,101.32,28.70,28.70,30.21,30.21
8043,514.95,175.35,"8,602.47",1092.42,108.90,28.70,28.70,30.21,30.21
8044,440.29,170.90,"7,986.41",1080.58,97.99,28.70,28.70,30.21,30.21
8045,514.95,175.35,"7,986.41",1055.18,108.90,28.70,28.70,30.21,30.21
8047,473.58,159.91,"7,986.41",1055.18,102.40,28.70,28.70,30.21,30.21
8048,465.91,166.23,"7,783.19",1018.43,108.90,28.70,28.70,30.21,30.21
8049,667.55,133.07,"8,790.33",904.17,126.56,35.53,35.53,36.40,36.40
8050,480.48,150.35,"7,173.95",866.26,96.90,30.99,30.99,33.30,33.30
8051,514.95,170.90,"7,986.41",1029.98,103.49,28.70,28.70,30.21,30.21
8054,480.48,150.35,"6,845.72",866.26,96.90,28.06,28.06,30.13,30.13
8059,667.55,133.07,"8,124.11",904.17,126.56,35.53,35.53,36.40,36.40
8060,480.48,144.46,"6,845.72",866.26,107.10,28.06,28.06,30.13,30.13
8062,480.48,150.35,"7,173.95",866.26,107.10,30.99,30.99,33.30,33.30
8063,480.48,144.46,"6,845.72",866.26,107.10,28.06,28.06,30.13,30.13
8064,442.38,150.35,"6,709.55",967.49,104.23,28.70,28.70,30.21,30.21
8065,501.11,149.52,"7,003.37",945.55,107.10,28.06,28.06,30.13,30.13
8066,514.95,181.85,"8,602.47",1092.42,108.90,28.70,28.70,30.21,30.21
8067,542.03,178.23,"5,478.46",936.42,82.03,30.21,30.21,30.21,30.21
8069,563.26,167.67,"8,085.09",1094.09,105.90,25.67,25.67,27.11,27.11
8070,563.26,167.67,"7,315.08",1094.09,105.90,25.67,25.67,27.11,27.11
8071,563.26,165.93,"7,315.08",989.90,95.82,25.67,25.67,27.11,27.11
8072,514.56,160.34,"3,852.13",889.42,77.05,30.21,30.21,30.21,30.21
8073,542.03,178.23,"5,478.46",936.42,82.03,30.21,30.21,30.21,30.21
8074,480.48,144.46,"6,845.72",866.26,107.10,28.06,28.06,30.13,30.13
8075,688.74,178.54,"13,532.26",1524.79,284.70,191.30,191.30,196.74,196.74
8076,597.04,181.98,"9,088.16",1374.26,201.72,174.25,174.25,178.54,178.54
8079,480.48,144.46,"6,845.72",866.26,107.10,28.06,28.06,30.13,30.13
8080,514.95,181.85,"8,602.47",1092.42,115.83,28.70,28.70,30.21,30.21
8081,514.95,181.85,"8,602.47",1055.18,108.90,28.70,28.70,30.21,30.21
8082,514.95,181.85,"8,602.47",1055.18,108.90,28.70,28.70,30.21,30.21
8083,484.56,150.74,"7,095.86",988.55,92.98,25.67,25.67,27.11,27.11
8084,563.26,167.67,"7,315.08",1094.09,95.82,25.67,25.67,27.11,27.11
8085,501.11,165.84,"7,173.95",988.55,93.89,25.67,25.67,27.11,27.11
8088,518.23,159.12,"7,761.77",1006.56,93.89,25.67,25.67,27.11,27.11
8089,690.24,181.85,"9,088.16",1132.82,153.19,61.93,61.93,63.44,63.44
8091,647.54,166.23,"9,088.16",1132.82,153.19,56.02,56.02,57.40,57.40
,,,,,SingleCar,Multi-Car,SingleCar,Multi-Car,
8092,563.26,159.12,"8,085.09",1094.09,95.82,25.67,25.67,27.11,27.11
8093,563.26,159.12,"8,085.09",1092.42,95.82,25.67,25.67,27.11,27.11
8094,501.11,166.23,"7,783.19",1122.45,108.90,28.70,28.70,30.21,30.21
8095,501.11,149.52,"7,003.37",957.45,96.90,30.99,30.99,33.30,33.30
8096,501.11,166.23,"7,783.19",1122.45,108.90,28.70,28.70,30.21,30.21
8097,667.55,133.07,"8,790.33",904.17,126.56,35.53,35.53,36.40,36.40
8098,509.61,167.67,"7,315.08",1094.09,95.82,25.67,25.67,27.11,27.11
8101,527.19,153.84,"7,735.70",993.65,120.09,56.02,56.02,57.40,57.40
8103,383.13,153.80,"4,934.44",877.13,101.66,19.13,19.13,21.74,21.74
8104,423.45,153.80,"4,934.44",877.13,101.66,19.13,19.13,21.74,21.74
8105,423.45,153.80,"4,934.44",937.56,101.66,21.14,21.14,21.74,21.74
8108,423.45,153.80,"4,934.44",877.13,101.66,19.13,19.13,21.74,21.74
8109,423.45,153.80,"4,934.44",937.56,101.66,19.13,19.13,21.74,21.74
8110,527.19,153.84,"7,003.37",841.52,104.99,23.23,23.23,24.54,24.54
8111,445.76,120.50,"11,405.89",994.45,130.42,26.68,26.68,27.33,27.33
8114,527.19,136.08,"6,640.45",823.35,107.10,28.06,28.06,30.13,30.13
8115,523.52,152.45,"7,003.37",841.52,104.99,23.23,23.23,24.54,24.54
8116,446.71,146.60,"6,845.72",852.19,96.90,28.06,28.06,30.13,30.13
8117,527.19,153.84,"6,615.02",841.52,104.99,23.23,23.23,24.54,24.54
8118,523.52,152.45,"5,445.18",841.52,114.81,23.23,23.23,24.54,24.54
8120,596.93,172.04,"14,654.65",1371.60,192.07,115.57,115.57,105.73,105.73
8122,527.19,153.84,"10,012.12",1007.73,122.42,56.02,56.02,57.40,57.40
8123,582.64,153.84,"10,012.12",1007.73,122.42,56.02,56.02,57.40,57.40
8124,582.64,153.84,"10,012.12",1007.73,122.42,56.02,56.02,57.40,57.40
8125,527.19,153.84,"10,012.12",1007.73,122.42,56.02,56.02,57.40,57.40
8126,596.93,172.04,"14,654.65",1371.60,192.07,115.57,115.57,105.73,105.73
8127,534.78,161.74,"11,428.90",1344.13,142.52,104.57,104.57,105.73,105.73
8128,582.64,153.84,"10,012.12",1045.90,122.42,56.02,56.02,57.40,57.40
8130,441.41,147.08,"7,558.16",923.33,114.81,32.15,32.15,33.60,33.60
8131,527.19,160.82,"7,003.37",841.52,104.99,23.23,23.23,24.54,24.54
8133,527.19,160.82,"7,003.37",761.38,104.99,23.23,23.23,24.54,24.54
8134,528.82,154.63,"7,112.82",891.76,105.32,24.17,24.17,24.54,24.54
8135,527.19,143.46,"10,012.12",946.29,116.07,56.02,56.02,57.40,57.40
8137,441.41,147.08,"8,253.13",923.33,117.79,32.15,32.15,33.60,33.60
8138,528.82,154.63,"7,861.53",891.76,105.32,24.17,24.17,24.54,24.54
8139,480.48,149.56,"6,845.72",945.55,96.90,28.06,28.06,30.13,30.13
8140,527.19,160.82,"7,003.37",841.52,104.99,23.23,23.23,24.54,24.54
8141,527.19,154.63,"11,354.58",1179.02,156.93,104.57,104.57,105.73,105.73
8143,441.41,147.08,"8,253.13",923.33,114.81,32.15,32.15,33.60,33.60
8144,527.19,160.82,"7,003.37",761.38,104.99,23.23,23.23,24.54,24.54
8145,527.19,160.82,"7,003.37",761.38,104.99,23.23,23.23,24.54,24.54
8146,527.19,153.84,"10,012.12",994.45,116.07,56.02,56.02,57.40,57.40
8150,456.74,131.02,"5,639.29",933.55,93.82,36.25,36.25,37.14,37.14
8152,393.07,148.00,"8,440.48",1002.98,104.15,22.65,22.65,23.22,23.22
8154,456.74,131.02,"5,639.29",933.55,93.82,36.25,36.25,37.14,37.14
8157,527.19,160.82,"7,003.37",761.38,104.99,23.23,23.23,24.54,24.54
8158,523.52,148.65,"6,615.02",841.52,114.81,23.23,23.23,24.54,24.54
8159,527.19,153.84,"7,003.37",841.52,104.99,23.23,23.23,24.54,24.54
8160,527.19,160.82,"7,003.37",841.52,104.99,24.17,24.17,24.54,24.54
8161,527.19,160.82,"7,003.37",841.52,104.99,23.23,23.23,24.54,24.54
8162,527.19,153.84,"7,003.37",841.52,104.99,23.23,23.23,24.54,24.54
8164,552.31,153.84,"13,776.28",989.90,138.76,26.68,26.68,27.33,27.33
8165,527.19,149.56,"6,845.72",945.55,96.90,28.06,28.06,30.13,30.13
8166,527.19,153.84,"7,003.37",841.52,104.99,23.23,23.23,24.54,24.54
8167,445.76,169.50,"6,899.64",1002.98,110.07,21.14,21.14,21.74,21.74
8168,445.76,169.50,"6,899.64",1002.98,110.07,21.14,21.14,21.74,21.74
8169,441.41,147.08,"7,584.17",923.33,114.81,32.15,32.15,33.60,33.60
8170,445.76,153.36,"6,899.64",937.56,110.07,21.14,21.14,21.74,21.74
8173,528.82,154.63,"7,112.82",891.76,105.32,24.17,24.17,24.54,24.54
8174,552.31,153.84,"14,622.84",994.45,138.76,26.68,26.68,27.33,27.33
8175,393.07,163.57,"9,862.81",1002.98,104.15,22.65,22.65,21.74,21.74
8176,523.52,152.45,"7,003.37",841.52,104.99,23.23,23.23,24.54,24.54
8177,527.19,160.82,"7,003.37",761.38,104.99,23.23,23.23,24.54,24.54
,,,,,SingleCar,Multi-Car,SingleCar,Multi-Car,
8178,445.76,153.36,"6,899.64",937.56,110.07,21.14,21.14,21.74,21.74
8179,527.19,153.84,"6,615.02",841.52,104.99,23.23,23.23,24.54,24.54
8180,527.19,153.84,"10,012.12",994.45,116.07,56.02,56.02,57.40,57.40
8182,527.19,160.82,"7,003.37",761.38,104.99,23.23,23.23,24.54,24.54
8183,528.82,154.63,"7,112.82",891.76,105.32,24.17,24.17,24.54,24.54
8184,445.76,153.84,"6,478.34",994.45,110.07,21.14,21.14,21.74,21.74
8185,445.76,153.36,"6,899.64",933.55,110.07,21.14,21.14,23.22,23.22
8186,527.19,139.26,"7,735.70",994.45,104.57,56.02,56.02,57.40,57.40
8187,445.76,153.36,"6,478.34",994.45,110.07,21.14,21.14,21.74,21.74
8188,445.76,153.36,"6,478.34",994.45,110.07,21.14,21.14,21.74,21.74
8189,403.30,153.36,"6,242.53",945.55,110.07,21.14,21.14,21.74,21.74
8190,552.31,154.41,"14,622.84",989.90,138.76,26.68,26.68,27.33,27.33
8191,552.31,153.84,"14,622.84",989.90,138.76,26.68,26.68,27.33,27.33
8192,527.19,139.26,"7,735.70",899.01,109.32,56.02,56.02,57.40,57.40
8193,527.19,139.26,"6,998.96",899.01,120.83,56.02,56.02,57.40,57.40
8195,527.19,153.84,"10,012.12",994.45,116.07,56.02,56.02,57.40,57.40
8197,423.45,153.80,"4,934.44",937.56,101.66,21.14,21.14,21.74,21.74
8198,423.45,153.80,"4,934.44",969.46,101.66,21.14,21.14,21.74,21.74
8201,859.95,198.56,"19,851.03",1646.80,375.67,213.17,213.17,217.73,217.73
8202,763.50,201.05,"14,931.12",1571.93,303.04,191.30,191.30,196.74,196.74
8203,709.93,201.05,"14,931.12",1571.93,303.04,191.30,191.30,196.74,196.74
8204,709.93,201.05,"14,931.12",1571.93,303.04,191.30,191.30,196.74,196.74
8205,859.95,198.56,"19,851.03",1646.80,375.67,213.17,213.17,217.73,217.73
8206,763.50,201.05,"14,931.12",1571.93,303.04,191.30,191.30,196.74,196.74
8207,859.95,198.56,"19,851.03",1646.80,375.67,213.17,213.17,217.73,217.73
8208,763.50,201.05,"14,931.12",1571.93,303.04,191.30,191.30,196.74,196.74
8209,709.93,201.05,"14,931.12",1571.93,303.04,191.30,191.30,196.74,196.74
8210,763.50,201.05,"14,931.12",1571.93,303.04,191.30,191.30,196.74,196.74
8211,763.50,201.05,"14,931.12",1571.93,303.04,191.30,191.30,196.74,196.74
8212,763.50,201.05,"14,931.12",1571.93,303.04,191.30,191.30,196.74,196.74
8213,859.95,198.56,"19,851.03",1646.80,375.67,213.17,213.17,217.73,217.73
8214,859.95,198.56,"19,851.03",1646.80,375.67,213.17,213.17,217.73,217.73
8215,859.95,198.56,"19,851.03",1646.80,375.67,213.17,213.17,217.73,217.73
8216,709.93,201.05,"14,931.12",1571.93,303.04,191.30,191.30,196.74,196.74
8217,709.93,201.05,"14,931.12",1571.93,303.04,191.30,191.30,196.74,196.74
8218,527.19,153.84,"10,012.12",1007.73,128.30,56.02,56.02,57.40,57.40
8219,709.93,201.05,"14,931.12",1571.93,303.04,191.30,191.30,196.74,196.74
8220,535.44,154.41,"6,538.20",1039.59,95.21,25.67,25.67,27.11,27.11
8221,709.93,201.05,"14,931.12",1571.93,303.04,191.30,191.30,196.74,196.74
8223,709.93,201.05,"14,931.12",1571.93,303.04,191.30,191.30,196.74,196.74
8224,859.95,198.56,"19,851.03",1646.80,375.67,213.17,213.17,217.73,217.73
8225,624.50,181.85,"9,937.15",1252.07,153.19,61.93,61.93,63.44,63.44
8226,763.50,201.05,"14,931.12",1571.93,303.04,191.30,191.30,196.74,196.74
8227,709.93,201.05,"14,931.12",1571.93,303.04,191.30,191.30,196.74,196.74
8228,709.93,201.05,"14,931.12",1571.93,303.04,191.30,191.30,196.74,196.74
8229,527.19,153.84,"10,012.12",994.45,116.07,56.02,56.02,57.40,57.40
8230,514.95,181.85,"8,602.47",1125.63,115.83,28.70,28.70,30.21,30.21
8234,763.50,201.05,"14,931.12",1571.93,303.04,191.30,191.30,196.74,196.74
8235,709.93,201.05,"14,931.12",1571.93,303.04,191.30,191.30,196.74,196.74
8236,514.95,181.85,"8,602.47",1125.63,115.83,28.70,28.70,30.21,30.21
8237,647.68,183.20,"13,731.40",1433.62,276.34,174.25,174.25,178.54,178.54
8238,709.93,201.05,"14,931.12",1571.93,303.04,191.30,191.30,196.74,196.74
8239,477.69,167.67,"11,817.69",1088.80,152.52,90.90,90.90,93.80,93.80
8240,393.07,163.57,"10,901.01",1002.98,115.12,22.65,22.65,23.22,23.22
8242,552.31,153.84,"14,622.84",994.45,138.76,26.68,26.68,27.33,27.33
8301,638.40,196.95,"9,385.03",1169.78,89.81,34.02,34.02,37.14,37.14
8302,672.18,196.95,"9,206.79",1231.04,96.90,34.02,34.02,37.14,37.14
8303,672.18,196.95,"11,403.46",1122.45,96.90,34.02,34.02,37.14,37.14
8304,672.18,196.95,"10,167.08",1122.45,96.90,34.02,34.02,37.14,37.14
8306,509.61,167.67,"7,315.08",1094.09,95.82,24.17,24.17,24.54,24.54
8307,501.11,174.09,"6,000.74",988.55,88.48,25.67,25.67,27.11,27.11
8309,509.61,167.67,"7,315.08",1094.09,95.82,25.67,25.67,27.11,27.11
8310,509.61,159.12,"8,085.09",1094.09,95.82,25.67,25.67,27.11,27.11
,,,,,SingleCar,Multi-Car,SingleCar,Multi-Car,
8312,563.26,167.67,"8,085.09",1092.42,95.82,25.67,25.67,27.11,27.11
8313,493.34,175.35,"7,491.35",1041.69,85.32,20.42,20.42,20.11,20.11
8314,493.34,174.52,"7,491.35",1041.69,85.32,20.42,20.42,20.11,20.11
8315,501.11,183.73,"7,986.41",1125.63,108.90,28.70,28.70,30.21,30.21
8316,493.34,174.52,"7,173.95",1041.69,85.32,20.42,20.42,20.11,20.11
8317,493.34,189.09,"7,491.35",988.55,85.32,20.42,20.42,20.11,20.11
8320,523.63,167.67,"7,315.08",1094.09,95.82,25.67,25.67,27.11,27.11
8321,501.11,165.84,"7,173.95",1006.56,93.89,25.67,25.67,27.11,27.11
8322,672.18,195.16,"8,552.94",1231.04,98.21,34.02,34.02,37.14,37.14
8323,672.18,195.16,"10,320.08",1231.04,96.90,34.02,34.02,37.14,37.14
8324,523.63,129.19,"5,255.09",984.63,95.82,25.67,25.67,27.11,27.11
8326,509.61,167.67,"7,315.08",1094.09,95.82,25.67,25.67,27.11,27.11
8327,523.63,148.78,"7,003.37",957.45,96.90,30.99,30.99,33.30,33.30
8328,523.63,167.15,"7,315.08",1010.58,95.82,25.67,25.67,27.11,27.11
8329,534.78,148.78,"6,121.86",1010.58,86.31,24.17,24.17,24.54,24.54
8330,518.23,150.04,"7,022.55",1006.56,93.89,24.17,24.17,24.54,24.54
8331,413.55,143.85,"6,852.15",1095.59,121.00,32.51,32.51,33.30,33.30
8334,372.22,122.78,"8,413.65",1035.81,121.00,32.51,32.51,33.30,33.30
8335,413.55,163.57,"8,082.54",1113.81,121.00,29.42,29.42,30.13,30.13
8336,413.55,143.85,"7,616.68",1002.98,106.49,32.51,32.51,33.30,33.30
8340,523.63,148.78,"8,205.32",1157.42,110.49,111.40,111.40,114.80,114.80
8341,511.26,161.26,"8,284.05",1243.17,114.07,111.40,111.40,114.80,114.80
8342,538.10,148.82,"10,398.81",1243.17,119.66,111.40,111.40,114.80,114.80
8346,523.63,148.78,"7,003.37",957.45,96.90,28.06,28.06,30.13,30.13
8348,501.11,149.52,"7,003.37",945.55,96.90,28.06,28.06,30.13,30.13
8350,527.19,149.52,"6,845.72",945.55,96.90,28.06,28.06,30.13,30.13
8353,487.86,147.08,"8,253.13",923.33,114.81,32.15,32.15,33.60,33.60
8356,527.19,149.52,"6,845.72",945.55,96.90,28.06,28.06,30.13,30.13
8357,527.19,149.52,"6,845.72",945.55,96.90,28.06,28.06,30.13,30.13
8359,501.11,154.41,"7,003.37",957.45,96.90,28.06,28.06,30.13,30.13
8360,501.11,149.52,"7,003.37",957.45,96.90,28.06,28.06,30.13,30.13
8362,477.96,146.60,"7,003.37",861.64,96.90,28.06,28.06,30.13,30.13
8363,501.11,154.41,"7,003.37",957.45,96.90,28.06,28.06,30.13,30.13
8366,527.19,149.52,"7,003.37",945.55,107.10,28.06,28.06,30.13,30.13
8367,527.19,149.52,"7,003.37",945.55,107.10,28.06,28.06,30.13,30.13
8370,527.19,149.52,"7,003.37",945.55,107.10,28.06,28.06,30.13,30.13
8371,501.11,149.52,"7,003.37",945.55,107.10,28.06,28.06,30.13,30.13
8374,393.07,163.57,"9,862.81",1002.98,104.15,22.65,22.65,21.74,21.74
8375,393.07,163.57,"9,862.81",1002.98,104.15,22.65,22.65,21.74,21.74
8376,393.07,163.57,"9,862.81",1002.98,544.02,22.65,22.65,21.74,21.74
8377,480.48,154.41,"7,003.37",957.45,96.90,28.06,28.06,30.13,30.13
8380,527.19,149.52,"6,845.72",866.26,96.90,28.06,28.06,30.13,30.13
8381,527.19,146.60,"6,845.72",857.00,96.90,28.06,28.06,30.13,30.13
8382,523.63,154.41,"7,003.37",957.45,96.90,28.06,28.06,30.13,30.13
8383,629.14,134.26,"7,298.90",1002.35,105.32,20.42,20.42,20.11,20.11
8386,477.96,142.02,"5,372.19",957.45,93.98,28.06,28.06,30.13,30.13
8387,523.63,154.41,"7,003.37",957.45,96.90,30.99,30.99,33.30,33.30
8390,523.63,154.41,"7,003.37",957.45,96.90,28.06,28.06,30.13,30.13
8393,527.19,154.41,"7,003.37",957.45,96.90,28.06,28.06,30.13,30.13
8401,667.55,133.07,"8,790.33",904.17,126.56,35.53,35.53,36.40,36.40
8410,480.48,139.70,"6,845.72",866.26,107.10,28.06,28.06,30.13,30.13
8411,480.48,139.70,"6,845.72",874.77,107.10,28.06,28.06,30.13,30.13
8412,527.19,139.70,"6,845.72",866.26,107.10,28.06,28.06,30.13,30.13
8413,480.48,139.70,"6,845.72",866.26,107.10,28.06,28.06,30.13,30.13
8414,385.39,140.23,"6,028.92",820.67,107.56,29.42,29.42,30.13,30.13
8415,371.49,113.57,"4,825.37",724.73,111.15,18.48,18.48,20.11,20.11
8416,480.48,139.70,"6,845.72",866.26,107.10,28.06,28.06,30.13,30.13
8417,371.49,125.52,"4,825.37",724.73,111.15,18.48,18.48,20.11,20.11
8418,441.41,140.23,"8,253.13",923.33,117.79,32.15,32.15,33.60,33.60
8419,667.55,133.07,"8,790.33",904.17,126.56,35.53,35.53,36.40,36.40
8420,480.48,139.70,"7,003.37",866.26,107.10,28.06,28.06,30.13,30.13
8421,480.48,139.70,"7,003.37",866.26,107.10,28.06,28.06,30.13,30.13
8422,667.55,133.07,"8,790.33",904.17,126.56,35.53,35.53,36.40,36.40
,,,,,SingleCar,Multi-Car,SingleCar,Multi-Car,
8423,456.29,133.29,"5,582.36",822.93,104.70,28.06,28.06,30.13,30.13
8426,480.48,139.70,"6,845.72",866.26,107.10,28.06,28.06,30.13,30.13
8427,480.48,139.70,"6,845.72",866.26,107.10,28.06,28.06,30.13,30.13
8428,527.19,139.70,"6,845.72",866.26,107.10,28.06,28.06,30.13,30.13
8429,385.39,140.23,"6,028.92",820.67,107.56,29.42,29.42,30.13,30.13
8430,437.09,131.02,"7,097.64",847.09,114.81,32.15,32.15,33.60,33.60
8432,480.48,139.70,"6,845.72",866.26,107.10,28.06,28.06,30.13,30.13
8433,371.49,113.57,"4,825.37",799.47,111.15,20.42,20.42,20.11,20.11
8434,480.48,139.70,"6,845.72",866.26,107.10,28.06,28.06,30.13,30.13
8435,480.48,139.70,"6,845.72",866.26,107.10,28.06,28.06,30.13,30.13
8436,441.41,140.23,"8,253.13",923.33,114.81,32.15,32.15,33.60,33.60
8437,764.23,153.36,"14,690.09",1132.82,119.66,80.62,80.62,81.93,81.93
8438,480.48,139.70,"6,845.72",866.26,107.10,28.06,28.06,30.13,30.13
8439,610.28,133.29,"8,347.04",866.90,111.71,18.48,18.48,20.11,20.11
8440,527.19,139.70,"6,845.72",866.26,107.10,28.06,28.06,30.13,30.13
8441,480.48,139.70,"6,845.72",866.26,107.10,28.06,28.06,30.13,30.13
8442,585.11,148.43,"9,419.01",980.38,114.81,18.48,18.48,20.11,20.11
8444,480.48,139.70,"6,845.72",866.26,107.10,28.06,28.06,30.13,30.13
8445,480.48,139.70,"6,845.72",866.26,107.10,28.06,28.06,30.13,30.13
8446,480.48,139.70,"6,845.72",866.26,107.10,28.06,28.06,30.13,30.13
8449,385.39,133.29,"6,028.92",820.67,107.56,29.42,29.42,30.13,30.13
8450,667.55,133.07,"8,790.33",904.17,126.56,35.53,35.53,36.40,36.40
8451,441.41,140.23,"8,253.13",923.33,114.81,32.15,32.15,33.60,33.60
8453,480.48,139.70,"6,845.72",866.26,107.10,28.06,28.06,30.13,30.13
8454,480.48,139.70,"6,845.72",866.26,107.10,28.06,28.06,30.13,30.13
8455,527.19,139.70,"6,845.72",866.26,107.10,28.06,28.06,30.13,30.13
8456,480.48,139.70,"6,845.72",866.26,107.10,28.06,28.06,30.13,30.13
8457,336.11,113.57,"4,825.37",724.73,111.15,18.48,18.48,20.11,20.11
8458,764.23,153.36,"14,690.09",1132.82,119.66,80.62,80.62,81.93,81.93
8460,385.39,130.15,"6,268.48",820.67,107.56,29.42,29.42,30.13,30.13
8461,480.48,139.70,"6,845.72",866.26,107.10,28.06,28.06,30.13,30.13
8462,629.14,149.52,"11,215.41",980.38,114.81,18.48,18.48,20.11,20.11
8463,480.48,139.70,"7,003.37",866.26,107.10,28.06,28.06,30.13,30.13
8464,480.48,139.70,"6,845.72",866.26,107.10,28.06,28.06,30.13,30.13
8465,480.48,139.70,"6,845.72",866.26,107.10,28.06,28.06,30.13,30.13
8466,667.55,133.07,"8,790.33",904.17,126.56,35.53,35.53,36.40,36.40
8467,480.48,139.70,"6,845.72",866.26,107.10,28.06,28.06,30.13,30.13
8468,480.48,139.70,"6,845.72",866.26,107.10,28.06,28.06,30.13,30.13
8469,667.55,133.07,"8,790.33",904.17,126.56,35.53,35.53,36.40,36.40
8470,480.48,139.70,"6,845.72",866.26,107.10,28.06,28.06,30.13,30.13
8471,480.48,139.70,"6,845.72",866.26,107.10,28.06,28.06,30.13,30.13
8472,480.48,139.70,"6,845.72",866.26,107.10,28.06,28.06,30.13,30.13
8473,371.49,125.52,"4,825.37",799.47,111.15,20.42,20.42,20.11,20.11
8475,480.48,139.70,"6,845.72",866.26,107.10,28.06,28.06,30.13,30.13
8476,385.39,140.23,"6,028.92",820.67,107.56,29.42,29.42,30.13,30.13
8502,764.23,153.36,"14,690.09",1132.82,119.66,80.62,80.62,81.93,81.93
8503,725.51,151.70,"12,066.64",1076.18,117.17,80.62,80.62,81.93,81.93
8504,764.23,153.36,"14,690.09",1132.82,119.66,80.62,80.62,81.93,81.93
8505,764.23,153.36,"14,690.09",1132.82,119.66,80.62,80.62,81.93,81.93
8506,480.48,139.70,"7,003.37",866.26,107.10,28.06,28.06,30.13,30.13
8507,725.51,157.50,"12,390.02",1091.80,114.81,80.62,80.62,81.93,81.93
8509,480.48,139.70,"7,003.37",866.26,107.10,28.06,28.06,30.13,30.13
8519,480.48,139.70,"7,003.37",874.77,107.10,28.06,28.06,30.13,30.13
8529,480.48,139.70,"6,845.72",874.77,107.10,28.06,28.06,30.13,30.13
8532,764.23,153.36,"14,690.09",1132.82,119.66,80.62,80.62,81.93,81.93
8601,480.48,147.87,"7,003.37",866.26,107.10,28.06,28.06,30.13,30.13
8602,480.48,147.87,"6,845.72",866.26,107.10,28.06,28.06,30.13,30.13
8603,331.79,147.87,"5,935.15",724.73,111.15,20.50,20.50,21.74,21.74
8604,331.79,147.87,"5,935.15",724.73,111.15,20.50,20.50,21.74,21.74
8607,480.48,147.87,"7,003.37",866.26,107.10,28.06,28.06,30.13,30.13
8609,331.79,147.87,"5,935.15",724.73,111.15,20.50,20.50,21.74,21.74
8610,686.43,141.37,"8,386.37",771.16,142.86,18.48,18.48,20.11,20.11
8611,331.79,147.87,"5,935.15",724.73,111.15,20.50,20.50,21.74,21.74
,,,,,SingleCar,Multi-Car,SingleCar,Multi-Car,
8612,359.49,141.37,"5,935.15",704.58,111.15,20.50,20.50,21.74,21.74
8613,686.43,141.37,"8,386.37",771.16,129.25,18.48,18.48,20.11,20.11
8614,336.11,113.57,"4,825.37",724.73,111.15,18.48,18.48,20.11,20.11
8615,336.11,116.23,"4,825.37",723.33,111.15,18.48,18.48,20.11,20.11
8616,336.11,113.57,"4,825.37",724.73,111.15,18.48,18.48,20.11,20.11
8617,359.49,141.37,"5,935.15",704.58,111.15,20.50,20.50,21.74,21.74
8618,331.79,141.37,"5,935.15",704.58,111.15,20.50,20.50,21.74,21.74
8619,331.79,141.37,"5,935.15",741.59,111.15,20.50,20.50,20.99,20.99
8620,359.49,141.37,"5,935.15",704.58,111.15,20.50,20.50,21.74,21.74
8621,331.79,141.37,"5,935.15",741.59,111.15,20.50,20.50,21.74,21.74
8622,331.79,141.37,"5,935.15",704.58,111.15,20.50,20.50,21.74,21.74
8623,331.79,147.87,"5,935.15",724.73,111.15,20.50,20.50,21.74,21.74
8624,632.23,141.37,"7,627.19",771.16,142.86,18.48,18.48,20.11,20.11
8625,331.79,141.37,"5,935.15",704.58,111.15,20.50,20.50,21.74,21.74
8626,336.11,125.52,"4,825.37",724.73,111.15,18.48,18.48,20.11,20.11
8627,359.49,141.37,"5,935.15",741.59,111.15,20.50,20.50,20.99,20.99
8628,359.49,141.37,"5,935.15",704.58,111.15,20.50,20.50,21.74,21.74
8629,359.49,141.37,"5,935.15",741.59,111.15,20.50,20.50,20.99,20.99
8630,359.49,141.37,"5,935.15",741.59,111.15,20.50,20.50,20.99,20.99
8631,686.43,141.37,"8,386.37",771.16,129.25,18.48,18.48,20.11,20.11
8632,331.79,141.37,"5,935.15",704.58,111.15,20.50,20.50,21.74,21.74
8633,331.79,141.37,"5,935.15",704.58,111.15,20.50,20.50,21.74,21.74
8634,686.43,141.37,"8,386.37",771.16,129.25,18.48,18.48,20.11,20.11
8635,686.43,141.37,"8,386.37",771.16,142.86,18.48,18.48,20.11,20.11
8636,331.79,141.37,"5,935.15",741.59,111.15,20.50,20.50,20.99,20.99
8637,336.11,116.23,"4,825.37",724.73,111.15,18.48,18.48,20.11,20.11
8638,331.79,147.87,"5,935.15",724.73,111.15,20.50,20.50,21.74,21.74
8640,331.79,147.87,"5,935.15",724.73,111.15,20.50,20.50,21.74,21.74
8642,331.79,147.87,"5,935.15",704.58,111.15,20.50,20.50,21.74,21.74
8647,331.79,141.37,"5,935.15",741.59,111.15,20.50,20.50,20.99,20.99
8649,385.39,130.15,"6,028.92",818.70,107.56,29.42,29.42,30.13,30.13
8650,686.43,141.37,"8,386.37",771.16,129.25,18.48,18.48,20.11,20.11
8651,359.49,141.37,"5,935.15",741.59,111.15,20.50,20.50,21.74,21.74
8652,686.43,141.37,"8,386.37",771.16,129.25,18.48,18.48,20.11,20.11
8653,359.49,141.37,"5,935.15",741.59,111.15,20.50,20.50,20.99,20.99
8654,686.43,141.37,"8,386.37",771.16,142.86,18.48,18.48,20.11,20.11
8655,336.11,125.52,"4,825.37",724.73,111.15,18.48,18.48,20.11,20.11
8656,359.49,141.37,"5,935.15",741.59,111.15,20.50,20.50,21.74,21.74
8657,331.79,147.87,"5,935.15",704.58,111.15,20.50,20.50,21.74,21.74
8658,686.43,141.37,"8,386.37",771.16,129.25,18.48,18.48,20.11,20.11
8659,686.43,141.37,"8,386.37",771.16,129.25,18.48,18.48,20.11,20.11
8661,686.43,141.37,"8,386.37",771.16,142.86,18.48,18.48,20.11,20.11
8662,336.11,116.23,"4,825.37",724.73,111.15,18.48,18.48,20.11,20.11
8701,480.48,139.70,"6,845.72",866.26,107.10,28.06,28.06,30.13,30.13
8703,686.43,141.37,"8,386.37",771.16,129.25,18.48,18.48,20.11,20.11
8705,331.79,141.37,"5,935.15",741.59,111.15,20.50,20.50,21.74,21.74
8706,331.79,147.87,"5,935.15",724.73,111.15,20.50,20.50,21.74,21.74
8708,480.48,147.87,"7,003.37",866.26,107.10,28.06,28.06,30.13,30.13
8720,480.48,139.70,"6,845.72",866.26,107.10,28.06,28.06,30.13,30.13
8721,331.79,141.37,"5,935.15",741.59,111.15,20.50,20.50,21.74,21.74
8722,371.49,113.57,"4,825.37",724.73,111.15,18.48,18.48,20.11,20.11
8723,480.48,139.70,"6,845.72",866.26,107.10,28.06,28.06,30.13,30.13
8724,331.79,147.87,"5,935.15",724.73,111.15,20.50,20.50,21.74,21.74
8725,480.48,139.70,"6,845.72",866.26,107.10,28.06,28.06,30.13,30.13
8726,480.48,139.70,"6,845.72",866.26,107.10,28.06,28.06,30.13,30.13
8727,480.48,139.70,"6,845.72",866.26,107.10,28.06,28.06,30.13,30.13
8728,331.79,141.37,"5,935.15",741.59,111.15,20.50,20.50,21.74,21.74
8729,480.48,139.70,"6,845.72",866.26,107.10,28.06,28.06,30.13,30.13
8730,686.43,141.37,"8,386.37",771.16,142.86,18.48,18.48,20.11,20.11
8731,480.48,139.70,"6,845.72",866.26,107.10,28.06,28.06,30.13,30.13
8732,480.48,139.70,"6,845.72",866.26,107.10,28.06,28.06,30.13,30.13
8733,480.48,139.70,"6,845.72",866.26,107.10,28.06,28.06,30.13,30.13
8734,371.49,125.52,"4,825.37",724.73,111.15,18.48,18.48,20.11,20.11
,,,,,SingleCar,Multi-Car,SingleCar,Multi-Car,
8735,480.48,139.70,"6,845.72",866.26,107.10,28.06,28.06,30.13,30.13
8736,480.48,139.70,"6,845.72",866.26,107.10,28.06,28.06,30.13,30.13
8737,331.79,141.37,"5,935.15",741.59,111.15,20.50,20.50,21.74,21.74
8738,331.79,141.37,"5,935.15",741.59,111.15,20.50,20.50,21.74,21.74
8739,686.43,141.37,"8,386.37",771.16,142.86,18.48,18.48,20.11,20.11
8740,331.79,141.37,"5,935.15",741.59,111.15,20.50,20.50,21.74,21.74
8741,480.48,139.70,"6,845.72",866.26,107.10,28.06,28.06,30.13,30.13
8742,331.79,141.37,"5,935.15",741.59,111.15,20.50,20.50,21.74,21.74
8743,331.79,141.37,"5,935.15",741.59,111.15,20.50,20.50,21.74,21.74
8744,480.48,139.70,"6,845.72",866.26,107.10,28.06,28.06,30.13,30.13
8745,331.79,141.37,"5,935.15",741.59,111.15,20.50,20.50,21.74,21.74
8746,480.48,139.70,"7,003.37",866.26,107.10,28.06,28.06,30.13,30.13
8747,480.48,147.87,"7,003.37",866.26,107.10,28.06,28.06,30.13,30.13
8748,686.43,141.37,"8,386.37",771.16,142.86,18.48,18.48,20.11,20.11
8749,686.43,141.37,"8,386.37",771.16,129.25,18.48,18.48,20.11,20.11
8750,331.79,141.37,"5,935.15",741.59,111.15,20.50,20.50,21.74,21.74
8754,480.48,139.70,"6,845.72",866.26,107.10,28.06,28.06,30.13,30.13
8755,480.48,139.70,"6,845.72",866.26,107.10,28.06,28.06,30.13,30.13
8756,686.43,141.37,"8,386.37",771.16,142.86,18.48,18.48,20.11,20.11
8757,480.48,147.87,"7,003.37",866.26,107.10,28.06,28.06,30.13,30.13
8758,480.48,139.70,"6,845.72",866.26,107.10,28.06,28.06,30.13,30.13
8759,480.48,139.70,"6,845.72",866.26,107.10,28.06,28.06,30.13,30.13
8760,480.48,139.70,"6,845.72",866.26,107.10,28.06,28.06,30.13,30.13
8761,331.79,141.37,"5,935.15",741.59,111.15,20.50,20.50,21.74,21.74
8762,331.79,141.37,"5,935.15",741.59,111.15,20.50,20.50,21.74,21.74
8763,686.43,141.37,"8,386.37",771.16,142.86,18.48,18.48,20.11,20.11
8765,686.43,141.37,"8,386.37",771.16,129.25,18.48,18.48,20.11,20.11
8766,686.43,141.37,"8,386.37",771.16,129.25,18.48,18.48,20.11,20.11
8767,480.48,139.70,"6,845.72",866.26,107.10,28.06,28.06,30.13,30.13
8768,480.48,139.70,"6,845.72",866.26,107.10,28.06,28.06,30.13,30.13
8769,480.48,139.70,"6,845.72",866.26,107.10,28.06,28.06,30.13,30.13
8770,686.43,141.37,"8,386.37",771.16,142.86,18.48,18.48,20.11,20.11
8801,336.11,116.23,"4,825.37",723.33,111.15,18.48,18.48,20.11,20.11
8806,336.11,113.57,"4,478.90",724.73,111.15,18.48,18.48,20.11,20.11
8807,336.11,113.57,"4,825.37",724.73,111.15,18.48,18.48,20.11,20.11
8808,371.49,113.57,"4,825.37",724.73,111.15,18.48,18.48,20.11,20.11
8809,431.79,137.61,"7,181.21",866.26,123.05,28.06,28.06,30.13,30.13
8811,431.79,147.87,"7,181.21",866.26,123.05,28.06,28.06,30.13,30.13
8812,431.79,137.61,"7,181.21",866.26,123.05,28.06,28.06,30.13,30.13
8813,523.52,145.50,"5,904.74",761.38,116.04,23.23,23.23,24.54,24.54
8815,431.79,152.09,"7,181.21",866.26,123.05,28.06,28.06,30.13,30.13
8816,441.41,133.29,"8,253.13",923.33,114.81,32.15,32.15,33.60,33.60
8817,385.39,130.15,"6,028.92",820.67,107.56,29.42,29.42,30.13,30.13
8818,431.79,137.61,"7,181.21",866.26,123.05,28.06,28.06,30.13,30.13
8819,523.52,145.50,"6,615.02",761.38,116.04,23.23,23.23,24.54,24.54
8820,371.49,125.52,"4,825.37",724.73,111.15,18.48,18.48,18.94,18.94
8821,336.11,125.52,"4,478.90",760.49,111.15,18.48,18.48,18.94,18.94
8822,371.49,113.57,"4,478.90",724.73,111.15,18.48,18.48,18.94,18.94
8823,502.33,164.97,"6,028.92",781.49,104.79,23.23,23.23,24.54,24.54
8824,528.82,154.63,"7,112.82",818.70,116.41,23.23,23.23,24.54,24.54
8825,528.82,154.63,"7,112.82",818.70,116.41,23.23,23.23,24.54,24.54
8827,523.52,145.50,"6,615.02",761.38,116.04,23.23,23.23,24.54,24.54
8829,431.79,137.61,"7,181.21",866.26,123.05,28.06,28.06,30.13,30.13
8830,336.11,113.57,"4,825.37",724.73,111.15,18.48,18.48,18.94,18.94
8831,348.69,130.15,"6,028.92",818.70,107.56,29.42,29.42,30.13,30.13
8832,336.11,113.57,"4,478.90",723.33,111.15,18.48,18.48,20.11,20.11
8833,371.49,113.57,"4,478.90",724.73,111.15,18.48,18.48,20.11,20.11
8834,431.79,137.61,"7,181.21",866.26,123.05,28.06,28.06,30.13,30.13
8835,366.23,167.45,"6,173.49",720.75,130.05,17.12,17.12,18.94,18.94
8836,385.39,140.23,"5,671.48",818.70,107.56,29.42,29.42,30.13,30.13
8837,371.49,125.52,"4,478.90",724.73,111.15,18.48,18.48,18.94,18.94
8838,431.79,152.09,"7,181.21",866.26,123.05,28.06,28.06,30.13,30.13
8840,385.39,140.23,"6,028.92",818.70,107.56,29.42,29.42,30.13,30.13
,,,,,SingleCar,Multi-Car,SingleCar,Multi-Car,
8841,348.69,130.15,"6,028.92",818.70,107.56,29.42,29.42,30.13,30.13
8842,502.33,140.23,"5,314.75",780.66,111.25,23.23,23.23,24.54,24.54
8843,441.41,137.00,"5,929.09",867.90,114.81,32.15,32.15,33.60,33.60
8845,431.79,137.61,"7,181.21",866.26,123.05,28.06,28.06,30.13,30.13
8846,431.79,137.61,"7,181.21",866.26,123.05,28.06,28.06,30.13,30.13
8847,336.11,125.52,"4,825.37",724.73,111.15,18.48,18.48,20.11,20.11
8848,523.52,145.50,"6,615.02",761.38,116.04,23.23,23.23,24.54,24.54
8849,431.79,137.61,"7,181.21",866.26,123.05,28.06,28.06,30.13,30.13
8850,431.79,137.61,"7,181.21",866.26,123.05,28.06,28.06,30.13,30.13
8851,366.23,167.45,"6,173.49",724.73,130.05,17.12,17.12,18.94,18.94
8852,431.79,137.61,"7,181.21",866.26,123.05,28.06,28.06,30.13,30.13
8853,371.49,113.57,"4,478.90",724.73,111.15,18.48,18.48,20.11,20.11
8854,502.33,140.23,"5,248.14",777.68,110.88,23.23,23.23,24.54,24.54
8855,441.41,133.29,"7,636.31",923.33,114.81,32.15,32.15,33.60,33.60
8856,336.11,125.52,"4,478.90",724.73,111.15,18.48,18.48,20.11,20.11
8857,385.39,140.23,"5,671.48",818.70,107.56,29.42,29.42,30.13,30.13
8858,336.11,116.23,"4,825.37",723.33,111.15,18.48,18.48,20.11,20.11
8859,336.11,116.23,"4,825.37",723.33,111.15,18.48,18.48,20.11,20.11
8860,431.79,137.61,"7,181.21",866.26,123.05,28.06,28.06,30.13,30.13
8861,366.23,167.45,"6,173.49",724.73,130.05,17.12,17.12,18.94,18.94
8862,336.11,125.52,"4,825.37",724.73,111.15,18.48,18.48,20.11,20.11
8863,441.41,147.08,"8,253.13",923.33,114.81,32.15,32.15,33.60,33.60
8864,385.39,140.23,"5,671.48",818.70,107.56,29.42,29.42,30.13,30.13
8865,431.79,137.61,"7,181.21",866.26,123.05,28.06,28.06,30.13,30.13
8866,385.39,130.15,"5,671.48",818.70,107.56,29.42,29.42,30.13,30.13
8867,385.39,130.15,"6,028.92",818.70,107.56,29.42,29.42,30.13,30.13
8870,431.79,137.61,"7,181.21",866.26,123.05,28.06,28.06,30.13,30.13
8871,336.11,113.57,"4,825.37",724.73,111.15,18.48,18.48,20.11,20.11
8872,385.39,140.23,"5,671.48",818.70,107.56,29.42,29.42,30.13,30.13
8873,366.23,167.45,"6,173.49",720.75,130.05,17.12,17.12,18.94,18.94
8874,336.11,113.57,"4,825.37",724.73,111.15,18.48,18.48,20.11,20.11
8875,404.78,167.45,"5,198.73",724.73,130.05,17.12,17.12,18.94,18.94
8876,523.52,145.50,"6,615.02",761.38,116.04,23.23,23.23,24.54,24.54
8877,336.11,113.57,"4,825.37",724.73,111.15,18.48,18.48,18.94,18.94
8878,336.11,113.57,"4,825.37",723.33,111.15,18.48,18.48,20.11,20.11
8879,371.49,113.57,"4,478.90",724.73,111.15,18.48,18.48,20.11,20.11
8880,336.11,116.23,"4,825.37",723.33,111.15,18.48,18.48,20.11,20.11
8881,431.79,137.61,"7,181.21",866.26,123.05,28.06,28.06,30.13,30.13
8882,523.52,145.50,"6,615.02",761.38,116.04,23.23,23.23,24.54,24.54
8883,336.11,116.23,"4,825.37",724.73,111.15,18.48,18.48,20.11,20.11
8884,431.79,137.61,"7,181.21",866.26,123.05,28.06,28.06,30.13,30.13
8885,431.79,137.61,"7,181.21",866.26,123.05,28.06,28.06,30.13,30.13
8886,431.79,137.61,"7,181.21",866.26,123.05,28.06,28.06,30.13,30.13
8887,431.79,137.61,"7,181.21",866.26,123.05,28.06,28.06,30.13,30.13
8888,431.79,137.61,"7,181.21",866.26,123.05,28.06,28.06,30.13,30.13
8889,336.11,116.23,"4,478.90",723.33,111.15,18.48,18.48,20.11,20.11
8890,366.23,167.45,"6,173.49",724.73,130.05,17.12,17.12,18.94,18.94
8891,431.79,137.61,"7,181.21",866.26,123.05,28.06,28.06,30.13,30.13
8892,385.39,140.23,"6,028.92",818.70,107.56,29.42,29.42,30.13,30.13
8893,336.11,116.23,"4,825.37",723.33,111.15,18.48,18.48,20.11,20.11
8894,336.11,113.57,"4,478.90",723.33,111.15,18.48,18.48,18.94,18.94
8895,385.39,140.23,"6,028.92",818.70,107.56,29.42,29.42,30.13,30.13
8896,336.11,116.23,"4,825.37",723.33,111.15,18.48,18.48,20.11,20.11
8897,366.23,167.45,"6,173.49",724.73,130.05,17.12,17.12,18.94,18.94
8906,528.82,154.63,"7,112.82",818.70,116.41,23.23,23.23,24.54,24.54
8910,502.33,140.93,"4,880.70",777.68,104.79,23.23,23.23,24.54,24.54
8911,502.33,146.73,"6,028.92",793.17,104.79,23.23,23.23,24.54,24.54
8912,528.82,154.63,"7,112.82",818.70,116.41,23.23,23.23,24.54,24.54
8915,528.82,154.63,"7,112.82",818.70,116.41,23.23,23.23,24.54,24.54
8917,371.49,125.09,"3,307.28",737.91,100.55,18.48,18.48,18.94,18.94
8933,528.82,154.63,"7,112.82",818.70,116.41,23.23,23.23,24.54,24.54
9001,431.79,152.09,"7,181.21",866.26,118.84,28.06,28.06,33.30,33.30
9002,393.07,136.52,"6,028.92",835.06,118.16,28.06,28.06,33.30,33.30
,,,,,SingleCar,Multi-Car,SingleCar,Multi-Car,
9004,366.23,176.92,"6,173.49",796.62,118.84,18.91,18.91,20.11,20.11
9006,431.79,152.09,"7,181.21",866.26,118.84,28.06,28.06,33.30,33.30
9007,431.79,147.95,"7,181.21",866.26,118.84,28.06,28.06,33.30,33.30
9008,431.79,152.09,"7,181.21",866.26,118.84,28.06,28.06,33.30,33.30
9009,431.79,139.74,"6,965.63",819.59,114.47,28.06,28.06,33.30,33.30
9010,397.45,147.08,"6,028.92",819.59,99.63,13.59,13.59,13.19,13.19
9011,366.23,167.45,"6,173.49",796.62,130.05,18.91,18.91,20.11,20.11
9012,366.23,167.45,"6,173.49",796.62,118.84,18.91,18.91,20.11,20.11
9013,486.09,176.92,"7,345.36",856.89,105.73,38.26,38.26,39.20,39.20
9014,366.23,167.45,"6,173.49",796.62,130.05,18.91,18.91,20.11,20.11
9015,384.45,157.11,"5,056.26",756.68,117.97,18.91,18.91,20.11,20.11
9017,366.23,167.45,"6,173.49",796.62,118.84,18.91,18.91,20.11,20.11
9020,366.23,167.45,"6,173.49",724.73,130.05,18.91,18.91,20.11,20.11
9021,528.82,154.63,"7,112.82",835.06,116.41,23.23,23.23,24.54,24.54
9022,486.09,198.56,"6,375.77",704.58,83.41,24.60,24.60,24.54,24.54
9024,431.79,152.09,"7,181.21",819.59,113.83,28.06,28.06,33.30,33.30
9026,397.45,147.08,"6,028.92",819.59,99.63,13.59,13.59,13.19,13.19
9027,397.45,147.08,"6,028.92",819.59,99.63,13.59,13.59,13.19,13.19
9028,366.23,167.45,"6,173.49",724.73,130.05,18.91,18.91,20.11,20.11
9029,366.23,167.45,"6,173.49",724.73,130.05,18.91,18.91,20.11,20.11
9030,366.23,167.45,"6,173.49",724.73,130.05,18.91,18.91,20.11,20.11
9031,404.78,176.92,"6,173.49",724.73,118.84,17.12,17.12,18.94,18.94
9032,366.23,167.45,"6,173.49",724.73,118.84,18.91,18.91,20.11,20.11
9033,366.23,167.45,"6,173.49",724.73,130.05,18.91,18.91,20.11,20.11
9034,431.79,147.95,"7,181.21",866.26,118.84,28.06,28.06,33.30,33.30
9035,431.79,152.09,"7,181.21",866.26,123.05,28.06,28.06,33.30,33.30
9036,523.52,147.95,"6,615.02",761.38,116.04,23.23,23.23,27.11,27.11
9037,384.45,157.11,"5,056.26",756.68,117.97,18.91,18.91,20.11,20.11
9038,486.09,198.56,"6,375.77",704.58,83.41,24.60,24.60,24.54,24.54
9039,486.09,198.56,"6,375.77",704.58,83.41,24.60,24.60,24.54,24.54
9040,366.23,167.45,"6,173.49",724.73,130.05,18.91,18.91,20.11,20.11
9041,431.79,152.09,"7,181.21",866.26,118.84,28.06,28.06,33.30,33.30
9042,366.23,176.92,"6,173.49",724.73,118.84,18.91,18.91,20.11,20.11
9043,486.09,176.92,"7,345.36",856.89,105.73,38.26,38.26,39.20,39.20
9045,490.41,176.92,"7,651.16",856.89,118.84,38.26,38.26,39.20,39.20
9046,366.23,176.92,"6,173.49",796.62,130.05,18.91,18.91,20.11,20.11
9047,404.78,176.92,"6,173.49",720.75,118.84,17.12,17.12,18.94,18.94
9048,366.23,167.45,"6,173.49",796.62,118.84,18.91,18.91,20.11,20.11
9050,366.23,167.45,"6,173.49",796.62,130.05,18.91,18.91,20.11,20.11
9051,366.23,167.45,"6,173.49",796.62,118.84,18.91,18.91,20.11,20.11
9052,431.79,147.95,"7,181.21",866.26,123.05,28.06,28.06,33.30,33.30
9053,366.23,167.45,"6,173.49",796.62,118.84,18.91,18.91,20.11,20.11
9055,359.60,147.08,"5,560.63",819.59,99.63,13.59,13.59,13.19,13.19
9056,397.45,147.08,"6,028.92",819.59,99.63,13.59,13.59,13.19,13.19
9057,486.09,198.56,"6,375.77",724.73,83.41,24.60,24.60,24.54,24.54
9058,431.79,152.09,"7,181.21",866.26,123.05,28.06,28.06,33.30,33.30
9060,366.23,176.92,"6,173.49",796.62,130.05,18.91,18.91,20.11,20.11
9061,366.23,176.92,"6,173.49",724.73,118.84,17.12,17.12,18.94,18.94
9062,359.60,147.08,"5,560.63",819.59,99.63,13.59,13.59,13.19,13.19
9063,397.45,147.08,"6,028.92",819.59,99.63,13.59,13.59,13.19,13.19
9064,486.09,176.92,"7,345.36",856.89,116.87,38.26,38.26,39.20,39.20
9065,451.33,176.92,"7,345.36",856.89,116.87,38.26,38.26,39.20,39.20
9066,366.23,167.45,"6,173.49",724.73,130.05,18.91,18.91,20.11,20.11
9067,490.41,176.92,"7,651.16",856.89,118.84,38.26,38.26,39.20,39.20
9068,366.23,167.45,"6,173.49",724.73,130.05,18.91,18.91,20.11,20.11
9070,431.79,152.09,"7,181.21",866.26,118.84,28.06,28.06,33.30,33.30
9071,431.79,152.09,"7,181.21",866.26,118.84,28.06,28.06,33.30,33.30
9072,366.23,167.45,"6,173.49",796.62,118.84,18.91,18.91,20.11,20.11
9073,366.23,167.45,"6,173.49",724.73,130.05,17.12,17.12,18.94,18.94
9074,366.23,176.92,"6,173.49",796.62,118.84,18.91,18.91,20.11,20.11
9075,366.23,176.92,"6,173.49",724.73,130.05,18.91,18.91,20.11,20.11
9076,366.23,167.45,"6,173.49",724.73,130.05,17.12,17.12,18.94,18.94
9077,431.79,152.09,"7,181.21",866.26,118.84,28.06,28.06,33.30,33.30
,,,,,SingleCar,Multi-Car,SingleCar,Multi-Car,
9078,366.58,146.60,"6,028.92",819.59,117.15,28.06,28.06,30.13,30.13
9079,359.60,147.08,"5,560.63",806.89,99.63,13.59,13.59,13.19,13.19
9080,431.79,152.09,"7,181.21",866.26,118.84,28.06,28.06,33.30,33.30
9081,431.79,152.09,"7,181.21",866.26,118.84,28.06,28.06,33.30,33.30
9082,366.23,167.45,"6,173.49",724.73,130.05,17.12,17.12,18.94,18.94
9083,366.23,176.92,"6,173.49",796.62,118.84,18.91,18.91,20.11,20.11
9084,486.09,198.56,"6,375.77",704.58,83.41,24.60,24.60,24.54,24.54
9085,486.09,198.56,"5,744.92",704.58,83.41,24.60,24.60,24.54,24.54
9087,366.23,176.92,"6,173.49",724.73,118.84,18.91,18.91,20.11,20.11
9088,431.79,147.95,"7,181.21",866.26,118.84,28.06,28.06,33.30,33.30
9089,366.23,167.45,"6,173.49",796.62,130.05,18.91,18.91,20.11,20.11
9090,486.09,176.92,"7,345.36",856.89,105.73,38.26,38.26,39.20,39.20
9091,366.23,176.92,"6,173.49",724.73,130.05,18.91,18.91,20.11,20.11
9092,528.82,154.63,"7,112.82",818.70,116.41,23.23,23.23,24.54,24.54
9093,366.23,167.45,"6,173.49",724.73,118.84,18.91,18.91,20.11,20.11
9094,366.23,167.45,"6,173.49",724.73,130.05,18.91,18.91,20.11,20.11
9095,404.78,176.92,"6,173.49",724.73,118.84,18.91,18.91,20.11,20.11
9096,366.23,167.45,"6,173.49",796.62,130.05,17.12,17.12,18.94,18.94
9097,366.23,176.92,"6,173.49",796.62,118.84,18.91,18.91,20.11,20.11
9098,486.09,198.56,"6,375.77",704.58,83.41,24.60,24.60,24.54,24.54
9099,404.78,176.92,"6,173.49",724.73,118.84,17.12,17.12,18.94,18.94
9101,486.09,198.56,"6,375.77",704.58,83.41,24.60,24.60,24.54,24.54
9102,486.09,198.56,"6,375.77",704.58,83.41,24.60,24.60,24.54,24.54
9103,486.09,198.56,"6,375.77",704.58,83.41,24.60,24.60,24.54,24.54
9106,486.09,198.56,"6,375.77",704.58,83.41,24.60,24.60,24.54,24.54
9107,404.78,176.92,"6,173.49",720.75,117.67,17.12,17.12,18.94,18.94
9111,486.09,198.56,"6,375.77",704.58,83.41,24.60,24.60,24.54,24.54
9112,404.78,176.92,"6,173.49",720.75,117.67,17.12,17.12,18.94,18.94
9113,486.09,198.56,"6,375.77",704.58,83.41,24.60,24.60,24.54,24.54
9115,486.09,198.56,"6,375.77",704.58,83.41,24.60,24.60,24.54,24.54
9116,486.09,198.56,"6,375.77",704.58,83.41,24.60,24.60,24.54,24.54
9117,486.09,198.56,"6,375.77",704.58,83.41,24.60,24.60,24.54,24.54
9119,486.09,198.56,"6,375.77",704.58,83.41,24.60,24.60,24.54,24.54
9120,404.78,176.92,"6,173.49",720.75,117.67,17.12,17.12,18.94,18.94
9125,486.09,198.56,"6,375.77",704.58,83.41,24.60,24.60,24.54,24.54
9126,486.09,198.56,"6,375.77",704.58,83.41,24.60,24.60,24.54,24.54
9127,486.09,198.56,"6,375.77",704.58,83.41,24.60,24.60,24.54,24.54
9128,486.09,198.56,"6,375.77",704.58,83.41,24.60,24.60,24.54,24.54
9129,486.09,198.56,"6,375.77",704.58,83.41,24.60,24.60,24.54,24.54
9130,404.78,176.92,"6,173.49",720.75,117.67,17.12,17.12,18.94,18.94
9201,404.78,167.45,"6,173.49",760.49,130.05,17.12,17.12,18.94,18.94
9202,404.78,167.45,"6,173.49",760.49,130.05,17.12,17.12,18.94,18.94
9203,404.78,167.45,"6,173.49",760.49,130.05,17.12,17.12,18.94,18.94
9220,366.23,185.08,"6,823.34",760.49,120.23,17.12,17.12,18.94,18.94
9221,390.73,185.08,"6,823.34",760.49,117.67,17.12,17.12,20.11,20.11
9224,366.23,167.45,"6,823.34",724.73,130.05,17.12,17.12,18.94,18.94
9227,523.52,160.82,"7,003.37",761.38,116.04,23.23,23.23,24.54,24.54
9228,527.19,160.82,"7,003.37",761.38,114.81,23.23,23.23,24.54,24.54
9229,527.19,160.82,"7,003.37",841.52,104.99,23.23,23.23,24.54,24.54
9230,523.52,148.65,"6,615.02",761.38,116.04,23.23,23.23,24.54,24.54
9232,523.52,160.82,"7,003.37",761.38,116.04,23.23,23.23,24.54,24.54
9233,366.23,167.45,"6,823.34",760.49,120.23,17.12,17.12,18.94,18.94
9234,390.73,167.45,"6,173.49",760.49,120.23,17.12,17.12,18.94,18.94
9235,390.73,185.08,"6,823.34",760.49,120.23,17.12,17.12,18.94,18.94
9236,523.52,148.65,"7,003.37",841.52,114.81,23.23,23.23,24.54,24.54
9237,366.23,185.08,"6,823.34",724.73,130.05,17.12,17.12,18.94,18.94
9238,527.19,160.82,"7,003.37",841.52,114.81,23.23,23.23,24.54,24.54
9239,523.52,160.82,"7,003.37",761.38,116.04,23.23,23.23,24.54,24.54
9240,523.52,148.65,"6,615.02",761.38,116.04,23.23,23.23,24.54,24.54
9241,366.23,185.08,"6,823.34",724.73,130.05,17.12,17.12,18.94,18.94
9242,523.52,160.82,"7,003.37",761.38,116.04,23.23,23.23,24.54,24.54
9245,366.23,167.45,"6,823.34",724.73,130.05,17.12,17.12,18.94,18.94
9246,366.23,167.45,"6,823.34",724.73,130.05,17.12,17.12,18.94,18.94
,,,,,SingleCar,Multi-Car,SingleCar,Multi-Car,
9247,390.73,185.08,"6,823.34",724.73,120.23,17.12,17.12,18.94,18.94
9248,523.52,160.82,"7,003.37",761.38,114.81,23.23,23.23,24.54,24.54
9249,523.52,148.65,"7,003.37",761.38,116.04,23.23,23.23,24.54,24.54
9250,366.23,185.08,"6,823.34",724.73,130.05,17.12,17.12,18.94,18.94
9251,523.52,145.50,"6,615.02",761.38,116.04,23.23,23.23,24.54,24.54
9252,366.23,185.08,"6,173.49",724.73,130.05,17.12,17.12,18.94,18.94
9253,523.52,160.82,"7,003.37",761.38,116.04,23.23,23.23,24.54,24.54
9254,404.78,167.45,"6,173.49",760.49,130.05,17.12,17.12,18.94,18.94
9255,523.52,147.95,"6,615.02",761.38,116.04,23.23,23.23,24.54,24.54
9256,523.52,160.82,"7,003.37",761.38,116.04,23.23,23.23,24.54,24.54
9257,366.23,185.08,"6,823.34",724.73,130.05,17.12,17.12,18.94,18.94
9258,366.23,185.08,"6,823.34",724.73,130.05,17.12,17.12,18.94,18.94
9259,523.52,145.50,"6,615.02",761.38,116.04,23.23,23.23,24.54,24.54
9261,404.78,167.45,"6,173.49",760.49,130.05,17.12,17.12,18.94,18.94
9262,523.52,160.82,"7,003.37",761.38,116.04,23.23,23.23,24.54,24.54
9263,523.52,148.65,"6,615.02",761.38,116.04,23.23,23.23,24.54,24.54
9264,404.78,167.45,"6,173.49",760.49,130.05,17.12,17.12,18.94,18.94
9265,523.52,148.65,"6,615.02",761.38,116.04,23.23,23.23,24.54,24.54
9266,523.52,160.82,"7,003.37",761.38,116.04,23.23,23.23,24.54,24.54
9267,527.19,160.82,"7,003.37",761.38,104.99,23.23,23.23,24.54,24.54
9268,523.52,160.82,"7,003.37",761.38,114.81,23.23,23.23,24.54,24.54
9269,404.78,167.45,"6,173.49",760.49,130.05,17.12,17.12,18.94,18.94
9270,527.19,160.82,"7,003.37",841.52,114.81,23.23,23.23,24.54,24.54
9271,523.52,160.82,"7,003.37",761.38,116.04,23.23,23.23,24.54,24.54
9272,523.52,145.50,"6,615.02",761.38,116.04,23.23,23.23,24.54,24.54
9274,523.52,160.82,"7,003.37",761.38,116.04,23.23,23.23,24.54,24.54
9275,527.19,160.82,"7,003.37",841.52,104.99,23.23,23.23,24.54,24.54
9276,527.19,160.82,"7,003.37",841.52,114.81,23.23,23.23,24.54,24.54
9277,404.78,167.45,"6,173.49",760.49,130.05,17.12,17.12,18.94,18.94
9278,390.73,185.08,"6,823.34",760.49,117.67,17.12,17.12,18.94,18.94
9279,523.52,160.82,"7,003.37",761.38,116.04,23.23,23.23,24.54,24.54
9281,366.23,167.45,"6,823.34",760.49,120.23,17.12,17.12,18.94,18.94
9282,523.52,148.65,"7,003.37",761.38,116.04,23.23,23.23,24.54,24.54
9283,404.78,167.45,"6,173.49",724.73,130.05,17.12,17.12,18.94,18.94
9284,404.78,167.45,"6,173.49",760.49,130.05,17.12,17.12,18.94,18.94
9285,523.52,145.50,"6,615.02",761.38,116.04,23.23,23.23,24.54,24.54
9286,523.52,160.82,"7,003.37",761.38,114.81,23.23,23.23,24.54,24.54
9287,523.52,148.65,"7,003.37",761.38,114.81,23.23,23.23,24.54,24.54
9288,523.52,160.82,"7,003.37",761.38,116.04,23.23,23.23,24.54,24.54
9289,523.52,160.82,"7,003.37",761.38,114.81,23.23,23.23,24.54,24.54
9301,431.79,152.09,"5,760.09",957.45,111.33,28.06,28.06,30.13,30.13
9302,431.79,152.09,"7,181.21",866.26,123.05,28.06,28.06,30.13,30.13
9303,477.23,137.61,"7,181.21",866.26,123.05,28.06,28.06,30.13,30.13
9304,436.42,148.82,"8,924.14",799.42,126.92,23.95,23.95,24.54,24.54
9305,331.79,141.37,"5,935.15",704.58,111.15,20.50,20.50,21.74,21.74
9306,431.79,152.09,"7,181.21",866.26,111.33,28.06,28.06,30.13,30.13
9307,431.79,137.61,"7,181.21",866.26,123.05,28.06,28.06,30.13,30.13
9309,436.42,148.82,"8,924.14",799.42,126.92,23.95,23.95,24.54,24.54
9310,431.79,137.61,"7,181.21",866.26,123.05,28.06,28.06,30.13,30.13
9311,431.79,148.21,"7,181.21",866.26,111.33,28.06,28.06,30.13,30.13
9312,436.42,148.82,"8,924.14",799.42,126.92,23.95,23.95,24.54,24.54
9314,359.60,147.08,"6,028.92",819.59,96.79,13.59,13.59,13.19,13.19
9315,359.60,147.08,"6,028.92",819.59,96.79,13.59,13.59,13.19,13.19
9316,431.79,152.09,"7,181.21",866.26,111.33,28.06,28.06,30.13,30.13
9317,431.79,152.09,"7,181.21",866.26,123.05,28.06,28.06,30.13,30.13
9318,477.23,137.61,"7,181.21",866.26,123.05,28.06,28.06,30.13,30.13
9319,431.79,152.09,"7,181.21",866.26,123.05,28.06,28.06,30.13,30.13
9320,336.11,116.23,"4,825.37",723.33,111.15,18.48,18.48,18.94,18.94
9321,431.79,152.09,"7,181.21",866.26,111.33,28.06,28.06,30.13,30.13
9322,431.79,137.61,"7,181.21",866.26,123.05,28.06,28.06,30.13,30.13
9323,359.60,147.08,"6,028.92",819.59,96.79,13.59,13.59,13.19,13.19
9325,431.79,152.09,"7,181.21",866.26,123.05,28.06,28.06,30.13,30.13
9326,431.79,152.09,"7,181.21",866.26,123.05,28.06,28.06,30.13,30.13
,,,,,SingleCar,Multi-Car,SingleCar,Multi-Car,
9327,477.23,152.09,"7,181.21",866.26,123.05,28.06,28.06,30.13,30.13
9328,359.60,147.08,"6,028.92",819.59,99.63,13.59,13.59,13.19,13.19
9329,431.79,137.61,"7,181.21",866.26,123.05,28.06,28.06,30.13,30.13
9330,431.79,152.09,"7,181.21",866.26,123.05,28.06,28.06,30.13,30.13
9331,431.79,152.09,"7,181.21",866.26,123.05,28.06,28.06,30.13,30.13
9332,431.79,137.61,"7,181.21",866.26,123.05,28.06,28.06,30.13,30.13
9333,431.79,152.09,"7,181.21",866.26,123.05,28.06,28.06,33.30,33.30
9335,359.60,147.08,"6,028.92",819.59,99.63,13.59,13.59,13.19,13.19
9336,431.79,137.61,"7,181.21",866.26,123.05,28.06,28.06,30.13,30.13
9337,431.79,137.61,"7,181.21",866.26,123.05,28.06,28.06,30.13,30.13
9338,331.79,141.37,"5,935.15",704.58,111.15,20.50,20.50,20.99,20.99
9339,431.79,137.61,"7,181.21",866.26,123.05,28.06,28.06,30.13,30.13
9340,336.11,113.57,"4,825.37",723.33,111.15,18.48,18.48,20.11,20.11
9341,431.79,152.09,"6,516.01",866.26,123.05,28.06,28.06,30.13,30.13
9342,431.79,137.61,"7,181.21",866.26,123.05,28.06,28.06,30.13,30.13
9343,431.79,137.61,"7,181.21",866.26,123.05,28.06,28.06,30.13,30.13
9344,431.79,152.09,"7,181.21",866.26,123.05,28.06,28.06,33.30,33.30
9345,431.79,137.61,"7,181.21",866.26,123.05,28.06,28.06,30.13,30.13
9346,431.79,137.61,"7,181.21",866.26,123.05,28.06,28.06,30.13,30.13
9347,431.79,137.61,"7,181.21",866.26,123.05,28.06,28.06,30.13,30.13
9348,431.79,152.09,"7,181.21",866.26,123.05,28.06,28.06,30.13,30.13
9349,359.60,133.07,"6,028.92",806.89,99.63,13.59,13.59,13.19,13.19
9401,359.60,133.07,"6,028.92",819.59,96.79,13.59,13.59,13.19,13.19
9402,359.60,133.07,"6,028.92",806.89,99.63,13.59,13.59,13.19,13.19
9403,431.79,137.61,"7,181.21",866.26,123.05,28.06,28.06,30.13,30.13
9404,359.60,133.07,"6,028.92",806.89,96.79,13.59,13.59,13.19,13.19
9405,359.60,133.07,"6,028.92",806.89,99.63,13.59,13.59,13.19,13.19
9406,397.45,147.08,"6,028.92",819.59,96.79,13.59,13.59,13.19,13.19
9408,486.09,161.65,"7,345.36",856.89,105.73,38.26,38.26,39.20,39.20
9409,397.45,147.08,"6,028.92",806.89,96.79,13.59,13.59,13.19,13.19
9410,359.60,133.07,"6,028.92",806.89,99.63,13.59,13.59,13.19,13.19
9411,359.60,133.07,"6,145.96",806.89,99.63,13.59,13.59,13.19,13.19
9412,359.60,133.07,"6,028.92",806.89,99.63,13.59,13.59,13.19,13.19
9415,477.23,137.61,"7,181.21",866.26,111.33,28.06,28.06,30.13,30.13
9416,486.09,161.65,"7,345.36",856.89,105.73,38.26,38.26,39.20,39.20
9417,397.45,147.08,"6,028.92",806.89,96.79,13.59,13.59,13.19,13.19
9418,359.60,147.08,"6,028.92",819.59,96.79,13.59,13.59,13.19,13.19
9419,486.09,161.65,"7,345.36",856.89,105.73,38.26,38.26,39.20,39.20
9420,359.60,133.07,"6,028.92",806.89,96.79,13.59,13.59,13.19,13.19
9421,359.60,133.07,"6,028.92",806.89,99.63,13.59,13.59,13.19,13.19
9423,397.45,147.08,"6,028.92",819.59,96.79,13.59,13.59,13.19,13.19
9424,397.45,147.08,"6,028.92",819.59,96.79,13.59,13.59,13.19,13.19
9425,359.60,133.07,"6,028.92",806.89,96.79,13.59,13.59,13.19,13.19
9426,359.60,147.08,"6,028.92",819.59,96.79,13.59,13.59,13.19,13.19
9427,359.60,147.08,"6,028.92",819.59,96.79,13.59,13.59,13.19,13.19
9428,359.60,147.08,"6,028.92",819.59,96.79,13.59,13.59,13.19,13.19
9430,359.60,133.07,"6,028.92",819.59,96.79,13.59,13.59,13.19,13.19
9431,359.60,133.07,"6,145.96",806.89,99.63,13.59,13.59,13.19,13.19
9434,397.45,147.08,"6,028.92",819.59,96.79,13.59,13.59,13.19,13.19
9435,359.60,133.07,"6,028.92",819.59,96.79,13.59,13.59,13.19,13.19
9436,359.60,133.07,"6,028.92",806.89,96.79,13.59,13.59,13.19,13.19
9437,359.60,133.07,"6,028.92",806.89,96.79,13.59,13.59,13.19,13.19
9440,359.60,133.07,"6,028.92",806.89,96.79,13.59,13.59,13.19,13.19
9441,359.60,133.07,"6,028.92",806.89,96.79,13.59,13.59,13.19,13.19
9442,359.60,133.07,"6,028.92",806.89,96.79,13.59,13.59,13.19,13.19
9444,359.60,133.07,"6,028.92",806.89,96.79,13.59,13.59,13.19,13.19
9445,359.60,133.07,"6,028.92",806.89,96.79,13.59,13.59,13.19,13.19
9446,359.60,133.07,"6,028.92",806.89,96.79,13.59,13.59,13.19,13.19
9448,397.45,147.08,"6,028.92",806.89,96.79,13.59,13.59,13.19,13.19
9449,359.60,133.07,"6,028.92",806.89,99.63,13.59,13.59,13.19,13.19
9450,397.45,147.08,"6,028.92",819.59,99.63,13.59,13.59,13.19,13.19
9451,477.23,137.61,"7,181.21",866.26,111.33,28.06,28.06,30.13,30.13
9452,359.60,133.07,"6,028.92",806.89,96.79,13.59,13.59,13.19,13.19
,,,,,SingleCar,Multi-Car,SingleCar,Multi-Car,
9453,397.45,147.08,"6,028.92",819.59,96.79,13.59,13.59,13.19,13.19
9454,359.60,133.07,"6,028.92",806.89,99.63,13.59,13.59,13.19,13.19
9455,359.60,133.07,"6,028.92",806.89,96.79,13.59,13.59,13.19,13.19
9456,397.45,147.08,"6,028.92",806.89,96.79,13.59,13.59,13.19,13.19
9457,359.60,133.07,"6,028.92",806.89,96.79,13.59,13.59,13.19,13.19
9458,359.60,133.07,"6,028.92",806.89,99.63,13.59,13.59,13.19,13.19
9459,436.42,148.82,"8,924.14",799.42,126.92,23.95,23.95,24.54,24.54
9460,397.45,147.08,"6,028.92",819.59,96.79,13.59,13.59,13.19,13.19
9461,359.60,133.07,"6,028.92",806.89,96.79,13.59,13.59,13.19,13.19
9464,359.60,147.08,"6,028.92",819.59,96.79,13.59,13.59,13.19,13.19
9503,431.79,185.30,"5,862.85",1018.43,91.25,23.95,23.95,24.54,24.54
9504,431.79,185.30,"5,862.85",1018.43,91.25,23.95,23.95,24.54,24.54
9505,431.79,185.30,"5,862.85",1018.43,91.25,23.95,23.95,24.54,24.54
9506,431.79,185.30,"5,862.85",1018.43,91.25,23.95,23.95,24.54,24.54
9507,431.79,185.30,"5,862.85",1018.43,91.25,23.95,23.95,24.54,24.54
9508,431.79,185.30,"5,862.85",1018.43,91.25,23.95,23.95,24.54,24.54
9509,431.79,185.30,"5,862.85",1018.43,91.25,23.95,23.95,24.54,24.54
9512,431.79,185.30,"5,862.85",1018.43,91.25,23.95,23.95,24.54,24.54
9519,431.79,185.30,"5,862.85",1018.43,91.25,23.95,23.95,24.54,24.54
9525,431.79,152.09,"7,181.21",866.26,111.33,28.06,28.06,30.13,30.13
9534,431.79,185.30,"5,862.85",1018.43,91.25,23.95,23.95,24.54,24.54
9544,328.47,158.33,"4,202.87",893.70,82.40,23.95,23.95,24.54,24.54
9546,395.36,172.78,"4,444.48",996.89,89.68,23.95,23.95,24.54,24.54
9548,410.60,172.78,"4,000.03",996.89,87.37,23.95,23.95,24.54,24.54
9601,436.42,148.82,"8,435.64",799.42,126.92,23.95,23.95,24.54,24.54
9610,436.42,153.23,"8,924.14",799.42,126.92,23.95,23.95,24.54,24.54
9611,436.42,153.23,"8,924.14",799.42,126.92,23.95,23.95,24.54,24.54
9612,436.42,153.23,"8,924.14",799.42,126.92,23.95,23.95,24.54,24.54
9613,359.60,147.08,"6,145.96",806.89,99.63,13.59,13.59,13.19,13.19
9614,359.60,133.07,"6,145.96",806.89,99.63,13.59,13.59,13.19,13.19
9615,436.42,153.23,"8,398.10",799.42,126.92,23.95,23.95,24.54,24.54
9616,359.60,133.07,"6,145.96",806.89,99.63,13.59,13.59,13.19,13.19
9617,436.42,148.82,"8,924.14",799.42,126.92,23.95,23.95,24.54,24.54
9618,436.42,148.82,"8,924.14",799.42,126.92,23.95,23.95,24.54,24.54
9619,359.60,133.07,"6,145.96",806.89,99.63,13.59,13.59,13.19,13.19
9620,359.60,133.07,"6,145.96",806.89,99.63,13.59,13.59,13.19,13.19
9621,359.60,147.08,"6,145.96",806.89,99.63,13.59,13.59,13.19,13.19
9622,436.42,153.23,"8,924.14",799.42,126.92,23.95,23.95,24.54,24.54
9623,359.49,141.37,"5,935.15",704.58,111.15,20.50,20.50,20.99,20.99
9625,436.42,148.82,"8,924.14",799.42,126.92,23.95,23.95,24.54,24.54
9626,436.42,148.82,"8,924.14",799.42,126.92,23.95,23.95,24.54,24.54
9627,436.42,153.23,"8,924.14",799.42,126.92,23.95,23.95,24.54,24.54
9628,436.42,153.23,"8,924.14",799.42,126.92,23.95,23.95,24.54,24.54
9629,436.42,153.23,"8,924.14",799.42,126.92,23.95,23.95,24.54,24.54
9630,359.60,147.08,"6,145.96",806.89,99.63,13.59,13.59,13.19,13.19
9631,359.49,141.37,"5,935.15",704.58,111.15,20.50,20.50,20.99,20.99
9632,331.79,141.37,"5,935.15",704.58,111.15,20.50,20.50,20.99,20.99
9633,436.42,153.23,"8,398.10",799.42,126.92,23.95,23.95,24.54,24.54
9634,436.42,148.82,"8,924.14",799.42,126.92,23.95,23.95,24.54,24.54
9635,359.60,147.08,"6,145.96",806.89,99.63,13.59,13.59,13.19,13.19
9636,359.60,147.08,"6,145.96",806.89,99.63,13.59,13.59,13.19,13.19
9637,359.60,133.07,"6,145.96",806.89,99.63,13.59,13.59,13.19,13.19
9638,436.42,148.82,"8,924.14",799.42,126.92,23.95,23.95,24.54,24.54
9639,331.79,141.37,"5,935.15",704.58,111.15,20.50,20.50,20.99,20.99
9640,359.60,147.08,"6,145.96",806.89,99.63,13.59,13.59,13.19,13.19
9642,436.42,148.82,"8,924.14",799.42,126.92,23.95,23.95,24.54,24.54
9643,359.60,147.08,"6,145.96",806.89,99.63,13.59,13.59,13.19,13.19
9644,436.42,148.82,"8,924.14",799.42,126.92,23.95,23.95,24.54,24.54
9645,436.42,148.82,"8,924.14",799.42,126.92,23.95,23.95,24.54,24.54
9646,436.42,153.23,"8,924.14",799.42,126.92,23.95,23.95,24.54,24.54
9648,436.42,153.23,"8,924.14",799.42,126.92,23.95,23.95,24.54,24.54
9649,359.60,133.07,"6,145.96",806.89,99.63,13.59,13.59,13.19,13.19
9650,359.60,147.08,"6,145.96",806.89,99.63,13.59,13.59,13.19,13.19
,,,,,SingleCar,Multi-Car,SingleCar,Multi-Car,
9651,436.42,148.82,"8,924.14",799.42,126.92,23.95,23.95,24.54,24.54
9653,359.60,147.08,"6,145.96",806.89,99.63,13.59,13.59,13.19,13.19
9654,359.60,147.08,"6,145.96",806.89,99.63,13.59,13.59,13.19,13.19
9655,436.42,148.82,"8,924.14",799.42,140.27,23.95,23.95,24.54,24.54
9656,436.42,148.82,"8,924.14",799.42,140.27,23.95,23.95,24.54,24.54
9657,359.49,141.37,"5,935.15",704.58,111.15,20.50,20.50,20.99,20.99
9659,436.42,153.23,"8,924.14",799.42,126.92,23.95,23.95,24.54,24.54
9660,359.60,133.07,"6,145.96",806.89,99.63,13.59,13.59,13.19,13.19
9663,359.60,133.07,"6,145.96",806.89,99.63,13.59,13.59,13.19,13.19
9664,359.60,147.08,"6,145.96",806.89,99.63,13.59,13.59,13.19,13.19
9665,331.79,141.37,"5,935.15",704.58,111.15,20.50,20.50,20.99,20.99
9666,436.42,148.82,"8,924.14",799.42,126.92,23.95,23.95,24.54,24.54
9667,359.49,141.37,"5,935.15",741.59,111.15,20.50,20.50,20.99,20.99
9668,436.42,148.82,"8,924.14",799.42,126.92,23.95,23.95,24.54,24.54
9670,359.60,147.08,"6,145.96",806.89,99.63,13.59,13.59,13.19,13.19
9673,436.42,153.23,"8,924.14",799.42,126.92,23.95,23.95,24.54,24.54
9674,436.42,153.23,"8,924.14",799.42,126.92,23.95,23.95,24.54,24.54
9675,359.60,133.07,"6,145.96",806.89,99.63,13.59,13.59,13.19,13.19
9676,436.42,153.23,"8,924.14",799.42,126.92,23.95,23.95,24.54,24.54
9677,436.42,148.82,"8,924.14",799.42,140.27,23.95,23.95,24.54,24.54
9679,331.79,141.37,"5,935.15",704.58,111.15,20.50,20.50,21.74,21.74
9680,359.60,147.08,"6,145.96",806.89,99.63,13.59,13.59,13.19,13.19
9682,359.60,147.08,"6,145.96",806.89,99.63,13.59,13.59,13.19,13.19
9683,436.42,148.82,"8,924.14",799.42,126.92,23.95,23.95,24.54,24.54
9684,359.60,147.08,"6,145.96",806.89,99.63,13.59,13.59,13.19,13.19
9685,359.60,147.08,"6,145.96",806.89,99.63,13.59,13.59,13.19,13.19
9686,359.60,147.08,"6,145.96",806.89,99.63,13.59,13.59,13.19,13.19
9688,436.42,148.82,"8,924.14",799.42,140.27,23.95,23.95,24.54,24.54
9689,436.42,148.82,"8,924.14",799.42,126.92,23.95,23.95,24.54,24.54
9690,436.42,153.23,"8,924.14",799.42,126.92,23.95,23.95,24.54,24.54
9696,359.60,147.08,"6,145.96",806.89,99.63,13.59,13.59,13.19,13.19
9701,436.42,148.82,"8,924.14",799.42,140.27,23.95,23.95,24.54,24.54
9705,436.42,148.82,"8,924.14",799.42,140.27,23.95,23.95,24.54,24.54
9706,436.42,153.23,"8,924.14",799.42,140.27,23.95,23.95,24.54,24.54
9707,331.79,141.37,"5,935.15",741.59,111.15,20.50,20.50,21.74,21.74
9709,331.79,141.37,"5,935.15",741.59,111.15,20.50,20.50,20.99,20.99
9710,351.34,163.31,"6,620.55",646.77,140.37,15.76,15.76,17.02,17.02
9711,436.42,153.23,"8,924.14",799.42,126.92,23.95,23.95,24.54,24.54
9712,436.42,153.23,"8,924.14",799.42,126.92,23.95,23.95,24.54,24.54
9713,436.42,153.23,"8,924.14",799.42,126.92,23.95,23.95,24.54,24.54
9715,351.34,163.31,"6,620.55",646.77,140.37,15.76,15.76,17.02,17.02
9716,436.42,148.82,"8,924.14",799.42,140.27,23.95,23.95,24.54,24.54
9717,436.42,153.23,"8,924.14",799.42,140.27,23.95,23.95,24.54,24.54
9718,436.42,148.82,"8,924.14",799.42,140.27,23.95,23.95,24.54,24.54
9719,351.34,163.31,"6,620.55",646.77,140.37,15.76,15.76,17.02,17.02
9720,436.42,153.23,"8,924.14",799.42,126.92,23.95,23.95,24.54,24.54
9721,436.42,148.82,"8,924.14",799.42,140.27,23.95,23.95,24.54,24.54
9722,436.42,153.23,"8,924.14",799.42,126.92,23.95,23.95,24.54,24.54
9723,436.42,153.23,"8,924.14",799.42,126.92,23.95,23.95,24.54,24.54
9724,351.34,163.31,"6,620.55",646.77,140.37,15.76,15.76,17.02,17.02
9725,351.34,163.31,"6,620.55",646.77,140.37,15.76,15.76,17.02,17.02
9726,351.34,163.31,"6,620.55",646.77,140.37,15.76,15.76,17.02,17.02
9727,436.42,153.23,"8,924.14",799.42,126.92,23.95,23.95,24.54,24.54
9728,351.34,163.31,"6,620.55",646.77,140.37,15.76,15.76,17.02,17.02
9729,436.42,153.23,"8,924.14",799.42,126.92,23.95,23.95,24.54,24.54
9730,436.42,153.23,"8,924.14",799.42,126.92,23.95,23.95,24.54,24.54
9733,436.42,153.23,"8,924.14",799.42,126.92,23.95,23.95,24.54,24.54
9734,436.42,153.23,"8,924.14",799.42,126.92,23.95,23.95,24.54,24.54
9735,436.42,153.23,"8,924.14",799.42,126.92,23.95,23.95,24.54,24.54
9736,351.34,163.31,"6,620.55",646.77,140.37,15.76,15.76,17.02,17.02
9737,436.42,153.23,"8,924.14",799.42,126.92,23.95,23.95,24.54,24.54
9738,436.42,148.82,"8,924.14",799.42,126.92,23.95,23.95,24.54,24.54
9740,436.42,153.23,"8,924.14",799.42,126.92,23.95,23.95,24.54,24.54
,,,,,SingleCar,Multi-Car,SingleCar,Multi-Car,
9743,331.79,141.37,"5,935.15",741.59,111.15,20.50,20.50,20.99,20.99
9744,331.79,141.37,"5,935.15",741.59,111.15,20.50,20.50,21.74,21.74
9745,351.34,163.31,"6,620.55",646.77,140.37,15.76,15.76,17.02,17.02
9746,331.79,141.37,"5,935.15",741.59,111.15,20.50,20.50,20.99,20.99
9747,331.79,141.37,"5,935.15",741.59,111.15,20.50,20.50,21.74,21.74
9748,351.34,163.31,"6,620.55",646.77,140.37,15.76,15.76,17.02,17.02
9749,436.42,153.23,"8,924.14",799.42,140.27,23.95,23.95,24.54,24.54
9751,436.42,148.82,"8,924.14",799.42,140.27,23.95,23.95,24.54,24.54
9752,351.34,163.31,"6,620.55",646.77,140.37,15.76,15.76,17.02,17.02
9753,331.79,141.37,"5,935.15",741.59,111.15,20.50,20.50,21.74,21.74
9755,436.42,148.82,"8,924.14",799.42,140.27,23.95,23.95,24.54,24.54
9756,331.79,141.37,"5,935.15",741.59,111.15,20.50,20.50,20.99,20.99
9757,351.34,163.31,"6,620.55",646.77,140.37,15.76,15.76,17.02,17.02
9759,436.42,148.82,"8,924.14",799.42,140.27,23.95,23.95,24.54,24.54
9760,351.34,163.31,"6,620.55",646.77,140.37,15.76,15.76,17.02,17.02
9761,436.42,148.82,"8,924.14",799.42,140.27,23.95,23.95,24.54,24.54
9762,351.34,163.31,"6,620.55",646.77,140.37,15.76,15.76,17.02,17.02
9764,436.42,153.23,"8,924.14",799.42,140.27,23.95,23.95,24.54,24.54
9765,436.42,148.82,"8,924.14",799.42,140.27,23.95,23.95,24.54,24.54
9766,331.79,141.37,"5,935.15",741.59,111.15,20.50,20.50,21.74,21.74
9768,351.34,163.31,"6,620.55",646.77,140.37,15.76,15.76,17.02,17.02
9769,436.42,153.23,"8,924.14",799.42,140.27,23.95,23.95,24.54,24.54
9770,436.42,153.23,"8,924.14",799.42,126.92,23.95,23.95,24.54,24.54
9774,351.34,163.31,"6,620.55",646.77,140.37,15.76,15.76,17.02,17.02
9775,351.34,163.31,"6,620.55",646.77,140.37,15.76,15.76,17.02,17.02
9776,331.79,141.37,"5,935.15",741.59,111.15,20.50,20.50,20.99,20.99
9777,331.79,141.37,"5,935.15",741.59,111.15,20.50,20.50,20.99,20.99
9779,331.79,141.37,"5,935.15",741.59,111.15,20.50,20.50,20.99,20.99
9780,351.34,163.31,"6,620.55",646.77,140.37,15.76,15.76,17.02,17.02
9781,351.34,163.31,"6,620.55",646.77,140.37,15.76,15.76,17.02,17.02
9782,436.42,153.23,"8,924.14",799.42,140.27,23.95,23.95,24.54,24.54
9783,351.34,163.31,"6,620.55",646.77,140.37,15.76,15.76,17.02,17.02
9788,351.34,163.31,"6,620.55",646.77,140.37,15.76,15.76,17.02,17.02
9790,351.34,163.31,"6,620.55",646.77,140.37,15.76,15.76,17.02,17.02
9791,436.42,153.23,"8,924.14",799.42,140.27,23.95,23.95,24.54,24.54
9792,436.42,148.82,"8,924.14",799.42,140.27,23.95,23.95,24.54,24.54
9793,351.34,163.31,"6,620.55",646.77,140.37,15.76,15.76,17.02,17.02
9795,436.42,148.82,"8,924.14",799.42,126.92,23.95,23.95,24.54,24.54
9796,436.42,153.23,"8,924.14",799.42,126.92,23.95,23.95,24.54,24.54
9797,436.42,153.23,"8,924.14",799.42,126.92,23.95,23.95,24.54,24.54
9799,436.42,153.23,"8,924.14",799.42,140.27,23.95,23.95,24.54,24.54
9801,351.34,163.31,"6,620.55",646.77,140.37,15.76,15.76,17.02,17.02
9802,351.34,163.31,"6,620.55",646.77,140.37,15.76,15.76,17.02,17.02
9805,351.34,163.31,"6,620.55",646.77,140.37,15.76,15.76,17.02,17.02
9806,351.34,163.31,"6,620.55",646.77,140.37,15.76,15.76,17.02,17.02
9807,351.34,163.31,"6,620.55",646.77,140.37,15.76,15.76,17.02,17.02
9808,351.34,163.31,"6,620.55",646.77,140.37,15.76,15.76,17.02,17.02
9812,351.34,163.31,"6,620.55",646.77,140.37,15.76,15.76,17.02,17.02
9814,351.34,163.31,"6,620.55",646.77,140.37,15.76,15.76,17.02,17.02
9815,351.34,163.31,"6,620.55",646.77,140.37,15.76,15.76,17.02,17.02
9816,351.34,163.31,"6,620.55",646.77,140.37,15.76,15.76,17.02,17.02
9817,351.34,163.31,"6,620.55",646.77,140.37,15.76,15.76,17.02,17.02
9818,351.34,163.31,"6,620.55",646.77,140.37,15.76,15.76,17.02,17.02
9819,351.34,163.31,"6,620.55",646.77,140.37,15.76,15.76,17.02,17.02
9820,351.34,163.31,"6,620.55",646.77,140.37,15.76,15.76,17.02,17.02
9821,351.34,163.31,"6,620.55",646.77,140.37,15.76,15.76,17.02,17.02
9822,351.34,163.31,"6,620.55",646.77,140.37,15.76,15.76,17.02,17.02
9825,351.34,163.31,"6,620.55",646.77,140.37,15.76,15.76,17.02,17.02
9826,351.34,163.31,"6,620.55",646.77,140.37,15.76,15.76,17.02,17.02
9827,351.34,163.31,"6,620.55",646.77,140.37,15.76,15.76,17.02,17.02
9829,351.34,163.31,"6,620.55",646.77,140.37,15.76,15.76,17.02,17.02
9831,351.34,163.31,"6,620.55",646.77,140.37,15.76,15.76,17.02,17.02
9833,351.34,163.31,"6,620.55",646.77,140.37,15.76,15.76,17.02,17.02
,,,,,SingleCar,Multi-Car,SingleCar,Multi-Car,
9834,351.34,163.31,"6,620.55",646.77,140.37,15.76,15.76,17.02,17.02
9835,351.34,163.31,"6,620.55",646.77,140.37,15.76,15.76,17.02,17.02
9836,351.34,163.31,"6,620.55",646.77,140.37,15.76,15.76,17.02,17.02
9837,351.34,163.31,"6,620.55",646.77,140.37,15.76,15.76,17.02,17.02
9838,351.34,163.31,"6,620.55",646.77,140.37,15.76,15.76,17.02,17.02
9839,351.34,163.31,"6,620.55",646.77,140.37,15.76,15.76,17.02,17.02
9840,351.34,163.31,"6,620.55",646.77,140.37,15.76,15.76,17.02,17.02
9841,351.34,163.31,"6,620.55",646.77,140.37,15.76,15.76,17.02,17.02
9845,351.34,163.31,"6,620.55",646.77,140.37,15.76,15.76,17.02,17.02
9847,351.34,163.31,"6,620.55",646.77,140.37,15.76,15.76,17.02,17.02
9848,351.34,163.31,"6,620.55",646.77,140.37,15.76,15.76,17.02,17.02
9849,351.34,163.31,"6,620.55",646.77,140.37,15.76,15.76,17.02,17.02
9852,351.34,163.31,"6,620.55",646.77,140.37,15.76,15.76,17.02,17.02
9853,351.34,163.31,"6,620.55",646.77,140.37,15.76,15.76,17.02,17.02
9854,351.34,163.31,"6,620.55",646.77,140.37,15.76,15.76,17.02,17.02
9855,351.34,163.31,"6,620.55",646.77,140.37,15.76,15.76,17.02,17.02
9858,351.34,163.31,"6,620.55",646.77,140.37,15.76,15.76,17.02,17.02
9861,351.34,163.31,"6,620.55",646.77,140.37,15.76,15.76,17.02,17.02
9862,351.34,163.31,"6,620.55",646.77,140.37,15.76,15.76,17.02,17.02
9863,351.34,163.31,"6,620.55",646.77,140.37,15.76,15.76,17.02,17.02
9864,351.34,163.31,"6,620.55",646.77,140.37,15.76,15.76,17.02,17.02
9865,351.34,163.31,"6,620.55",646.77,140.37,15.76,15.76,17.02,17.02
9866,351.34,163.31,"6,620.55",646.77,140.37,15.76,15.76,17.02,17.02
9868,351.34,163.31,"6,620.55",646.77,140.37,15.76,15.76,17.02,17.02
9870,351.34,163.31,"6,620.55",646.77,140.37,15.76,15.76,17.02,17.02
9871,351.34,163.31,"6,620.55",646.77,140.37,15.76,15.76,17.02,17.02
9872,351.34,163.31,"6,620.55",646.77,140.37,15.76,15.76,17.02,17.02
9873,351.34,163.31,"6,620.55",646.77,140.37,15.76,15.76,17.02,17.02
9874,351.34,163.31,"6,620.55",646.77,140.37,15.76,15.76,17.02,17.02
9876,351.34,163.31,"6,620.55",646.77,140.37,15.76,15.76,17.02,17.02
9877,351.34,163.31,"6,620.55",646.77,140.37,15.76,15.76,17.02,17.02
9878,351.34,163.31,"6,620.55",646.77,140.37,15.76,15.76,17.02,17.02
9879,351.34,163.31,"6,620.55",646.77,140.37,15.76,15.76,17.02,17.02
9880,351.34,163.31,"6,620.55",646.77,140.37,15.76,15.76,17.02,17.02
9881,351.34,163.31,"6,620.55",646.77,140.37,15.76,15.76,17.02,17.02
9883,351.34,163.31,"6,620.55",646.77,140.37,15.76,15.76,17.02,17.02
9884,351.34,163.31,"6,620.55",646.77,140.37,15.76,15.76,17.02,17.02
9885,351.34,163.31,"6,620.55",646.77,140.37,15.76,15.76,17.02,17.02
9886,351.34,163.31,"6,620.55",646.77,140.37,15.76,15.76,17.02,17.02
9887,351.34,163.31,"6,620.55",646.77,140.37,15.76,15.76,17.02,17.02
9891,351.34,163.31,"6,620.55",646.77,140.37,15.76,15.76,17.02,17.02
9892,351.34,163.31,"6,620.55",646.77,140.37,15.76,15.76,17.02,17.02
9893,351.34,163.31,"6,620.55",646.77,140.37,15.76,15.76,17.02,17.02
9894,351.34,163.31,"6,620.55",646.77,140.37,15.76,15.76,17.02,17.02
9895,351.34,163.31,"6,620.55",646.77,140.37,15.76,15.76,17.02,17.02
9896,351.34,163.31,"6,620.55",646.77,140.37,15.76,15.76,17.02,17.02
9901,351.34,163.31,"6,620.55",646.77,140.37,15.76,15.76,17.02,17.02
9902,351.34,163.31,"6,620.55",646.77,140.37,15.76,15.76,17.02,17.02
9903,351.34,163.31,"6,620.55",646.77,140.37,15.76,15.76,17.02,17.02
9905,351.34,163.31,"6,620.55",646.77,140.37,15.76,15.76,17.02,17.02
9908,351.34,163.31,"6,620.55",646.77,140.37,15.76,15.76,17.02,17.02
9910,351.34,163.31,"6,620.55",646.77,140.37,15.76,15.76,17.02,17.02
9911,351.34,163.31,"6,620.55",646.77,140.37,15.76,15.76,17.02,17.02
9912,351.34,163.31,"6,620.55",646.77,140.37,15.76,15.76,17.02,17.02
9913,351.34,163.31,"6,620.55",646.77,140.37,15.76,15.76,17.02,17.02
9915,351.34,163.31,"6,620.55",646.77,140.37,15.76,15.76,17.02,17.02
9916,351.34,163.31,"6,620.55",646.77,140.37,15.76,15.76,17.02,17.02
9917,351.34,163.31,"6,620.55",646.77,140.37,15.76,15.76,17.02,17.02
9918,351.34,163.31,"6,620.55",646.77,140.37,15.76,15.76,17.02,17.02
9919,351.34,163.31,"6,620.55",646.77,140.37,15.76,15.76,17.02,17.02
9920,351.34,163.31,"6,620.55",646.77,140.37,15.76,15.76,17.02,17.02
9921,351.34,163.31,"6,620.55",646.77,140.37,15.76,15.76,17.02,17.02
9922,351.34,163.31,"6,620.55",646.77,140.37,15.76,15.76,17.02,17.02
,,,,,,SingleCar,Multi-Car,SingleCar,Multi-Car
9925,351.34,163.31,"6,620.55",646.77,140.37,15.76,15.76,17.02,17.02
9927,351.34,163.31,"6,620.55",646.77,140.37,15.76,15.76,17.02,17.02
9929,351.34,163.31,"6,620.55",646.77,140.37,15.76,15.76,17.02,17.02
9930,351.34,163.31,"6,620.55",646.77,140.37,15.76,15.76,17.02,17.02
9931,351.34,163.31,"6,620.55",646.77,140.37,15.76,15.76,17.02,17.02
9934,351.34,163.31,"6,620.55",646.77,140.37,15.76,15.76,17.02,17.02
9935,351.34,163.31,"6,620.55",646.77,140.37,15.76,15.76,17.02,17.02
9938,351.34,163.31,"6,620.55",646.77,140.37,15.76,15.76,17.02,17.02
9942,351.34,163.31,"6,620.55",646.77,140.37,15.76,15.76,17.02,17.02
9945,351.34,163.31,"6,620.55",646.77,140.37,15.76,15.76,17.02,17.02
9946,351.34,163.31,"6,620.55",646.77,140.37,15.76,15.76,17.02,17.02
9947,351.34,163.31,"6,620.55",646.77,140.37,15.76,15.76,17.02,17.02
9948,351.34,163.31,"6,620.55",646.77,140.37,15.76,15.76,17.02,17.02
9950,351.34,163.31,"6,620.55",646.77,140.37,15.76,15.76,17.02,17.02
9952,351.34,163.31,"6,620.55",646.77,140.37,15.76,15.76,17.02,17.02
9953,351.34,163.31,"6,620.55",646.77,140.37,15.76,15.76,17.02,17.02
9955,351.34,163.31,"6,620.55",646.77,140.37,15.76,15.76,17.02,17.02
9958,351.34,163.31,"6,620.55",646.77,140.37,15.76,15.76,17.02,17.02
9959,351.34,163.31,"6,620.55",646.77,140.37,15.76,15.76,17.02,17.02
9960,351.34,163.31,"6,620.55",646.77,140.37,15.76,15.76,17.02,17.02
9961,351.34,163.31,"6,620.55",646.77,140.37,15.76,15.76,17.02,17.02
9962,351.34,163.31,"6,620.55",646.77,140.37,15.76,15.76,17.02,17.02
9963,351.34,163.31,"6,620.55",646.77,140.37,15.76,15.76,17.02,17.02
9964,351.34,163.31,"6,620.55",646.77,140.37,15.76,15.76,17.02,17.02
9965,351.34,163.31,"6,620.55",646.77,140.37,15.76,15.76,17.02,17.02
9967,351.34,163.31,"6,620.55",646.77,140.37,15.76,15.76,17.02,17.02
9968,351.34,163.31,"6,620.55",646.77,140.37,15.76,15.76,17.02,17.02
9969,351.34,163.31,"6,620.55",646.77,140.37,15.76,15.76,17.02,17.02
9970,351.34,163.31,"6,620.55",646.77,140.37,15.76,15.76,17.02,17.02
9971,351.34,163.31,"6,620.55",646.77,140.37,15.76,15.76,17.02,17.02
