geo_id,tot_pop,latin_tot,white_tot,black_tot,aian_tot,asian_tot,nhpi_tot,other_tot,two_plus_tot
48001,11986.0,146.0,11563.0,23.0,67.0,32.0,3.0,0.0,152.0
48002,3285.0,95.0,3129.0,18.0,9.0,13.0,0.0,0.0,21.0
48003,6070.0,278.0,5710.0,10.0,13.0,12.0,0.0,6.0,41.0
48005,5379.0,97.0,5204.0,18.0,12.0,18.0,1.0,0.0,29.0
48006,4007.0,62.0,3858.0,10.0,20.0,7.0,0.0,0.0,50.0
48009,20107.0,419.0,18247.0,601.0,26.0,500.0,1.0,28.0,285.0
48014,4256.0,468.0,3701.0,8.0,13.0,15.0,0.0,6.0,45.0
48015,8257.0,140.0,6710.0,983.0,27.0,200.0,3.0,2.0,192.0
48017,11805.0,252.0,10858.0,217.0,24.0,238.0,3.0,14.0,199.0
48021,32353.0,673.0,20831.0,9492.0,113.0,342.0,4.0,62.0,836.0
48022,2654.0,73.0,2527.0,11.0,6.0,12.0,2.0,1.0,22.0
48023,5178.0,121.0,4885.0,52.0,11.0,20.0,1.0,0.0,88.0
48025,14543.0,224.0,12663.0,973.0,22.0,406.0,5.0,29.0,221.0
48026,14480.0,297.0,13099.0,562.0,61.0,210.0,1.0,10.0,240.0
48027,3249.0,43.0,3095.0,76.0,6.0,3.0,0.0,0.0,26.0
48028,1190.0,3.0,1177.0,1.0,3.0,1.0,0.0,0.0,5.0
48030,16422.0,446.0,13312.0,1586.0,132.0,239.0,2.0,12.0,693.0
48032,2322.0,28.0,2234.0,6.0,5.0,8.0,0.0,7.0,34.0
48033,16064.0,215.0,4073.0,11197.0,43.0,156.0,6.0,36.0,338.0
48034,12590.0,183.0,2544.0,9265.0,42.0,297.0,1.0,30.0,228.0
48035,34788.0,844.0,26055.0,6238.0,93.0,689.0,14.0,32.0,823.0
48036,20980.0,462.0,16692.0,3015.0,69.0,275.0,9.0,17.0,441.0
48038,41057.0,984.0,35341.0,3256.0,71.0,759.0,6.0,33.0,607.0
48039,7807.0,115.0,7520.0,23.0,35.0,23.0,1.0,3.0,87.0
48040,9956.0,177.0,9592.0,34.0,21.0,62.0,2.0,0.0,68.0
48041,4561.0,101.0,4354.0,20.0,13.0,14.0,0.0,5.0,54.0
48042,27291.0,476.0,25254.0,607.0,38.0,588.0,4.0,34.0,290.0
48043,16305.0,477.0,11141.0,3993.0,44.0,79.0,5.0,33.0,533.0
48044,52289.0,1327.0,45652.0,2489.0,98.0,1858.0,11.0,38.0,816.0
48045,24604.0,629.0,21494.0,1811.0,76.0,164.0,5.0,25.0,400.0
48047,39415.0,770.0,36027.0,1516.0,143.0,365.0,10.0,25.0,559.0
48048,7548.0,315.0,6044.0,879.0,34.0,37.0,3.0,6.0,230.0
48049,5582.0,124.0,5346.0,32.0,19.0,8.0,0.0,5.0,48.0
48050,1653.0,22.0,1585.0,10.0,10.0,5.0,0.0,0.0,21.0
48051,17319.0,550.0,14580.0,1675.0,57.0,155.0,7.0,25.0,270.0
48054,7339.0,71.0,7149.0,16.0,22.0,23.0,1.0,11.0,46.0
48059,15123.0,407.0,14088.0,191.0,33.0,159.0,7.0,9.0,229.0
48060,40831.0,2037.0,33870.0,3122.0,233.0,205.0,8.0,30.0,1326.0
48062,9373.0,330.0,8783.0,90.0,30.0,15.0,15.0,7.0,103.0
48063,4070.0,64.0,3899.0,15.0,24.0,17.0,1.0,5.0,45.0
48064,4107.0,87.0,3887.0,24.0,20.0,22.0,1.0,2.0,64.0
48065,10547.0,459.0,9680.0,179.0,23.0,51.0,0.0,6.0,149.0
48066,47388.0,955.0,38753.0,5562.0,178.0,759.0,5.0,48.0,1128.0
48067,24458.0,595.0,22132.0,712.0,48.0,530.0,9.0,27.0,405.0
48069,2526.0,44.0,2359.0,48.0,3.0,27.0,0.0,2.0,43.0
48070,6238.0,99.0,5918.0,60.0,9.0,76.0,0.0,17.0,59.0
48071,29694.0,756.0,24444.0,1870.0,132.0,1711.0,19.0,25.0,737.0
48072,14970.0,275.0,13757.0,439.0,39.0,190.0,8.0,12.0,250.0
48073,32798.0,747.0,28855.0,1690.0,79.0,812.0,13.0,38.0,564.0
48074,9356.0,202.0,8840.0,112.0,37.0,21.0,0.0,4.0,140.0
48075,21790.0,261.0,4065.0,16679.0,30.0,292.0,4.0,29.0,430.0
48076,25386.0,359.0,8243.0,15521.0,24.0,497.0,5.0,72.0,665.0
48079,12304.0,173.0,11854.0,29.0,37.0,98.0,0.0,4.0,109.0
48080,22494.0,398.0,19607.0,1689.0,74.0,324.0,3.0,15.0,384.0
48081,20635.0,345.0,19382.0,364.0,56.0,169.0,3.0,23.0,293.0
48082,16549.0,295.0,15556.0,280.0,36.0,118.0,1.0,8.0,255.0
48083,22507.0,652.0,16040.0,1171.0,47.0,4064.0,1.0,44.0,488.0
48084,14231.0,326.0,9336.0,601.0,30.0,3653.0,0.0,27.0,258.0
48085,24660.0,444.0,19034.0,870.0,31.0,3823.0,0.0,36.0,422.0
48088,22255.0,368.0,19537.0,1435.0,67.0,592.0,1.0,11.0,244.0
48089,31978.0,808.0,22637.0,6391.0,186.0,941.0,2.0,22.0,991.0
48091,31106.0,759.0,21940.0,5162.0,124.0,2139.0,2.0,46.0,934.0
48092,25680.0,453.0,20248.0,2491.0,73.0,1778.0,9.0,37.0,591.0
48093,23037.0,370.0,18946.0,2499.0,74.0,720.0,4.0,24.0,400.0
48094,18028.0,849.0,16453.0,293.0,28.0,197.0,5.0,1.0,202.0
48095,4906.0,67.0,4709.0,35.0,3.0,48.0,5.0,0.0,39.0
48096,3739.0,63.0,3605.0,15.0,10.0,26.0,0.0,1.0,19.0
48097,5499.0,147.0,5202.0,40.0,18.0,2.0,0.0,8.0,82.0
48098,19582.0,288.0,14459.0,568.0,16.0,3899.0,0.0,18.0,334.0
48101,28200.0,2274.0,24634.0,588.0,120.0,222.0,7.0,26.0,329.0
48103,53057.0,2251.0,41065.0,3405.0,103.0,4444.0,20.0,139.0,1630.0
48104,38315.0,1654.0,29203.0,1545.0,70.0,4681.0,8.0,109.0,1045.0
48105,33905.0,1097.0,21027.0,2300.0,66.0,8334.0,9.0,101.0,971.0
48108,26164.0,1387.0,16090.0,4126.0,93.0,3379.0,10.0,56.0,1023.0
48109,6904.0,249.0,5031.0,388.0,13.0,968.0,6.0,12.0,237.0
48111,42313.0,1199.0,29118.0,9851.0,191.0,771.0,13.0,60.0,1110.0
48114,19702.0,327.0,18815.0,114.0,55.0,183.0,7.0,10.0,191.0
48116,26432.0,538.0,25078.0,126.0,111.0,229.0,3.0,21.0,326.0
48117,10124.0,227.0,9520.0,180.0,23.0,36.0,2.0,6.0,130.0
48118,12552.0,241.0,11819.0,133.0,39.0,114.0,4.0,11.0,191.0
48120,8274.0,148.0,6595.0,932.0,12.0,215.0,1.0,8.0,363.0
48122,10727.0,1958.0,7146.0,1156.0,64.0,84.0,1.0,18.0,300.0
48124,31732.0,1517.0,27858.0,1175.0,73.0,509.0,8.0,37.0,555.0
48125,21273.0,1449.0,17592.0,1414.0,120.0,248.0,2.0,16.0,432.0
48126,47465.0,1204.0,41068.0,1516.0,61.0,866.0,20.0,112.0,2618.0
48127,36501.0,1263.0,30351.0,3076.0,76.0,747.0,7.0,59.0,922.0
48128,10682.0,517.0,9595.0,272.0,20.0,106.0,2.0,14.0,156.0
48130,14420.0,315.0,13445.0,128.0,37.0,247.0,13.0,25.0,210.0
48131,6764.0,145.0,6439.0,45.0,23.0,29.0,0.0,2.0,81.0
48133,5753.0,281.0,5278.0,50.0,29.0,23.0,0.0,1.0,91.0
48134,21408.0,990.0,18382.0,1031.0,81.0,449.0,5.0,8.0,462.0
48135,27665.0,903.0,24960.0,918.0,113.0,232.0,4.0,30.0,505.0
48137,4796.0,67.0,4614.0,20.0,23.0,9.0,0.0,4.0,59.0
48138,10371.0,272.0,9686.0,39.0,34.0,246.0,0.0,2.0,92.0
48139,206.0,8.0,197.0,0.0,0.0,0.0,0.0,0.0,1.0
48140,3095.0,50.0,3014.0,8.0,1.0,1.0,0.0,0.0,21.0
48141,25366.0,653.0,4959.0,18410.0,70.0,409.0,4.0,46.0,815.0
48143,32.0,0.0,31.0,0.0,0.0,1.0,0.0,0.0,0.0
48144,9952.0,214.0,9506.0,40.0,17.0,87.0,4.0,2.0,82.0
48145,3503.0,72.0,3329.0,28.0,9.0,11.0,1.0,5.0,48.0
48146,38098.0,5664.0,29071.0,2169.0,205.0,183.0,8.0,28.0,770.0
48150,27127.0,725.0,24667.0,783.0,56.0,461.0,7.0,23.0,405.0
48152,31173.0,786.0,27322.0,1391.0,66.0,1199.0,2.0,32.0,375.0
48154,38642.0,888.0,35343.0,1090.0,82.0,781.0,2.0,31.0,425.0
48157,1436.0,43.0,1321.0,10.0,12.0,7.0,0.0,1.0,42.0
48158,7309.0,129.0,7038.0,21.0,15.0,27.0,2.0,5.0,72.0
48159,2582.0,16.0,2414.0,91.0,18.0,5.0,3.0,2.0,33.0
48160,13785.0,695.0,11414.0,1142.0,87.0,111.0,3.0,26.0,307.0
48161,26470.0,1146.0,23314.0,1214.0,49.0,163.0,6.0,10.0,568.0
48162,29344.0,1089.0,26579.0,820.0,88.0,202.0,4.0,14.0,548.0
48164,9175.0,211.0,8363.0,317.0,47.0,71.0,0.0,7.0,159.0
48165,6339.0,225.0,5815.0,100.0,19.0,64.0,2.0,0.0,114.0
48166,11569.0,328.0,10854.0,125.0,41.0,44.0,1.0,4.0,172.0
48167,21534.0,557.0,18592.0,940.0,30.0,1043.0,1.0,24.0,347.0
48168,21781.0,467.0,17561.0,650.0,23.0,2702.0,9.0,28.0,341.0
48169,20813.0,282.0,20071.0,65.0,43.0,112.0,2.0,8.0,230.0
48170,39963.0,901.0,36311.0,829.0,91.0,1275.0,6.0,34.0,516.0
48173,12700.0,458.0,11343.0,491.0,64.0,183.0,5.0,2.0,154.0
48174,31515.0,1073.0,18061.0,10686.0,156.0,473.0,12.0,40.0,1014.0
48176,21447.0,585.0,19428.0,385.0,47.0,618.0,6.0,32.0,346.0
48177,218.0,1.0,211.0,0.0,0.0,4.0,0.0,0.0,2.0
48178,29320.0,656.0,27591.0,229.0,81.0,418.0,3.0,25.0,317.0
48179,3274.0,122.0,3066.0,42.0,4.0,9.0,0.0,0.0,31.0
48180,63131.0,3209.0,47177.0,9896.0,285.0,1111.0,16.0,84.0,1353.0
48182,21708.0,540.0,20633.0,107.0,45.0,164.0,3.0,20.0,196.0
48183,43182.0,1953.0,37693.0,1770.0,163.0,938.0,2.0,25.0,638.0
48184,17643.0,602.0,13129.0,2964.0,75.0,360.0,6.0,51.0,456.0
48185,47618.0,1679.0,34429.0,8552.0,181.0,1833.0,11.0,70.0,863.0
48186,36506.0,1486.0,27414.0,5808.0,172.0,693.0,2.0,64.0,867.0
48187,49148.0,1447.0,35898.0,4561.0,106.0,5992.0,14.0,88.0,1042.0
48188,41025.0,1375.0,27267.0,4509.0,100.0,6728.0,7.0,48.0,991.0
48189,13632.0,265.0,12835.0,150.0,53.0,107.0,4.0,23.0,195.0
48190,107.0,2.0,101.0,3.0,0.0,0.0,0.0,0.0,1.0
48191,4054.0,93.0,3487.0,317.0,10.0,27.0,1.0,22.0,97.0
48192,25883.0,1312.0,23562.0,327.0,146.0,129.0,6.0,15.0,386.0
48193,15623.0,634.0,13202.0,940.0,56.0,601.0,5.0,12.0,173.0
48195,30047.0,1956.0,25389.0,1635.0,116.0,488.0,5.0,21.0,437.0
48197,61132.0,3327.0,36043.0,15900.0,213.0,3024.0,32.0,182.0,2411.0
48198,38186.0,1599.0,20554.0,13418.0,151.0,889.0,4.0,104.0,1467.0
48201,12814.0,246.0,2437.0,8916.0,69.0,775.0,3.0,25.0,343.0
48202,16603.0,289.0,1869.0,13465.0,48.0,482.0,0.0,12.0,438.0
48203,28409.0,370.0,1470.0,25847.0,77.0,103.0,7.0,29.0,506.0
48204,27997.0,298.0,296.0,26890.0,67.0,12.0,2.0,29.0,403.0
48205,44045.0,310.0,1953.0,40231.0,89.0,745.0,1.0,61.0,655.0
48206,21954.0,242.0,466.0,20800.0,56.0,19.0,0.0,35.0,336.0
48207,20252.0,209.0,1440.0,17979.0,59.0,139.0,0.0,38.0,388.0
48208,10234.0,380.0,1044.0,8535.0,46.0,40.0,3.0,13.0,173.0
48209,32262.0,22453.0,6375.0,2738.0,119.0,86.0,4.0,25.0,462.0
48210,31017.0,15089.0,6499.0,8419.0,79.0,134.0,18.0,91.0,688.0
48211,7082.0,115.0,1960.0,4546.0,19.0,160.0,0.0,8.0,274.0
48212,39038.0,565.0,14321.0,14140.0,118.0,8369.0,7.0,93.0,1425.0
48213,27712.0,160.0,516.0,26549.0,71.0,28.0,0.0,27.0,361.0
48214,22759.0,166.0,1296.0,20731.0,79.0,64.0,1.0,35.0,387.0
48215,13565.0,117.0,696.0,12394.0,48.0,44.0,0.0,14.0,252.0
48216,5645.0,1966.0,1177.0,2320.0,34.0,12.0,2.0,1.0,133.0
48217,8210.0,1019.0,467.0,6569.0,23.0,7.0,1.0,7.0,117.0
48218,7903.0,884.0,2751.0,3933.0,38.0,17.0,2.0,8.0,270.0
48219,46931.0,421.0,3078.0,42326.0,108.0,148.0,4.0,69.0,777.0
48220,22319.0,585.0,16507.0,4155.0,92.0,262.0,13.0,29.0,676.0
48221,38727.0,346.0,1365.0,36022.0,82.0,206.0,5.0,71.0,630.0
48223,25336.0,292.0,1945.0,22401.0,73.0,49.0,3.0,31.0,542.0
48224,44439.0,409.0,3358.0,39613.0,96.0,103.0,2.0,74.0,784.0
48225,14554.0,289.0,6981.0,6673.0,33.0,204.0,3.0,23.0,348.0
48226,5302.0,182.0,1446.0,3290.0,27.0,216.0,0.0,4.0,137.0
48227,45380.0,368.0,676.0,43511.0,113.0,38.0,4.0,37.0,633.0
48228,52130.0,2069.0,8075.0,40610.0,128.0,103.0,10.0,95.0,1040.0
48229,9556.0,1290.0,3505.0,4378.0,58.0,27.0,1.0,18.0,279.0
48230,16976.0,389.0,14569.0,1386.0,24.0,289.0,7.0,33.0,279.0
48233,0.0,0.0,0.0,0.0,0.0,0.0,0.0,0.0,0.0
48234,36140.0,344.0,1237.0,33822.0,95.0,63.0,4.0,56.0,519.0
48235,45063.0,331.0,468.0,43414.0,99.0,53.0,3.0,44.0,651.0
48236,30607.0,543.0,26585.0,2434.0,39.0,635.0,1.0,21.0,349.0
48237,29319.0,423.0,10806.0,16748.0,54.0,417.0,3.0,48.0,820.0
48238,31743.0,206.0,249.0,30637.0,71.0,24.0,2.0,39.0,515.0
48239,35524.0,1059.0,19696.0,13521.0,125.0,286.0,1.0,48.0,788.0
48240,17722.0,525.0,12764.0,3758.0,93.0,163.0,4.0,16.0,399.0
48242,0.0,0.0,0.0,0.0,0.0,0.0,0.0,0.0,0.0
48243,0.0,0.0,0.0,0.0,0.0,0.0,0.0,0.0,0.0
48301,14127.0,211.0,12443.0,569.0,12.0,606.0,1.0,30.0,255.0
48302,15360.0,290.0,12131.0,1034.0,17.0,1560.0,2.0,38.0,288.0
48304,16009.0,324.0,13058.0,1146.0,13.0,1226.0,3.0,9.0,230.0
48306,26691.0,571.0,22990.0,756.0,39.0,1926.0,3.0,22.0,384.0
48307,41369.0,1443.0,32594.0,2031.0,73.0,4480.0,2.0,42.0,704.0
48309,29135.0,809.0,23753.0,1516.0,46.0,2515.0,2.0,30.0,464.0
48310,42766.0,670.0,34862.0,1979.0,58.0,3963.0,3.0,64.0,1167.0
48312,32720.0,604.0,26688.0,2550.0,75.0,2198.0,7.0,48.0,550.0
48313,33952.0,693.0,30349.0,1316.0,71.0,988.0,5.0,34.0,496.0
48314,20245.0,556.0,16837.0,793.0,42.0,1562.0,1.0,12.0,442.0
48315,26563.0,446.0,24105.0,698.0,67.0,883.0,5.0,2.0,357.0
48316,25404.0,473.0,23524.0,395.0,53.0,570.0,7.0,15.0,367.0
48317,26610.0,1041.0,22561.0,1286.0,74.0,1119.0,2.0,36.0,491.0
48320,4589.0,347.0,3852.0,200.0,13.0,74.0,0.0,13.0,90.0
48322,31265.0,421.0,21890.0,5022.0,30.0,3166.0,4.0,86.0,646.0
48323,17708.0,274.0,14419.0,1341.0,12.0,1318.0,2.0,13.0,329.0
48324,17350.0,351.0,14624.0,1090.0,18.0,941.0,1.0,29.0,296.0
48326,20298.0,1636.0,12638.0,3514.0,52.0,1870.0,7.0,21.0,560.0
48327,21559.0,1146.0,18592.0,915.0,63.0,429.0,2.0,11.0,401.0
48328,24960.0,2169.0,19905.0,1816.0,105.0,376.0,7.0,23.0,559.0
48329,25009.0,1231.0,22450.0,511.0,85.0,331.0,1.0,18.0,382.0
48331,21503.0,372.0,15798.0,2599.0,18.0,2318.0,2.0,25.0,371.0
48334,18540.0,325.0,12420.0,3781.0,17.0,1498.0,5.0,39.0,455.0
48335,22398.0,413.0,12984.0,4240.0,73.0,4239.0,4.0,45.0,400.0
48336,25486.0,599.0,18861.0,4095.0,62.0,1252.0,8.0,41.0,568.0
48340,24307.0,5840.0,8451.0,8414.0,100.0,705.0,1.0,18.0,778.0
48341,17139.0,1440.0,4357.0,10559.0,64.0,225.0,0.0,30.0,464.0
48342,18407.0,2558.0,3109.0,11624.0,79.0,441.0,1.0,21.0,574.0
48346,22567.0,1306.0,20076.0,428.0,69.0,303.0,6.0,4.0,375.0
48348,23387.0,702.0,21657.0,321.0,53.0,278.0,4.0,15.0,357.0
48350,7100.0,194.0,6669.0,82.0,12.0,68.0,0.0,4.0,71.0
48353,6481.0,138.0,6181.0,18.0,13.0,47.0,1.0,0.0,83.0
48356,8407.0,158.0,8076.0,21.0,25.0,29.0,0.0,8.0,90.0
48357,8170.0,151.0,7816.0,35.0,18.0,49.0,0.0,0.0,101.0
48359,8044.0,596.0,6721.0,355.0,28.0,192.0,6.0,5.0,141.0
48360,11651.0,365.0,10364.0,368.0,21.0,361.0,0.0,9.0,163.0
48362,15141.0,450.0,14090.0,180.0,34.0,190.0,0.0,6.0,191.0
48363,4978.0,97.0,4571.0,97.0,6.0,149.0,1.0,15.0,42.0
48367,4727.0,164.0,4433.0,24.0,15.0,32.0,0.0,6.0,53.0
48370,1685.0,21.0,1620.0,17.0,6.0,13.0,1.0,0.0,7.0
48371,23155.0,687.0,21568.0,286.0,57.0,248.0,10.0,14.0,285.0
48374,14049.0,336.0,10355.0,485.0,20.0,2592.0,0.0,8.0,253.0
48375,21801.0,614.0,15091.0,1766.0,39.0,3854.0,0.0,13.0,424.0
48377,15244.0,582.0,10329.0,1927.0,36.0,2081.0,1.0,17.0,271.0
48380,7404.0,163.0,6981.0,79.0,17.0,63.0,0.0,4.0,97.0
48381,12605.0,276.0,11873.0,85.0,39.0,127.0,4.0,28.0,173.0
48382,21945.0,416.0,20561.0,302.0,50.0,349.0,4.0,10.0,253.0
48383,12701.0,383.0,11891.0,106.0,46.0,88.0,3.0,5.0,179.0
48386,17434.0,516.0,16214.0,218.0,64.0,186.0,0.0,12.0,224.0
48390,22898.0,723.0,20250.0,620.0,52.0,807.0,2.0,24.0,420.0
48393,16111.0,861.0,12711.0,1513.0,43.0,676.0,1.0,18.0,288.0
48397,0.0,0.0,0.0,0.0,0.0,0.0,0.0,0.0,0.0
48401,1439.0,22.0,1376.0,10.0,5.0,11.0,0.0,2.0,13.0
48411,156.0,1.0,150.0,4.0,0.0,0.0,0.0,0.0,1.0
48412,5682.0,193.0,5366.0,14.0,25.0,11.0,0.0,0.0,73.0
48413,7551.0,140.0,7181.0,52.0,35.0,70.0,0.0,2.0,71.0
48414,2492.0,66.0,2384.0,7.0,10.0,6.0,0.0,1.0,18.0
48415,9471.0,302.0,8937.0,57.0,41.0,29.0,1.0,0.0,104.0
48416,5002.0,118.0,4784.0,9.0,18.0,8.0,0.0,0.0,65.0
48417,2983.0,150.0,2741.0,21.0,19.0,6.0,2.0,2.0,42.0
48418,4312.0,56.0,4181.0,2.0,19.0,13.0,3.0,1.0,37.0
48419,2740.0,85.0,2596.0,2.0,10.0,9.0,0.0,0.0,38.0
48420,22078.0,582.0,20621.0,365.0,109.0,58.0,4.0,16.0,323.0
48421,6647.0,169.0,6355.0,13.0,33.0,8.0,0.0,0.0,69.0
48422,6400.0,472.0,5810.0,18.0,30.0,8.0,3.0,2.0,57.0
48423,32708.0,1005.0,30099.0,701.0,146.0,212.0,5.0,36.0,504.0
48426,1022.0,32.0,975.0,4.0,4.0,1.0,0.0,0.0,6.0
48427,2879.0,121.0,2706.0,3.0,10.0,8.0,0.0,3.0,28.0
48428,5027.0,69.0,4876.0,4.0,14.0,21.0,0.0,0.0,43.0
48429,8944.0,184.0,8566.0,24.0,62.0,16.0,6.0,2.0,84.0
48430,36738.0,817.0,34768.0,253.0,110.0,286.0,5.0,14.0,485.0
48432,636.0,19.0,604.0,1.0,2.0,2.0,0.0,0.0,8.0
48433,26497.0,615.0,23921.0,1203.0,126.0,226.0,9.0,15.0,382.0
48434,104.0,7.0,94.0,0.0,2.0,0.0,0.0,0.0,1.0
48435,2083.0,30.0,2007.0,8.0,19.0,5.0,0.0,0.0,14.0
48436,3764.0,68.0,3606.0,19.0,18.0,8.0,0.0,3.0,42.0
48437,581.0,19.0,532.0,28.0,1.0,0.0,0.0,0.0,1.0
48438,6951.0,133.0,6685.0,43.0,15.0,28.0,2.0,0.0,45.0
48439,49209.0,1340.0,40476.0,4660.0,162.0,1558.0,11.0,43.0,959.0
48440,157.0,6.0,142.0,0.0,1.0,1.0,0.0,0.0,7.0
48441,4085.0,39.0,3950.0,8.0,15.0,29.0,0.0,2.0,42.0
48442,20669.0,642.0,18961.0,424.0,97.0,256.0,5.0,11.0,273.0
48444,9327.0,1446.0,7644.0,43.0,21.0,41.0,0.0,1.0,131.0
48445,1370.0,19.0,1328.0,1.0,8.0,9.0,0.0,0.0,5.0
48446,30749.0,882.0,28452.0,724.0,165.0,149.0,3.0,6.0,368.0
48449,3147.0,113.0,2934.0,17.0,23.0,7.0,4.0,2.0,47.0
48450,4780.0,88.0,4625.0,10.0,15.0,11.0,0.0,3.0,28.0
48451,14767.0,237.0,14090.0,62.0,76.0,73.0,8.0,9.0,212.0
48453,5146.0,166.0,4884.0,14.0,15.0,22.0,0.0,0.0,45.0
48454,1324.0,16.0,1289.0,4.0,4.0,3.0,0.0,0.0,8.0
48455,7974.0,140.0,7688.0,27.0,17.0,38.0,0.0,7.0,57.0
48456,858.0,11.0,839.0,0.0,1.0,2.0,0.0,0.0,5.0
48457,8436.0,262.0,7850.0,138.0,53.0,12.0,0.0,7.0,114.0
48458,20538.0,682.0,13889.0,5230.0,119.0,47.0,3.0,25.0,543.0
48460,2330.0,26.0,2260.0,12.0,3.0,12.0,0.0,1.0,16.0
48461,8428.0,241.0,8056.0,30.0,17.0,6.0,3.0,0.0,75.0
48462,13266.0,257.0,12594.0,96.0,42.0,139.0,3.0,6.0,129.0
48463,4627.0,70.0,4407.0,80.0,17.0,4.0,0.0,4.0,45.0
48464,2231.0,51.0,2117.0,7.0,26.0,5.0,1.0,0.0,24.0
48465,629.0,15.0,605.0,2.0,2.0,1.0,0.0,0.0,4.0
48466,1578.0,55.0,1481.0,12.0,11.0,1.0,2.0,0.0,16.0
48467,2337.0,38.0,2267.0,4.0,2.0,7.0,4.0,0.0,15.0
48468,1294.0,53.0,1214.0,2.0,12.0,1.0,0.0,0.0,12.0
48469,1245.0,18.0,1192.0,3.0,8.0,2.0,0.0,3.0,19.0
48470,784.0,9.0,753.0,17.0,0.0,0.0,0.0,0.0,5.0
48471,5745.0,196.0,5397.0,47.0,12.0,41.0,2.0,3.0,47.0
48472,1912.0,53.0,1839.0,1.0,10.0,0.0,0.0,2.0,7.0
48473,22507.0,578.0,20709.0,695.0,64.0,141.0,3.0,7.0,310.0
48475,2766.0,20.0,2722.0,5.0,4.0,2.0,0.0,2.0,11.0
48476,577.0,16.0,552.0,1.0,4.0,0.0,0.0,3.0,1.0
48502,1164.0,28.0,553.0,554.0,1.0,11.0,0.0,3.0,14.0
48503,25168.0,853.0,10413.0,12569.0,118.0,222.0,5.0,53.0,935.0
48504,30926.0,683.0,7913.0,21146.0,121.0,91.0,5.0,43.0,924.0
48505,25710.0,639.0,2566.0,21670.0,109.0,14.0,2.0,32.0,678.0
48506,30019.0,2062.0,23504.0,3112.0,223.0,116.0,3.0,21.0,978.0
48507,30607.0,1241.0,21335.0,6672.0,156.0,155.0,13.0,24.0,1011.0
48509,9470.0,306.0,8604.0,311.0,50.0,51.0,2.0,6.0,140.0
48519,7465.0,224.0,6294.0,722.0,41.0,41.0,0.0,2.0,141.0
48529,10271.0,341.0,8507.0,974.0,78.0,35.0,4.0,6.0,326.0
48532,19375.0,519.0,11528.0,6152.0,101.0,480.0,1.0,26.0,568.0
48551,0.0,0.0,0.0,0.0,0.0,0.0,0.0,0.0,0.0
48553,0.0,0.0,0.0,0.0,0.0,0.0,0.0,0.0,0.0
48554,0.0,0.0,0.0,0.0,0.0,0.0,0.0,0.0,0.0
48601,38406.0,4567.0,9527.0,23230.0,164.0,65.0,4.0,33.0,816.0
48602,30119.0,4399.0,18149.0,6428.0,90.0,131.0,7.0,54.0,861.0
48603,26913.0,1657.0,21297.0,2293.0,48.0,1129.0,26.0,32.0,431.0
48604,13074.0,1035.0,10385.0,1212.0,39.0,168.0,2.0,10.0,223.0
48607,1774.0,209.0,252.0,1274.0,10.0,6.0,0.0,3.0,20.0
48609,12461.0,481.0,11652.0,100.0,28.0,93.0,1.0,6.0,100.0
48610,3083.0,46.0,2925.0,8.0,47.0,16.0,0.0,0.0,41.0
48611,6554.0,142.0,6293.0,19.0,23.0,33.0,2.0,5.0,37.0
48612,9259.0,144.0,8964.0,24.0,36.0,18.0,1.0,0.0,72.0
48613,1158.0,13.0,1124.0,1.0,12.0,0.0,0.0,0.0,8.0
48614,1376.0,30.0,1328.0,2.0,7.0,1.0,0.0,0.0,8.0
48615,3058.0,125.0,2882.0,8.0,17.0,4.0,0.0,0.0,22.0
48616,7513.0,320.0,7057.0,35.0,33.0,13.0,0.0,2.0,53.0
48617,8857.0,140.0,8450.0,56.0,63.0,45.0,0.0,4.0,99.0
48618,5393.0,90.0,5165.0,11.0,31.0,8.0,1.0,3.0,84.0
48619,465.0,1.0,454.0,0.0,1.0,0.0,0.0,0.0,9.0
48621,1359.0,9.0,1329.0,0.0,6.0,2.0,0.0,0.0,13.0
48622,6491.0,86.0,6248.0,20.0,44.0,19.0,4.0,7.0,63.0
48623,13993.0,391.0,12392.0,924.0,62.0,99.0,5.0,4.0,116.0
48624,15810.0,166.0,15354.0,28.0,60.0,60.0,0.0,4.0,138.0
48625,13152.0,223.0,12505.0,73.0,83.0,36.0,3.0,1.0,228.0
48626,6078.0,162.0,5828.0,19.0,18.0,11.0,0.0,0.0,40.0
48627,141.0,2.0,134.0,0.0,2.0,0.0,0.0,0.0,3.0
48628,1938.0,14.0,1868.0,12.0,7.0,14.0,0.0,0.0,23.0
48629,7854.0,90.0,7592.0,20.0,48.0,16.0,1.0,2.0,85.0
48630,69.0,0.0,69.0,0.0,0.0,0.0,0.0,0.0,0.0
48631,4643.0,82.0,4458.0,8.0,21.0,8.0,1.0,0.0,65.0
48632,5125.0,83.0,4900.0,14.0,48.0,0.0,1.0,1.0,78.0
48633,210.0,1.0,202.0,0.0,2.0,0.0,0.0,0.0,5.0
48634,4371.0,96.0,4201.0,11.0,26.0,8.0,1.0,0.0,28.0
48635,1573.0,11.0,1530.0,0.0,2.0,11.0,0.0,0.0,19.0
48636,864.0,12.0,831.0,1.0,7.0,0.0,0.0,0.0,13.0
48637,3359.0,129.0,3187.0,7.0,13.0,2.0,1.0,2.0,18.0
48638,12922.0,907.0,10377.0,1151.0,26.0,238.0,3.0,17.0,203.0
48640,32690.0,678.0,30187.0,500.0,129.0,729.0,6.0,23.0,438.0
48642,32277.0,740.0,29682.0,445.0,98.0,777.0,39.0,33.0,463.0
48647,4420.0,48.0,4272.0,12.0,24.0,5.0,3.0,2.0,54.0
48649,1576.0,57.0,1487.0,13.0,3.0,9.0,0.0,0.0,7.0
48650,7253.0,171.0,6938.0,20.0,42.0,10.0,0.0,1.0,71.0
48651,4690.0,65.0,4495.0,27.0,29.0,25.0,0.0,1.0,48.0
48652,1548.0,25.0,1508.0,0.0,9.0,1.0,0.0,0.0,5.0
48653,10293.0,114.0,9965.0,38.0,44.0,31.0,0.0,0.0,101.0
48654,2521.0,27.0,2455.0,1.0,18.0,2.0,1.0,0.0,17.0
48655,6460.0,288.0,6031.0,30.0,32.0,7.0,0.0,2.0,70.0
48656,4058.0,43.0,3904.0,8.0,28.0,8.0,1.0,0.0,66.0
48657,7981.0,100.0,7738.0,9.0,35.0,21.0,0.0,1.0,77.0
48658,5138.0,101.0,4861.0,18.0,80.0,10.0,1.0,3.0,64.0
48659,2850.0,39.0,2745.0,0.0,28.0,2.0,4.0,0.0,32.0
48661,10691.0,136.0,10333.0,23.0,56.0,48.0,3.0,6.0,86.0
48662,1594.0,63.0,1525.0,0.0,1.0,1.0,0.0,0.0,4.0
48667,0.0,0.0,0.0,0.0,0.0,0.0,0.0,0.0,0.0
48701,1368.0,69.0,1271.0,1.0,7.0,1.0,0.0,1.0,18.0
48703,3238.0,42.0,3113.0,3.0,22.0,9.0,0.0,0.0,49.0
48705,535.0,1.0,514.0,0.0,5.0,3.0,0.0,0.0,12.0
48706,40596.0,1714.0,37288.0,442.0,178.0,320.0,5.0,12.0,637.0
48708,27262.0,2344.0,23076.0,903.0,124.0,91.0,4.0,14.0,706.0
48710,0.0,0.0,0.0,0.0,0.0,0.0,0.0,0.0,0.0
48720,1042.0,19.0,1011.0,3.0,1.0,4.0,0.0,0.0,4.0
48721,411.0,6.0,404.0,0.0,0.0,1.0,0.0,0.0,0.0
48722,3123.0,226.0,2501.0,335.0,3.0,13.0,0.0,1.0,44.0
48723,12479.0,519.0,11526.0,187.0,71.0,48.0,11.0,4.0,113.0
48724,359.0,61.0,235.0,43.0,0.0,0.0,0.0,0.0,20.0
48725,2464.0,24.0,2404.0,3.0,4.0,5.0,0.0,0.0,24.0
48726,6172.0,139.0,5916.0,19.0,18.0,14.0,0.0,4.0,62.0
48727,1269.0,28.0,1201.0,11.0,8.0,1.0,0.0,0.0,20.0
48728,290.0,3.0,285.0,1.0,1.0,0.0,0.0,0.0,0.0
48729,1586.0,14.0,1550.0,0.0,5.0,0.0,0.0,0.0,17.0
48730,4716.0,70.0,4519.0,13.0,18.0,35.0,1.0,1.0,59.0
48731,1683.0,33.0,1613.0,10.0,3.0,1.0,0.0,0.0,23.0
48732,11483.0,391.0,10657.0,140.0,32.0,85.0,0.0,9.0,169.0
48733,1758.0,60.0,1654.0,10.0,10.0,1.0,0.0,0.0,23.0
48734,7444.0,141.0,7163.0,33.0,10.0,59.0,1.0,2.0,35.0
48735,1051.0,42.0,997.0,3.0,3.0,1.0,0.0,0.0,5.0
48737,1245.0,6.0,1215.0,2.0,2.0,0.0,0.0,1.0,19.0
48738,1269.0,10.0,1245.0,1.0,6.0,2.0,0.0,1.0,4.0
48739,4043.0,37.0,3909.0,23.0,27.0,4.0,0.0,0.0,43.0
48740,2556.0,37.0,2459.0,6.0,28.0,8.0,1.0,0.0,17.0
48741,2086.0,41.0,1996.0,11.0,5.0,12.0,0.0,1.0,20.0
48742,1647.0,14.0,1611.0,1.0,1.0,2.0,0.0,2.0,16.0
48743,63.0,0.0,63.0,0.0,0.0,0.0,0.0,0.0,0.0
48744,4615.0,75.0,4448.0,18.0,17.0,7.0,0.0,0.0,50.0
48745,1346.0,18.0,1292.0,1.0,20.0,3.0,0.0,0.0,12.0
48746,8528.0,178.0,8135.0,50.0,38.0,21.0,1.0,10.0,95.0
48747,1494.0,40.0,1427.0,1.0,8.0,2.0,0.0,0.0,16.0
48748,1693.0,13.0,1635.0,4.0,7.0,8.0,0.0,2.0,24.0
48749,1094.0,12.0,1041.0,3.0,19.0,1.0,0.0,2.0,16.0
48750,8846.0,199.0,8298.0,62.0,70.0,47.0,11.0,5.0,154.0
48754,1001.0,28.0,963.0,0.0,1.0,3.0,0.0,0.0,6.0
48755,3110.0,93.0,2986.0,5.0,4.0,5.0,0.0,0.0,17.0
48756,4640.0,105.0,4373.0,12.0,38.0,2.0,2.0,2.0,106.0
48757,3817.0,138.0,3601.0,16.0,17.0,24.0,2.0,0.0,19.0
48759,3293.0,123.0,3132.0,7.0,11.0,7.0,0.0,0.0,13.0
48760,1351.0,21.0,1254.0,42.0,9.0,4.0,0.0,0.0,21.0
48761,1026.0,7.0,1003.0,2.0,3.0,1.0,0.0,0.0,10.0
48762,1139.0,13.0,1112.0,3.0,2.0,0.0,0.0,1.0,8.0
48763,5012.0,51.0,4853.0,14.0,20.0,31.0,1.0,3.0,39.0
48765,725.0,7.0,702.0,2.0,5.0,0.0,3.0,1.0,5.0
48766,1270.0,16.0,1221.0,1.0,20.0,2.0,0.0,2.0,8.0
48767,2162.0,61.0,2080.0,1.0,4.0,4.0,2.0,1.0,9.0
48768,9832.0,228.0,9170.0,267.0,17.0,21.0,1.0,16.0,112.0
48770,1891.0,33.0,1812.0,5.0,16.0,1.0,0.0,0.0,24.0
48801,12923.0,936.0,11594.0,80.0,64.0,91.0,3.0,5.0,150.0
48806,1676.0,34.0,1609.0,9.0,2.0,5.0,4.0,0.0,13.0
48807,916.0,21.0,877.0,1.0,2.0,1.0,0.0,0.0,14.0
48808,5178.0,171.0,4709.0,76.0,25.0,87.0,3.0,3.0,104.0
48809,11015.0,417.0,10346.0,33.0,36.0,55.0,3.0,5.0,120.0
48811,5641.0,134.0,4188.0,1254.0,23.0,17.0,0.0,1.0,24.0
48813,21182.0,814.0,19823.0,175.0,56.0,81.0,2.0,7.0,224.0
48815,2259.0,62.0,2141.0,4.0,7.0,14.0,1.0,1.0,29.0
48816,121.0,1.0,118.0,0.0,2.0,0.0,0.0,0.0,0.0
48817,6422.0,135.0,6102.0,42.0,20.0,45.0,0.0,3.0,75.0
48818,2407.0,54.0,2305.0,10.0,6.0,5.0,0.0,0.0,27.0
48819,2701.0,49.0,2596.0,13.0,8.0,8.0,0.0,1.0,26.0
48820,16641.0,636.0,15160.0,324.0,74.0,190.0,2.0,7.0,248.0
48821,5836.0,219.0,5276.0,138.0,22.0,83.0,1.0,1.0,96.0
48822,2714.0,65.0,2590.0,25.0,5.0,6.0,0.0,2.0,21.0
48823,51302.0,1882.0,39438.0,3230.0,142.0,5129.0,25.0,96.0,1360.0
48825,12596.0,432.0,9661.0,1092.0,23.0,1074.0,3.0,14.0,297.0
48827,15971.0,598.0,14850.0,140.0,60.0,79.0,1.0,11.0,232.0
48829,3254.0,110.0,3054.0,12.0,12.0,7.0,0.0,1.0,58.0
48831,3512.0,147.0,3313.0,10.0,17.0,5.0,0.0,0.0,20.0
48832,1393.0,38.0,1333.0,1.0,5.0,0.0,0.0,0.0,16.0
48834,2090.0,54.0,2009.0,8.0,6.0,6.0,0.0,0.0,7.0
48835,2680.0,51.0,2590.0,12.0,3.0,9.0,0.0,2.0,13.0
48836,13510.0,247.0,12914.0,44.0,73.0,64.0,1.0,4.0,163.0
48837,18926.0,690.0,17401.0,237.0,59.0,207.0,5.0,24.0,303.0
48838,17863.0,787.0,16585.0,72.0,64.0,92.0,6.0,8.0,249.0
48840,12501.0,456.0,10928.0,375.0,47.0,440.0,0.0,17.0,238.0
48841,826.0,17.0,795.0,1.0,5.0,2.0,1.0,0.0,5.0
48842,20432.0,1086.0,17215.0,980.0,93.0,520.0,6.0,26.0,506.0
48843,42931.0,1081.0,40541.0,190.0,156.0,411.0,38.0,37.0,477.0
48845,1003.0,24.0,964.0,2.0,2.0,1.0,0.0,1.0,9.0
48846,20269.0,1343.0,15710.0,2831.0,78.0,76.0,2.0,16.0,213.0
48847,6041.0,324.0,5589.0,29.0,29.0,20.0,1.0,5.0,44.0
48848,7789.0,154.0,7434.0,40.0,35.0,33.0,0.0,3.0,90.0
48849,5717.0,315.0,5258.0,17.0,13.0,37.0,0.0,1.0,76.0
48850,4474.0,114.0,4271.0,9.0,10.0,12.0,0.0,0.0,58.0
48851,2365.0,68.0,2259.0,5.0,2.0,3.0,0.0,0.0,28.0
48852,150.0,2.0,147.0,0.0,0.0,0.0,0.0,0.0,1.0
48853,671.0,10.0,645.0,1.0,0.0,4.0,0.0,0.0,11.0
48854,18598.0,601.0,17001.0,551.0,68.0,136.0,5.0,15.0,221.0
48855,14752.0,219.0,14153.0,27.0,59.0,121.0,12.0,11.0,150.0
48856,966.0,99.0,848.0,3.0,3.0,0.0,0.0,2.0,11.0
48857,2453.0,37.0,2371.0,1.0,7.0,7.0,0.0,0.0,30.0
48858,50025.0,1698.0,42593.0,1540.0,1834.0,1087.0,12.0,36.0,1225.0
48860,1334.0,33.0,1269.0,1.0,7.0,9.0,0.0,0.0,15.0
48861,1522.0,37.0,1466.0,4.0,2.0,0.0,0.0,0.0,13.0
48864,20148.0,659.0,14809.0,972.0,44.0,3134.0,8.0,55.0,467.0
48865,1903.0,114.0,1761.0,2.0,9.0,3.0,0.0,0.0,14.0
48866,4851.0,199.0,4552.0,28.0,11.0,8.0,2.0,5.0,46.0
48867,28264.0,852.0,26736.0,127.0,99.0,94.0,5.0,10.0,341.0
48870,148.0,4.0,144.0,0.0,0.0,0.0,0.0,0.0,0.0
48871,1952.0,48.0,1856.0,14.0,8.0,5.0,0.0,4.0,17.0
48872,7840.0,120.0,7493.0,42.0,33.0,36.0,3.0,9.0,104.0
48873,1615.0,22.0,1542.0,6.0,7.0,3.0,0.0,0.0,35.0
48874,180.0,10.0,169.0,0.0,0.0,0.0,0.0,0.0,1.0
48875,10186.0,243.0,9723.0,42.0,35.0,33.0,0.0,3.0,107.0
48876,4014.0,211.0,3632.0,49.0,22.0,21.0,1.0,4.0,74.0
48877,2392.0,69.0,2301.0,5.0,4.0,1.0,0.0,0.0,12.0
48878,1677.0,45.0,1526.0,16.0,48.0,2.0,0.0,1.0,39.0
48879,18075.0,692.0,16805.0,139.0,102.0,80.0,5.0,12.0,240.0
48880,10669.0,561.0,7770.0,2191.0,55.0,20.0,0.0,1.0,71.0
48881,5501.0,124.0,5275.0,14.0,22.0,19.0,0.0,0.0,47.0
48883,7122.0,233.0,6662.0,17.0,94.0,19.0,0.0,0.0,97.0
48884,4427.0,135.0,4193.0,13.0,17.0,16.0,0.0,1.0,52.0
48885,927.0,28.0,884.0,2.0,2.0,6.0,0.0,0.0,5.0
48886,2116.0,44.0,2017.0,6.0,14.0,1.0,0.0,1.0,33.0
48888,6366.0,198.0,6032.0,39.0,27.0,16.0,4.0,1.0,49.0
48889,1322.0,26.0,1277.0,4.0,2.0,2.0,0.0,0.0,11.0
48890,2152.0,63.0,2057.0,6.0,2.0,5.0,0.0,1.0,18.0
48891,2985.0,90.0,2818.0,19.0,16.0,10.0,2.0,1.0,29.0
48892,4382.0,90.0,4181.0,20.0,27.0,10.0,0.0,1.0,53.0
48893,5212.0,125.0,4831.0,23.0,117.0,21.0,2.0,0.0,93.0
48894,2059.0,40.0,1991.0,2.0,2.0,5.0,0.0,0.0,19.0
48895,11189.0,260.0,10481.0,81.0,36.0,135.0,2.0,13.0,181.0
48896,154.0,1.0,151.0,2.0,0.0,0.0,0.0,0.0,0.0
48897,1525.0,39.0,1457.0,4.0,5.0,4.0,0.0,0.0,16.0
48906,26634.0,3843.0,17127.0,3570.0,211.0,681.0,8.0,43.0,1151.0
48910,34560.0,3698.0,21938.0,5955.0,195.0,1283.0,7.0,62.0,1422.0
48911,40111.0,4411.0,20084.0,11558.0,175.0,1902.0,15.0,80.0,1886.0
48912,17035.0,1926.0,11247.0,2567.0,121.0,518.0,5.0,25.0,626.0
48915,9218.0,1259.0,4271.0,2923.0,44.0,174.0,1.0,15.0,531.0
48917,32062.0,2470.0,23089.0,4079.0,163.0,1182.0,3.0,51.0,1025.0
48921,0.0,0.0,0.0,0.0,0.0,0.0,0.0,0.0,0.0
48933,2530.0,264.0,1442.0,569.0,14.0,136.0,3.0,3.0,99.0
49001,22095.0,2361.0,13720.0,4694.0,133.0,173.0,3.0,41.0,970.0
49002,18786.0,529.0,16542.0,695.0,95.0,420.0,6.0,20.0,479.0
49004,15645.0,492.0,13020.0,1373.0,68.0,189.0,4.0,34.0,465.0
49006,26455.0,1021.0,20228.0,3582.0,76.0,717.0,8.0,69.0,754.0
49007,10762.0,511.0,4684.0,4907.0,46.0,78.0,4.0,15.0,517.0
49008,16186.0,703.0,13052.0,1529.0,48.0,346.0,3.0,21.0,484.0
49009,42362.0,1300.0,35391.0,3175.0,111.0,1299.0,14.0,63.0,1009.0
49010,17374.0,480.0,16116.0,337.0,74.0,82.0,1.0,2.0,282.0
49011,2285.0,31.0,2177.0,11.0,13.0,2.0,2.0,0.0,49.0
49012,3339.0,60.0,3144.0,28.0,16.0,23.0,0.0,2.0,66.0
49013,5508.0,798.0,4113.0,384.0,40.0,21.0,5.0,9.0,138.0
49014,22127.0,1408.0,18012.0,1783.0,124.0,210.0,5.0,20.0,565.0
49015,26782.0,1456.0,21655.0,1685.0,128.0,1073.0,15.0,32.0,738.0
49017,20785.0,817.0,16748.0,2336.0,114.0,130.0,6.0,34.0,600.0
49021,6182.0,112.0,5924.0,31.0,18.0,10.0,0.0,4.0,83.0
49022,31814.0,1355.0,11721.0,17815.0,138.0,101.0,4.0,26.0,654.0
49024,28552.0,910.0,23820.0,1515.0,99.0,1352.0,11.0,52.0,793.0
49026,2186.0,107.0,2000.0,32.0,10.0,3.0,0.0,8.0,26.0
49027,161.0,38.0,110.0,2.0,6.0,0.0,0.0,0.0,5.0
49028,6387.0,589.0,5640.0,37.0,28.0,14.0,0.0,1.0,78.0
49029,1606.0,15.0,1569.0,2.0,4.0,1.0,0.0,0.0,15.0
49030,2523.0,61.0,2405.0,11.0,8.0,19.0,0.0,1.0,18.0
49031,7884.0,181.0,6271.0,1007.0,62.0,83.0,0.0,20.0,260.0
49032,3105.0,33.0,2940.0,58.0,2.0,15.0,0.0,1.0,56.0
49033,1760.0,25.0,1699.0,10.0,7.0,7.0,0.0,0.0,12.0
49034,2389.0,37.0,2310.0,13.0,7.0,3.0,0.0,0.0,19.0
49036,24868.0,1022.0,21968.0,1307.0,81.0,142.0,2.0,13.0,333.0
49037,22576.0,1146.0,13818.0,5955.0,128.0,510.0,4.0,32.0,983.0
49038,9310.0,435.0,8449.0,158.0,53.0,51.0,3.0,4.0,157.0
49040,3388.0,26.0,3287.0,11.0,9.0,12.0,0.0,1.0,42.0
49042,4892.0,133.0,4546.0,60.0,30.0,24.0,0.0,6.0,93.0
49043,2462.0,759.0,974.0,613.0,16.0,3.0,0.0,8.0,89.0
49045,5598.0,512.0,4745.0,115.0,67.0,28.0,1.0,1.0,129.0
49046,7281.0,157.0,6939.0,28.0,35.0,24.0,0.0,2.0,96.0
49047,14805.0,856.0,11929.0,1052.0,321.0,80.0,1.0,31.0,535.0
49048,25432.0,1238.0,17812.0,4851.0,105.0,327.0,19.0,44.0,1036.0
49050,1557.0,12.0,1523.0,3.0,4.0,1.0,0.0,0.0,14.0
49051,2436.0,48.0,2331.0,3.0,15.0,14.0,2.0,0.0,23.0
49052,975.0,25.0,901.0,1.0,40.0,2.0,0.0,0.0,6.0
49053,7028.0,164.0,6546.0,115.0,33.0,53.0,0.0,11.0,106.0
49055,6276.0,169.0,5877.0,67.0,38.0,10.0,0.0,4.0,111.0
49056,4016.0,561.0,3216.0,126.0,36.0,2.0,1.0,4.0,70.0
49057,6795.0,1792.0,4619.0,77.0,118.0,21.0,1.0,5.0,162.0
49058,19127.0,430.0,18300.0,48.0,74.0,56.0,2.0,5.0,212.0
49060,1738.0,28.0,1662.0,4.0,5.0,23.0,0.0,0.0,16.0
49061,1622.0,28.0,1504.0,38.0,8.0,6.0,0.0,1.0,37.0
49064,3717.0,605.0,2941.0,77.0,23.0,12.0,0.0,1.0,58.0
49065,6662.0,492.0,5977.0,52.0,21.0,19.0,2.0,4.0,95.0
49066,722.0,7.0,699.0,1.0,4.0,1.0,0.0,0.0,10.0
49067,4522.0,91.0,4271.0,60.0,19.0,25.0,0.0,2.0,54.0
49068,14646.0,479.0,13738.0,97.0,69.0,77.0,4.0,14.0,168.0
49070,2451.0,114.0,2273.0,10.0,5.0,11.0,0.0,0.0,38.0
49071,9174.0,278.0,8502.0,121.0,47.0,57.0,0.0,4.0,165.0
49072,3164.0,53.0,3016.0,27.0,20.0,13.0,0.0,2.0,33.0
49073,4951.0,71.0,4773.0,10.0,23.0,13.0,0.0,3.0,58.0
49074,149.0,1.0,134.0,12.0,0.0,1.0,0.0,0.0,1.0
49075,121.0,7.0,112.0,0.0,0.0,0.0,0.0,0.0,2.0
49076,4589.0,138.0,4238.0,109.0,7.0,19.0,0.0,8.0,70.0
49078,8902.0,220.0,8459.0,36.0,20.0,40.0,0.0,9.0,118.0
49079,13606.0,652.0,12378.0,193.0,42.0,62.0,3.0,10.0,266.0
49080,15802.0,379.0,14863.0,173.0,77.0,73.0,5.0,8.0,224.0
49082,6579.0,98.0,6382.0,14.0,9.0,21.0,0.0,6.0,49.0
49083,6961.0,185.0,6509.0,50.0,16.0,90.0,1.0,3.0,107.0
49084,36.0,0.0,31.0,4.0,0.0,0.0,0.0,0.0,1.0
49085,23804.0,659.0,21125.0,761.0,54.0,836.0,9.0,22.0,338.0
49087,6126.0,122.0,5846.0,35.0,30.0,31.0,0.0,0.0,62.0
49088,3648.0,43.0,3539.0,16.0,7.0,10.0,0.0,0.0,33.0
49089,1875.0,18.0,1798.0,9.0,22.0,0.0,0.0,0.0,28.0
49090,13810.0,1197.0,10859.0,1272.0,104.0,72.0,3.0,8.0,295.0
49091,19872.0,2950.0,16146.0,190.0,50.0,175.0,1.0,20.0,340.0
49092,2187.0,27.0,2093.0,3.0,6.0,8.0,0.0,0.0,50.0
49093,18380.0,611.0,15949.0,1174.0,79.0,133.0,0.0,14.0,420.0
49094,4104.0,54.0,3927.0,15.0,25.0,15.0,0.0,2.0,66.0
49095,1960.0,41.0,1562.0,235.0,4.0,40.0,0.0,3.0,75.0
49096,3316.0,53.0,3185.0,2.0,18.0,6.0,0.0,0.0,52.0
49097,10326.0,204.0,9858.0,55.0,21.0,48.0,0.0,5.0,135.0
49098,5966.0,390.0,5267.0,96.0,41.0,26.0,0.0,8.0,138.0
49099,5629.0,152.0,5330.0,22.0,35.0,18.0,1.0,3.0,68.0
49101,3104.0,127.0,2888.0,19.0,7.0,11.0,1.0,1.0,50.0
49102,1563.0,109.0,1277.0,111.0,2.0,32.0,0.0,0.0,32.0
49103,11082.0,1204.0,7072.0,1580.0,47.0,744.0,75.0,39.0,321.0
49104,868.0,133.0,348.0,237.0,1.0,98.0,1.0,3.0,47.0
49106,4636.0,125.0,4350.0,33.0,19.0,45.0,1.0,5.0,58.0
49107,10382.0,249.0,9339.0,431.0,89.0,30.0,1.0,17.0,226.0
49111,3346.0,288.0,2842.0,107.0,37.0,6.0,0.0,3.0,63.0
49112,10171.0,193.0,9625.0,88.0,27.0,44.0,4.0,9.0,181.0
49113,1904.0,26.0,1812.0,10.0,19.0,6.0,0.0,0.0,31.0
49115,294.0,7.0,279.0,0.0,0.0,3.0,0.0,0.0,5.0
49116,394.0,6.0,373.0,9.0,3.0,0.0,0.0,0.0,3.0
49117,3951.0,140.0,3671.0,54.0,16.0,18.0,6.0,2.0,44.0
49119,136.0,3.0,116.0,9.0,3.0,0.0,0.0,0.0,5.0
49120,37122.0,1579.0,31886.0,2234.0,210.0,225.0,11.0,16.0,961.0
49125,2046.0,54.0,1932.0,18.0,7.0,21.0,0.0,0.0,14.0
49126,1341.0,133.0,1099.0,76.0,6.0,9.0,0.0,3.0,15.0
49127,10694.0,330.0,9720.0,256.0,39.0,188.0,2.0,5.0,154.0
49128,3715.0,90.0,3504.0,34.0,22.0,11.0,2.0,2.0,50.0
49129,609.0,17.0,534.0,45.0,0.0,8.0,0.0,0.0,5.0
49130,1659.0,25.0,1599.0,3.0,3.0,9.0,0.0,0.0,20.0
49201,45190.0,1282.0,37909.0,4669.0,170.0,323.0,8.0,22.0,807.0
49202,20661.0,1051.0,16855.0,1789.0,70.0,217.0,2.0,23.0,654.0
49203,38280.0,1418.0,29338.0,5631.0,102.0,360.0,12.0,70.0,1349.0
49220,2290.0,48.0,2195.0,10.0,3.0,2.0,0.0,0.0,32.0
49221,41310.0,5484.0,32518.0,2064.0,160.0,272.0,4.0,27.0,781.0
49224,14224.0,666.0,10225.0,2804.0,55.0,107.0,7.0,10.0,350.0
49227,1284.0,20.0,1241.0,5.0,1.0,3.0,0.0,1.0,13.0
49228,5545.0,242.0,5203.0,19.0,16.0,10.0,1.0,2.0,52.0
49229,3245.0,82.0,3093.0,7.0,7.0,25.0,5.0,4.0,22.0
49230,10475.0,192.0,10049.0,35.0,27.0,53.0,6.0,4.0,109.0
49232,2801.0,22.0,2742.0,3.0,5.0,9.0,0.0,0.0,20.0
49233,2646.0,49.0,2544.0,10.0,5.0,6.0,0.0,0.0,32.0
49234,2579.0,64.0,2476.0,2.0,11.0,7.0,0.0,2.0,17.0
49235,2117.0,136.0,1930.0,12.0,9.0,2.0,0.0,2.0,26.0
49236,4838.0,123.0,4487.0,96.0,29.0,24.0,2.0,0.0,77.0
49237,2980.0,49.0,2886.0,11.0,7.0,3.0,0.0,2.0,22.0
49238,1735.0,96.0,1584.0,5.0,11.0,1.0,0.0,2.0,36.0
49240,8703.0,131.0,8297.0,91.0,28.0,21.0,2.0,8.0,125.0
49241,2579.0,49.0,2464.0,28.0,4.0,8.0,0.0,3.0,23.0
49242,15248.0,302.0,14446.0,87.0,51.0,98.0,2.0,11.0,251.0
49245,4845.0,95.0,4645.0,15.0,24.0,24.0,0.0,0.0,42.0
49246,3255.0,42.0,3163.0,6.0,0.0,14.0,1.0,1.0,28.0
49247,5768.0,202.0,5416.0,25.0,22.0,19.0,0.0,1.0,83.0
49248,899.0,35.0,842.0,3.0,2.0,0.0,0.0,0.0,17.0
49249,3408.0,76.0,3265.0,10.0,16.0,6.0,1.0,3.0,31.0
49250,6182.0,117.0,5896.0,58.0,22.0,28.0,0.0,5.0,56.0
49251,6229.0,169.0,5919.0,24.0,32.0,19.0,0.0,3.0,63.0
49252,2605.0,58.0,2491.0,12.0,14.0,6.0,0.0,0.0,24.0
49253,3166.0,65.0,3037.0,9.0,7.0,10.0,0.0,2.0,36.0
49254,3321.0,67.0,3173.0,14.0,12.0,9.0,1.0,0.0,45.0
49255,1939.0,25.0,1891.0,1.0,5.0,4.0,0.0,0.0,13.0
49256,3888.0,158.0,3646.0,26.0,5.0,9.0,0.0,0.0,44.0
49259,2523.0,50.0,2427.0,2.0,8.0,4.0,0.0,2.0,30.0
49261,290.0,6.0,270.0,4.0,3.0,0.0,0.0,1.0,6.0
49262,1280.0,23.0,1230.0,1.0,12.0,3.0,0.0,0.0,11.0
49263,85.0,7.0,77.0,0.0,0.0,0.0,0.0,0.0,1.0
49264,1992.0,40.0,1909.0,20.0,3.0,2.0,0.0,0.0,18.0
49265,4958.0,140.0,4718.0,14.0,30.0,16.0,0.0,0.0,40.0
49266,2942.0,25.0,2858.0,13.0,6.0,10.0,0.0,0.0,30.0
49267,4072.0,81.0,3870.0,67.0,1.0,18.0,0.0,4.0,31.0
49268,1059.0,73.0,969.0,2.0,1.0,4.0,0.0,1.0,9.0
49269,5998.0,102.0,5656.0,52.0,29.0,47.0,0.0,3.0,109.0
49270,5874.0,110.0,5684.0,16.0,12.0,14.0,0.0,1.0,37.0
49271,2256.0,20.0,2212.0,6.0,4.0,1.0,0.0,2.0,11.0
49272,2417.0,69.0,2283.0,19.0,9.0,6.0,0.0,1.0,30.0
49274,3670.0,48.0,3586.0,4.0,2.0,6.0,0.0,0.0,24.0
49276,1003.0,45.0,943.0,1.0,0.0,5.0,0.0,2.0,7.0
49277,3668.0,98.0,3514.0,23.0,4.0,9.0,0.0,0.0,20.0
49279,797.0,15.0,769.0,4.0,4.0,0.0,0.0,0.0,5.0
49282,372.0,19.0,344.0,4.0,1.0,2.0,0.0,0.0,2.0
49283,4362.0,84.0,4069.0,103.0,8.0,39.0,1.0,1.0,57.0
49284,3028.0,43.0,2928.0,4.0,15.0,4.0,0.0,0.0,34.0
49285,5720.0,158.0,5418.0,30.0,36.0,15.0,0.0,0.0,63.0
49286,14797.0,653.0,13732.0,80.0,61.0,90.0,3.0,5.0,173.0
49287,2099.0,58.0,1997.0,10.0,5.0,12.0,0.0,0.0,17.0
49288,1384.0,16.0,1336.0,4.0,19.0,2.0,0.0,0.0,7.0
49289,167.0,4.0,151.0,1.0,4.0,3.0,0.0,0.0,4.0
49301,18701.0,347.0,17246.0,186.0,30.0,639.0,2.0,21.0,230.0
49302,7585.0,165.0,7204.0,42.0,25.0,74.0,1.0,4.0,70.0
49303,1129.0,128.0,978.0,3.0,4.0,2.0,0.0,1.0,13.0
49304,4328.0,128.0,3430.0,597.0,25.0,10.0,0.0,2.0,136.0
49305,2264.0,33.0,2148.0,17.0,20.0,3.0,0.0,0.0,43.0
49306,9244.0,204.0,8740.0,50.0,25.0,106.0,0.0,13.0,106.0
49307,20112.0,409.0,18105.0,860.0,95.0,236.0,3.0,18.0,386.0
49309,1843.0,51.0,1588.0,145.0,18.0,2.0,0.0,1.0,38.0
49310,3016.0,53.0,2821.0,26.0,23.0,5.0,0.0,0.0,88.0
49312,274.0,8.0,251.0,8.0,6.0,0.0,0.0,0.0,1.0
49315,19915.0,554.0,18572.0,186.0,55.0,293.0,3.0,13.0,239.0
49316,20074.0,535.0,17754.0,657.0,37.0,761.0,3.0,22.0,305.0
49318,1398.0,104.0,1256.0,8.0,6.0,7.0,0.0,0.0,17.0
49319,16181.0,432.0,15294.0,78.0,64.0,77.0,2.0,13.0,221.0
49320,21.0,0.0,21.0,0.0,0.0,0.0,0.0,0.0,0.0
49321,16241.0,1634.0,13235.0,815.0,47.0,165.0,6.0,8.0,331.0
49322,1212.0,30.0,1158.0,3.0,5.0,2.0,2.0,0.0,12.0
49323,9410.0,189.0,9025.0,27.0,57.0,29.0,1.0,6.0,76.0
49325,1909.0,67.0,1810.0,7.0,4.0,2.0,0.0,0.0,19.0
49326,3752.0,110.0,3540.0,30.0,11.0,7.0,0.0,0.0,54.0
49327,8406.0,1043.0,7186.0,19.0,39.0,25.0,0.0,9.0,85.0
49328,3885.0,75.0,3707.0,10.0,33.0,5.0,0.0,2.0,53.0
49329,8641.0,152.0,8229.0,24.0,57.0,30.0,1.0,5.0,143.0
49330,5440.0,439.0,4902.0,25.0,15.0,12.0,1.0,4.0,42.0
49331,16627.0,411.0,15675.0,131.0,66.0,95.0,6.0,5.0,238.0
49332,3019.0,32.0,2807.0,60.0,19.0,7.0,2.0,13.0,79.0
49333,11191.0,258.0,10653.0,38.0,40.0,59.0,1.0,11.0,131.0
49335,314.0,8.0,302.0,1.0,0.0,0.0,0.0,0.0,3.0
49336,4352.0,75.0,4161.0,22.0,37.0,3.0,0.0,0.0,54.0
49337,12088.0,644.0,11135.0,49.0,82.0,36.0,6.0,6.0,130.0
49338,1842.0,19.0,1781.0,8.0,10.0,4.0,0.0,2.0,18.0
49339,2283.0,58.0,2155.0,7.0,15.0,8.0,1.0,0.0,39.0
49340,2912.0,47.0,2678.0,35.0,41.0,4.0,0.0,0.0,107.0
49341,33737.0,775.0,31874.0,199.0,77.0,331.0,14.0,28.0,439.0
49342,1649.0,13.0,1569.0,8.0,7.0,9.0,0.0,0.0,43.0
49343,5489.0,121.0,5240.0,22.0,29.0,19.0,0.0,3.0,55.0
49344,3410.0,149.0,3156.0,13.0,42.0,10.0,0.0,1.0,39.0
49345,13040.0,593.0,12111.0,76.0,30.0,57.0,1.0,8.0,164.0
49346,5446.0,89.0,5218.0,30.0,14.0,15.0,2.0,1.0,77.0
49347,1257.0,22.0,1199.0,7.0,0.0,8.0,0.0,1.0,20.0
49348,12153.0,344.0,11434.0,41.0,102.0,49.0,3.0,5.0,175.0
49349,8087.0,272.0,7305.0,190.0,92.0,26.0,2.0,7.0,193.0
49401,20735.0,934.0,18360.0,669.0,63.0,310.0,7.0,10.0,382.0
49402,1380.0,50.0,1292.0,18.0,8.0,0.0,0.0,0.0,12.0
49403,2473.0,116.0,2314.0,3.0,16.0,3.0,0.0,1.0,20.0
49404,8269.0,260.0,7833.0,35.0,33.0,35.0,2.0,1.0,70.0
49405,1559.0,34.0,1482.0,5.0,16.0,3.0,0.0,0.0,19.0
49406,884.0,11.0,860.0,5.0,2.0,2.0,0.0,0.0,4.0
49408,9091.0,2058.0,6793.0,68.0,26.0,35.0,6.0,6.0,99.0
49410,2005.0,30.0,1904.0,2.0,19.0,13.0,0.0,0.0,37.0
49411,1538.0,44.0,1436.0,7.0,29.0,1.0,0.0,0.0,21.0
49412,11065.0,409.0,10388.0,52.0,35.0,75.0,3.0,6.0,97.0
49415,6480.0,157.0,6129.0,46.0,27.0,47.0,1.0,2.0,71.0
49417,29183.0,783.0,27418.0,109.0,161.0,274.0,5.0,7.0,426.0
49418,27417.0,1513.0,24255.0,537.0,38.0,624.0,10.0,25.0,415.0
49419,7791.0,235.0,7387.0,16.0,18.0,61.0,0.0,6.0,68.0
49420,6420.0,1239.0,5045.0,17.0,44.0,13.0,0.0,1.0,61.0
49421,5991.0,312.0,5485.0,16.0,55.0,17.0,0.0,0.0,106.0
49423,44977.0,8424.0,33297.0,1171.0,125.0,1154.0,29.0,35.0,742.0
49424,44760.0,9243.0,30575.0,860.0,91.0,3118.0,8.0,59.0,806.0
49425,3660.0,98.0,3440.0,20.0,42.0,16.0,0.0,2.0,42.0
49426,33244.0,818.0,31487.0,236.0,52.0,316.0,1.0,16.0,318.0
49428,25420.0,680.0,23793.0,203.0,65.0,317.0,3.0,13.0,346.0
49431,16875.0,802.0,15479.0,108.0,146.0,99.0,0.0,7.0,234.0
49434,20.0,0.0,19.0,1.0,0.0,0.0,0.0,0.0,0.0
49435,3549.0,73.0,3413.0,15.0,18.0,11.0,0.0,0.0,19.0
49436,1622.0,133.0,1453.0,4.0,8.0,1.0,0.0,7.0,16.0
49437,6902.0,284.0,6403.0,39.0,64.0,14.0,1.0,0.0,97.0
49440,953.0,71.0,595.0,244.0,10.0,2.0,0.0,0.0,31.0
49441,36308.0,1722.0,29820.0,3317.0,248.0,344.0,2.0,33.0,822.0
49442,41214.0,3050.0,27188.0,9046.0,363.0,146.0,4.0,39.0,1378.0
49444,29456.0,1320.0,16117.0,10992.0,193.0,173.0,2.0,18.0,641.0
49445,20784.0,587.0,19042.0,553.0,117.0,99.0,4.0,6.0,376.0
49446,2321.0,240.0,2006.0,14.0,15.0,6.0,4.0,1.0,35.0
49448,3410.0,79.0,3243.0,18.0,9.0,9.0,2.0,1.0,49.0
49449,2675.0,115.0,2500.0,3.0,21.0,6.0,0.0,1.0,29.0
49450,3302.0,1022.0,2014.0,134.0,41.0,10.0,1.0,1.0,79.0
49451,6012.0,311.0,5586.0,27.0,26.0,3.0,0.0,2.0,57.0
49452,1952.0,228.0,1647.0,26.0,23.0,0.0,0.0,0.0,28.0
49453,2626.0,118.0,2432.0,12.0,12.0,15.0,0.0,4.0,33.0
49454,4574.0,167.0,4264.0,26.0,29.0,11.0,0.0,4.0,73.0
49455,5034.0,1191.0,3699.0,13.0,41.0,16.0,0.0,3.0,71.0
49456,18581.0,435.0,17555.0,93.0,100.0,136.0,8.0,16.0,238.0
49457,10565.0,322.0,9683.0,213.0,95.0,31.0,1.0,8.0,212.0
49458,119.0,0.0,117.0,0.0,2.0,0.0,0.0,0.0,0.0
49459,1351.0,207.0,1091.0,10.0,13.0,4.0,0.0,7.0,19.0
49460,8126.0,697.0,7101.0,110.0,29.0,98.0,0.0,9.0,82.0
49461,8929.0,208.0,8375.0,85.0,64.0,40.0,3.0,5.0,149.0
49464,27481.0,1749.0,24246.0,216.0,48.0,856.0,2.0,20.0,344.0
49503,35940.0,7926.0,19850.0,6376.0,175.0,467.0,8.0,69.0,1069.0
49504,39994.0,6799.0,28929.0,2413.0,291.0,358.0,17.0,40.0,1147.0
49505,31216.0,1860.0,23490.0,4176.0,137.0,626.0,11.0,42.0,874.0
49506,31354.0,1343.0,23888.0,4910.0,68.0,439.0,8.0,40.0,658.0
49507,35459.0,9813.0,10146.0,13948.0,95.0,299.0,17.0,63.0,1078.0
49508,39148.0,2996.0,24113.0,8337.0,108.0,2295.0,11.0,71.0,1217.0
49509,26720.0,7480.0,15841.0,1865.0,107.0,747.0,9.0,29.0,642.0
49512,15448.0,1234.0,10081.0,2412.0,50.0,1176.0,3.0,40.0,452.0
49519,27424.0,4100.0,19880.0,1988.0,112.0,634.0,8.0,36.0,666.0
49525,27383.0,708.0,24657.0,825.0,58.0,542.0,8.0,45.0,540.0
49534,21570.0,637.0,19872.0,361.0,78.0,309.0,2.0,25.0,286.0
49544,8944.0,594.0,7539.0,326.0,49.0,214.0,1.0,8.0,213.0
49546,31880.0,1021.0,25920.0,2772.0,63.0,1469.0,1.0,36.0,598.0
49548,30524.0,4501.0,20853.0,2757.0,201.0,1244.0,11.0,43.0,914.0
49601,21236.0,333.0,20230.0,98.0,109.0,163.0,6.0,21.0,276.0
49611,236.0,11.0,221.0,2.0,2.0,0.0,0.0,0.0,0.0
49612,1121.0,20.0,1085.0,1.0,2.0,2.0,0.0,0.0,11.0
49613,680.0,17.0,653.0,0.0,4.0,0.0,0.0,0.0,6.0
49614,2790.0,68.0,2663.0,3.0,22.0,3.0,1.0,0.0,30.0
49615,4131.0,60.0,3988.0,3.0,31.0,14.0,1.0,0.0,34.0
49616,1974.0,55.0,1799.0,13.0,66.0,3.0,0.0,0.0,38.0
49617,3363.0,46.0,3224.0,22.0,25.0,3.0,0.0,0.0,43.0
49618,761.0,9.0,742.0,4.0,0.0,1.0,0.0,0.0,5.0
49619,1110.0,19.0,1063.0,3.0,13.0,1.0,0.0,0.0,11.0
49620,2445.0,41.0,2340.0,11.0,14.0,5.0,6.0,0.0,28.0
49621,3096.0,58.0,2942.0,3.0,42.0,21.0,0.0,0.0,30.0
49622,2494.0,29.0,2420.0,0.0,11.0,5.0,0.0,0.0,29.0
49623,1164.0,19.0,1092.0,26.0,7.0,0.0,0.0,0.0,20.0
49625,1379.0,64.0,1287.0,0.0,11.0,1.0,0.0,0.0,16.0
49626,421.0,12.0,370.0,3.0,13.0,0.0,0.0,0.0,23.0
49627,206.0,1.0,200.0,0.0,3.0,0.0,0.0,0.0,2.0
49628,372.0,13.0,344.0,3.0,3.0,1.0,0.0,0.0,8.0
49629,2223.0,29.0,2130.0,11.0,18.0,11.0,2.0,1.0,21.0
49630,1429.0,22.0,1390.0,3.0,5.0,2.0,0.0,0.0,7.0
49631,6357.0,110.0,6037.0,53.0,37.0,13.0,2.0,2.0,103.0
49632,1126.0,35.0,1077.0,2.0,3.0,2.0,0.0,0.0,7.0
49633,3703.0,52.0,3540.0,10.0,26.0,9.0,2.0,0.0,64.0
49634,116.0,2.0,105.0,0.0,1.0,0.0,0.0,0.0,8.0
49635,3350.0,67.0,3167.0,17.0,48.0,17.0,0.0,1.0,33.0
49636,560.0,8.0,540.0,1.0,1.0,7.0,0.0,0.0,3.0
49637,3405.0,100.0,3182.0,7.0,45.0,24.0,0.0,6.0,41.0
49638,824.0,18.0,788.0,1.0,5.0,1.0,0.0,0.0,11.0
49639,2557.0,34.0,2457.0,12.0,18.0,4.0,1.0,0.0,31.0
49640,1618.0,21.0,1538.0,3.0,34.0,5.0,0.0,0.0,17.0
49642,842.0,8.0,451.0,344.0,7.0,0.0,1.0,0.0,31.0
49643,6253.0,116.0,5951.0,18.0,80.0,21.0,1.0,0.0,66.0
49644,2033.0,37.0,1951.0,9.0,10.0,3.0,0.0,0.0,23.0
49645,1632.0,53.0,1531.0,1.0,19.0,2.0,0.0,3.0,23.0
49646,8229.0,105.0,7893.0,25.0,71.0,26.0,1.0,2.0,106.0
49648,2098.0,63.0,1973.0,2.0,34.0,3.0,3.0,0.0,20.0
49649,7789.0,194.0,6772.0,664.0,58.0,19.0,3.0,0.0,79.0
49650,3144.0,35.0,3035.0,6.0,19.0,7.0,0.0,2.0,40.0
49651,7665.0,154.0,7318.0,34.0,47.0,15.0,1.0,0.0,96.0
49653,1922.0,137.0,1727.0,3.0,21.0,9.0,0.0,0.0,25.0
49654,690.0,13.0,669.0,0.0,0.0,5.0,0.0,0.0,3.0
49655,3173.0,35.0,3058.0,11.0,15.0,6.0,1.0,0.0,47.0
49656,1534.0,38.0,1434.0,6.0,21.0,2.0,0.0,0.0,33.0
49657,3683.0,64.0,3562.0,3.0,9.0,14.0,0.0,0.0,31.0
49659,6801.0,71.0,6477.0,12.0,88.0,7.0,0.0,5.0,141.0
49660,14066.0,371.0,12306.0,699.0,382.0,47.0,13.0,0.0,248.0
49663,5874.0,104.0,5623.0,13.0,32.0,20.0,1.0,3.0,78.0
49664,2067.0,16.0,2019.0,4.0,9.0,5.0,1.0,1.0,12.0
49665,4413.0,83.0,4247.0,8.0,23.0,2.0,0.0,1.0,49.0
49666,106.0,4.0,100.0,1.0,0.0,1.0,0.0,0.0,0.0
49667,549.0,1.0,540.0,1.0,1.0,2.0,0.0,0.0,4.0
49668,3625.0,46.0,3468.0,2.0,44.0,16.0,5.0,0.0,44.0
49670,1891.0,76.0,1719.0,9.0,58.0,2.0,1.0,0.0,26.0
49674,110.0,0.0,100.0,1.0,9.0,0.0,0.0,0.0,0.0
49675,1030.0,9.0,995.0,1.0,5.0,5.0,0.0,0.0,15.0
49676,3407.0,41.0,3252.0,6.0,33.0,9.0,0.0,2.0,64.0
49677,6631.0,71.0,6333.0,78.0,28.0,15.0,1.0,1.0,104.0
49679,1428.0,26.0,1368.0,16.0,5.0,0.0,0.0,1.0,12.0
49680,1916.0,18.0,1850.0,7.0,19.0,2.0,0.0,0.0,20.0
49682,4253.0,323.0,3316.0,15.0,482.0,12.0,0.0,1.0,104.0
49683,1939.0,26.0,1868.0,2.0,21.0,2.0,0.0,2.0,18.0
49684,37963.0,838.0,35643.0,159.0,422.0,309.0,7.0,15.0,570.0
49686,32056.0,714.0,30022.0,175.0,369.0,212.0,11.0,24.0,529.0
49688,2703.0,35.0,2596.0,6.0,14.0,10.0,0.0,0.0,42.0
49689,1560.0,18.0,1477.0,8.0,26.0,5.0,0.0,2.0,24.0
49690,6182.0,93.0,5940.0,13.0,35.0,33.0,1.0,1.0,66.0
49701,1036.0,19.0,911.0,43.0,44.0,0.0,0.0,0.0,19.0
49705,937.0,4.0,882.0,0.0,17.0,8.0,0.0,0.0,26.0
49706,4585.0,40.0,4282.0,12.0,150.0,11.0,0.0,2.0,88.0
49707,22701.0,229.0,21898.0,69.0,113.0,131.0,7.0,2.0,252.0
49709,3618.0,41.0,3510.0,5.0,14.0,7.0,0.0,0.0,41.0
49710,409.0,9.0,357.0,0.0,31.0,1.0,0.0,0.0,11.0
49712,7890.0,88.0,7523.0,17.0,66.0,36.0,3.0,6.0,151.0
49713,1864.0,35.0,1763.0,7.0,24.0,4.0,1.0,0.0,30.0
49715,3130.0,16.0,1796.0,10.0,1109.0,7.0,6.0,0.0,186.0
49716,806.0,8.0,754.0,1.0,34.0,1.0,0.0,0.0,8.0
49717,72.0,0.0,71.0,0.0,1.0,0.0,0.0,0.0,0.0
49718,701.0,5.0,627.0,8.0,28.0,0.0,0.0,0.0,33.0
49719,1362.0,28.0,1216.0,2.0,85.0,0.0,0.0,2.0,29.0
49720,9172.0,131.0,8644.0,42.0,166.0,44.0,6.0,2.0,137.0
49721,14436.0,126.0,13232.0,61.0,555.0,46.0,1.0,5.0,410.0
49722,220.0,4.0,206.0,4.0,6.0,0.0,0.0,0.0,0.0
49724,1146.0,2.0,945.0,1.0,132.0,4.0,0.0,1.0,61.0
49725,766.0,3.0,660.0,0.0,80.0,1.0,0.0,0.0,22.0
49726,1058.0,8.0,957.0,0.0,46.0,1.0,3.0,0.0,43.0
49727,7145.0,158.0,6738.0,13.0,113.0,6.0,1.0,3.0,113.0
49728,334.0,1.0,301.0,1.0,24.0,0.0,0.0,0.0,7.0
49729,1446.0,26.0,1388.0,3.0,6.0,1.0,0.0,3.0,19.0
49730,2187.0,23.0,2107.0,2.0,14.0,3.0,2.0,0.0,36.0
49733,1965.0,18.0,1910.0,3.0,22.0,3.0,0.0,0.0,9.0
49735,19515.0,255.0,18670.0,68.0,126.0,85.0,11.0,3.0,297.0
49736,578.0,3.0,514.0,0.0,43.0,0.0,0.0,0.0,18.0
49738,9924.0,129.0,9574.0,35.0,38.0,42.0,1.0,2.0,103.0
49740,7042.0,74.0,6583.0,23.0,220.0,19.0,1.0,4.0,118.0
49743,769.0,4.0,752.0,1.0,3.0,2.0,0.0,0.0,7.0
49744,823.0,3.0,815.0,1.0,1.0,0.0,1.0,0.0,2.0
49745,1089.0,5.0,808.0,2.0,211.0,3.0,0.0,0.0,60.0
49746,3685.0,36.0,3558.0,3.0,32.0,6.0,0.0,0.0,50.0
49747,1921.0,32.0,1868.0,1.0,8.0,5.0,0.0,0.0,7.0
49748,170.0,2.0,153.0,0.0,5.0,0.0,0.0,0.0,10.0
49749,4283.0,30.0,4083.0,14.0,72.0,8.0,3.0,3.0,70.0
49751,2087.0,10.0,2044.0,5.0,7.0,3.0,1.0,0.0,17.0
49752,515.0,3.0,406.0,2.0,73.0,3.0,0.0,0.0,28.0
49753,2057.0,23.0,2010.0,1.0,8.0,3.0,1.0,0.0,11.0
49755,1892.0,17.0,1726.0,7.0,72.0,5.0,0.0,0.0,65.0
49756,3857.0,32.0,3737.0,8.0,13.0,1.0,0.0,0.0,66.0
49757,492.0,11.0,358.0,6.0,88.0,3.0,0.0,0.0,26.0
49759,1682.0,14.0,1639.0,4.0,8.0,5.0,0.0,0.0,12.0
49760,713.0,7.0,582.0,4.0,83.0,0.0,1.0,0.0,36.0
49762,639.0,4.0,461.0,0.0,136.0,1.0,0.0,1.0,36.0
49764,139.0,3.0,114.0,0.0,11.0,0.0,0.0,1.0,10.0
49765,4154.0,48.0,3991.0,20.0,35.0,4.0,2.0,1.0,53.0
49766,2417.0,30.0,2346.0,3.0,12.0,16.0,1.0,0.0,9.0
49768,476.0,8.0,441.0,1.0,18.0,0.0,0.0,0.0,8.0
49769,1644.0,26.0,1430.0,6.0,99.0,16.0,0.0,0.0,67.0
49770,16862.0,250.0,15573.0,95.0,522.0,126.0,5.0,7.0,284.0
49774,1851.0,22.0,1636.0,0.0,123.0,7.0,0.0,0.0,63.0
49775,95.0,0.0,84.0,0.0,5.0,0.0,0.0,0.0,6.0
49776,1888.0,21.0,1841.0,4.0,6.0,4.0,1.0,0.0,11.0
49777,1640.0,8.0,1622.0,1.0,5.0,1.0,0.0,0.0,3.0
49779,4639.0,32.0,4478.0,32.0,29.0,23.0,0.0,0.0,45.0
49780,1946.0,25.0,1691.0,8.0,146.0,12.0,0.0,0.0,64.0
49781,4020.0,43.0,2514.0,35.0,1131.0,11.0,0.0,2.0,284.0
49782,657.0,7.0,636.0,0.0,10.0,0.0,0.0,0.0,4.0
49783,19668.0,265.0,14619.0,117.0,3477.0,160.0,11.0,8.0,1011.0
49788,6609.0,123.0,3157.0,2364.0,716.0,31.0,1.0,1.0,216.0
49791,329.0,1.0,314.0,0.0,13.0,0.0,0.0,0.0,1.0
49793,322.0,2.0,287.0,0.0,30.0,1.0,0.0,0.0,2.0
49795,2097.0,27.0,2010.0,5.0,15.0,5.0,0.0,0.0,35.0
49796,320.0,1.0,312.0,0.0,0.0,4.0,0.0,0.0,3.0
49799,2327.0,18.0,2188.0,1.0,49.0,6.0,1.0,0.0,64.0
49801,11424.0,150.0,10956.0,48.0,62.0,71.0,7.0,2.0,128.0
49802,6230.0,61.0,6025.0,23.0,26.0,30.0,0.0,1.0,64.0
49805,336.0,7.0,324.0,0.0,1.0,0.0,0.0,0.0,4.0
49806,627.0,11.0,557.0,0.0,34.0,0.0,0.0,0.0,25.0
49807,3390.0,20.0,3228.0,6.0,69.0,7.0,1.0,0.0,59.0
49808,352.0,2.0,330.0,1.0,11.0,3.0,0.0,0.0,5.0
49812,925.0,5.0,892.0,0.0,8.0,2.0,0.0,0.0,18.0
49814,1429.0,1.0,1383.0,0.0,17.0,2.0,1.0,1.0,24.0
49815,488.0,2.0,483.0,0.0,1.0,1.0,0.0,0.0,1.0
49816,724.0,12.0,673.0,2.0,20.0,0.0,0.0,0.0,17.0
49817,615.0,9.0,533.0,0.0,52.0,3.0,0.0,0.0,18.0
49818,988.0,2.0,971.0,1.0,6.0,1.0,0.0,0.0,7.0
49819,36.0,0.0,36.0,0.0,0.0,0.0,0.0,0.0,0.0
49820,382.0,0.0,368.0,0.0,14.0,0.0,0.0,0.0,0.0
49821,1354.0,37.0,1259.0,19.0,8.0,7.0,0.0,0.0,24.0
49822,220.0,1.0,211.0,0.0,1.0,1.0,0.0,0.0,6.0
49825,299.0,2.0,285.0,1.0,7.0,0.0,0.0,0.0,4.0
49826,137.0,0.0,133.0,0.0,1.0,0.0,0.0,0.0,3.0
49827,897.0,11.0,754.0,0.0,68.0,1.0,0.0,10.0,53.0
49829,17347.0,170.0,16251.0,49.0,412.0,85.0,0.0,5.0,375.0
49831,780.0,1.0,766.0,0.0,1.0,3.0,0.0,0.0,9.0
49833,266.0,5.0,249.0,0.0,8.0,3.0,1.0,0.0,0.0
49834,284.0,0.0,272.0,0.0,9.0,0.0,0.0,0.0,3.0
49835,802.0,12.0,698.0,0.0,43.0,1.0,4.0,0.0,44.0
49836,938.0,3.0,876.0,2.0,39.0,0.0,0.0,0.0,18.0
49837,9795.0,74.0,9318.0,13.0,201.0,37.0,2.0,0.0,150.0
49838,504.0,4.0,444.0,5.0,38.0,2.0,0.0,0.0,11.0
49839,479.0,7.0,451.0,2.0,4.0,3.0,0.0,0.0,12.0
49840,771.0,5.0,698.0,0.0,45.0,0.0,0.0,0.0,23.0
49841,7016.0,169.0,6276.0,97.0,161.0,40.0,0.0,1.0,272.0
49847,998.0,13.0,967.0,3.0,8.0,0.0,0.0,0.0,7.0
49848,128.0,1.0,127.0,0.0,0.0,0.0,0.0,0.0,0.0
49849,12242.0,92.0,11778.0,24.0,119.0,34.0,1.0,4.0,190.0
49852,120.0,0.0,115.0,0.0,2.0,0.0,0.0,0.0,3.0
49853,1278.0,6.0,1224.0,4.0,21.0,5.0,0.0,0.0,18.0
49854,6469.0,46.0,5586.0,11.0,604.0,10.0,0.0,4.0,208.0
49855,33561.0,387.0,30743.0,979.0,627.0,256.0,7.0,14.0,548.0
49858,12088.0,131.0,11670.0,40.0,82.0,48.0,1.0,5.0,111.0
49861,616.0,3.0,583.0,1.0,3.0,2.0,0.0,0.0,24.0
49862,5025.0,67.0,4016.0,600.0,203.0,21.0,0.0,0.0,118.0
49863,130.0,0.0,124.0,0.0,1.0,0.0,0.0,0.0,5.0
49864,54.0,0.0,47.0,0.0,7.0,0.0,0.0,0.0,0.0
49866,8034.0,85.0,7684.0,17.0,114.0,26.0,1.0,1.0,106.0
49868,5409.0,76.0,4104.0,731.0,304.0,13.0,1.0,0.0,180.0
49870,3329.0,41.0,3213.0,1.0,24.0,7.0,0.0,0.0,43.0
49871,510.0,2.0,485.0,0.0,13.0,2.0,0.0,0.0,8.0
49872,206.0,3.0,189.0,0.0,13.0,0.0,0.0,0.0,1.0
49873,120.0,0.0,117.0,0.0,0.0,0.0,1.0,0.0,2.0
49874,1126.0,7.0,1111.0,0.0,6.0,1.0,0.0,0.0,1.0
49876,1240.0,8.0,1203.0,12.0,6.0,3.0,0.0,0.0,8.0
49877,67.0,1.0,65.0,0.0,1.0,0.0,0.0,0.0,0.0
49878,3583.0,23.0,3376.0,2.0,82.0,8.0,0.0,2.0,90.0
49879,1038.0,5.0,999.0,3.0,18.0,2.0,0.0,1.0,10.0
49880,1142.0,10.0,1102.0,0.0,17.0,4.0,0.0,0.0,9.0
49881,345.0,0.0,342.0,0.0,1.0,1.0,0.0,0.0,1.0
49883,151.0,1.0,141.0,0.0,3.0,0.0,0.0,0.0,6.0
49884,552.0,2.0,465.0,0.0,57.0,0.0,0.0,0.0,28.0
49885,1897.0,18.0,1768.0,5.0,48.0,14.0,0.0,2.0,42.0
49886,435.0,6.0,424.0,0.0,1.0,0.0,3.0,0.0,1.0
49887,2474.0,28.0,2388.0,3.0,11.0,4.0,1.0,1.0,38.0
49891,816.0,5.0,776.0,2.0,12.0,3.0,0.0,0.0,18.0
49892,1948.0,6.0,1918.0,2.0,3.0,4.0,0.0,0.0,15.0
49893,1784.0,20.0,1736.0,1.0,6.0,7.0,2.0,0.0,12.0
49894,680.0,6.0,637.0,0.0,15.0,3.0,0.0,0.0,19.0
49895,765.0,8.0,684.0,0.0,48.0,4.0,0.0,0.0,21.0
49896,1749.0,29.0,1203.0,2.0,481.0,1.0,0.0,0.0,33.0
49901,346.0,1.0,340.0,1.0,1.0,0.0,0.0,0.0,3.0
49902,145.0,0.0,145.0,0.0,0.0,0.0,0.0,0.0,0.0
49903,133.0,1.0,124.0,0.0,5.0,1.0,0.0,0.0,2.0
49905,2005.0,14.0,1952.0,6.0,16.0,7.0,0.0,0.0,10.0
49908,3292.0,36.0,1864.0,604.0,639.0,2.0,0.0,5.0,142.0
49910,385.0,5.0,372.0,1.0,3.0,2.0,0.0,0.0,2.0
49911,2744.0,15.0,2652.0,10.0,23.0,7.0,0.0,0.0,37.0
49912,1081.0,11.0,1038.0,1.0,24.0,0.0,0.0,0.0,7.0
49913,7248.0,81.0,6977.0,34.0,38.0,15.0,1.0,7.0,95.0
49915,630.0,10.0,584.0,0.0,9.0,5.0,0.0,0.0,22.0
49916,2765.0,21.0,2680.0,6.0,9.0,19.0,0.0,1.0,29.0
49917,205.0,1.0,200.0,0.0,0.0,0.0,0.0,0.0,4.0
49918,120.0,0.0,117.0,0.0,0.0,0.0,0.0,0.0,3.0
49919,242.0,4.0,228.0,0.0,2.0,0.0,0.0,0.0,8.0
49920,4273.0,53.0,4142.0,3.0,24.0,9.0,0.0,2.0,40.0
49921,360.0,8.0,337.0,2.0,0.0,2.0,0.0,3.0,8.0
49922,1043.0,5.0,1011.0,2.0,6.0,8.0,0.0,0.0,11.0
49925,494.0,3.0,474.0,0.0,7.0,2.0,1.0,0.0,7.0
49927,483.0,4.0,467.0,2.0,4.0,0.0,0.0,0.0,6.0
49929,216.0,0.0,214.0,0.0,1.0,0.0,0.0,0.0,1.0
49930,6987.0,85.0,6635.0,55.0,44.0,83.0,5.0,1.0,79.0
49931,9630.0,158.0,8307.0,85.0,32.0,882.0,9.0,6.0,151.0
49934,900.0,6.0,877.0,0.0,2.0,10.0,0.0,0.0,5.0
49935,6096.0,93.0,5852.0,9.0,55.0,16.0,2.0,3.0,66.0
49938,7945.0,84.0,7617.0,33.0,61.0,18.0,1.0,2.0,129.0
49942,156.0,2.0,153.0,0.0,0.0,1.0,0.0,0.0,0.0
49945,2621.0,22.0,2550.0,2.0,10.0,8.0,0.0,0.0,29.0
49946,4040.0,40.0,3297.0,28.0,466.0,9.0,0.0,1.0,199.0
49947,1818.0,6.0,1152.0,630.0,20.0,3.0,0.0,0.0,7.0
49948,590.0,5.0,579.0,0.0,4.0,1.0,0.0,0.0,1.0
49950,1121.0,5.0,1110.0,2.0,1.0,0.0,0.0,0.0,3.0
49952,143.0,2.0,134.0,0.0,5.0,0.0,0.0,0.0,2.0
49953,2879.0,29.0,2796.0,2.0,16.0,4.0,0.0,3.0,29.0
49955,371.0,0.0,364.0,0.0,1.0,1.0,0.0,0.0,5.0
49958,1270.0,3.0,1221.0,1.0,23.0,3.0,1.0,2.0,16.0
49959,344.0,2.0,336.0,0.0,0.0,0.0,0.0,0.0,6.0
49960,185.0,4.0,172.0,1.0,1.0,0.0,0.0,0.0,7.0
49961,107.0,0.0,107.0,0.0,0.0,0.0,0.0,0.0,0.0
49962,260.0,0.0,252.0,0.0,3.0,0.0,0.0,0.0,5.0
49963,1024.0,8.0,984.0,0.0,3.0,9.0,0.0,0.0,20.0
49965,440.0,4.0,426.0,1.0,1.0,2.0,0.0,0.0,6.0
49967,492.0,1.0,473.0,0.0,11.0,3.0,0.0,0.0,4.0
49968,2247.0,20.0,2177.0,2.0,20.0,8.0,0.0,1.0,19.0
49969,1401.0,15.0,1101.0,1.0,259.0,1.0,0.0,0.0,24.0
49970,243.0,0.0,232.0,1.0,7.0,0.0,0.0,0.0,3.0
49971,483.0,6.0,452.0,1.0,6.0,1.0,0.0,0.0,17.0
54540,947.0,13.0,909.0,0.0,10.0,2.0,0.0,0.0,13.0
54554,1120.0,11.0,1082.0,0.0,17.0,4.0,0.0,0.0,6.0
