geo_id,geo_name,total_pop,latin_pct,white_pct,black_pct,aian_pct,asian_pct,nhpi_pct,other_pct,two_plus_pct,total_pop_race,latin_tot,white_tot,black_tot,aian_tot,asian_tot,nhpi_tot,other_tot,two_plus_tot
860Z200US48001,ZCTA5 48001,11691,1.9,93.7,0.3,0.1,1.3,0.0,0.0,2.6,11691,217,10960,39,10,155,0,2,308
860Z200US48002,ZCTA5 48002,3121,0.8,97.8,0.0,0.0,0.0,0.0,0.0,1.4,3121,24,3051,0,0,0,0,1,45
860Z200US48003,ZCTA5 48003,5860,4.2,92.1,0.0,0.1,1.0,0.0,1.6,1.0,5860,245,5397,0,6,56,0,95,61
860Z200US48005,ZCTA5 48005,5317,0.6,96.9,0.2,0.2,0.1,0.0,0.0,2.0,5317,33,5150,10,13,3,0,0,108
860Z200US48006,ZCTA5 48006,3945,3.6,94.0,0.2,0.0,0.1,0.0,0.0,2.1,3945,141,3709,8,0,4,0,0,83
860Z200US48009,ZCTA5 48009,21738,3.0,85.8,3.1,0.0,4.6,0.0,0.1,3.4,21738,651,18645,682,6,1001,0,21,732
860Z200US48014,ZCTA5 48014,4334,8.7,87.0,0.0,0.0,0.1,0.0,1.0,3.2,4334,378,3769,0,1,4,0,43,139
860Z200US48015,ZCTA5 48015,8493,3.8,54.9,30.9,1.3,5.7,0.1,0.2,3.1,8493,325,4665,2628,107,480,9,18,261
860Z200US48017,ZCTA5 48017,11334,2.4,90.5,1.3,0.0,2.1,0.0,0.1,3.6,11334,277,10260,145,0,235,0,6,411
860Z200US48021,ZCTA5 48021,34087,1.7,39.2,52.9,0.1,0.8,0.0,0.3,5.0,34087,585,13363,18036,35,270,0,91,1707
860Z200US48022,ZCTA5 48022,2527,3.8,95.6,0.0,0.0,0.0,0.0,0.0,0.6,2527,95,2417,0,0,0,0,0,15
860Z200US48023,ZCTA5 48023,4993,0.3,90.8,4.1,0.2,0.0,0.0,0.0,4.6,4993,14,4534,205,8,0,0,0,232
860Z200US48025,ZCTA5 48025,14813,3.5,80.1,8.1,0.3,4.1,0.0,0.0,3.8,14813,520,11860,1201,46,613,5,3,565
860Z200US48026,ZCTA5 48026,14668,2.6,83.0,6.9,0.4,1.8,0.0,0.2,5.1,14668,377,12178,1009,64,261,7,27,745
860Z200US48027,ZCTA5 48027,3187,2.6,88.3,1.5,0.0,0.0,0.0,0.0,7.6,3187,82,2815,47,0,0,0,0,243
860Z200US48028,ZCTA5 48028,961,0.0,99.2,0.0,0.0,0.0,0.0,0.0,0.8,961,0,953,0,0,0,0,0,8
860Z200US48030,ZCTA5 48030,15065,5.5,75.1,8.7,0.2,2.1,0.0,0.4,7.9,15065,826,11312,1318,31,321,7,66,1184
860Z200US48032,ZCTA5 48032,1864,1.3,94.7,0.0,0.0,1.1,0.2,0.0,2.7,1864,25,1766,0,0,20,3,0,50
860Z200US48033,ZCTA5 48033,17380,0.4,23.5,68.8,0.1,1.0,0.2,0.0,6.0,17380,72,4076,11963,13,182,27,0,1047
860Z200US48034,ZCTA5 48034,15146,1.8,18.1,68.5,0.0,3.0,0.0,0.3,8.4,15146,268,2734,10381,1,447,0,50,1265
860Z200US48035,ZCTA5 48035,34385,3.9,68.9,21.4,0.0,2.3,0.0,0.0,3.3,34385,1355,23708,7355,11,801,0,11,1144
860Z200US48036,ZCTA5 48036,21499,4.2,64.4,22.0,0.1,3.2,0.0,0.0,6.1,21499,911,13856,4727,16,678,0,0,1311
860Z200US48038,ZCTA5 48038,44255,2.5,76.9,11.6,0.4,3.2,0.0,0.1,5.4,44255,1100,34012,5126,165,1430,0,30,2392
860Z200US48039,ZCTA5 48039,7486,1.2,97.8,0.0,0.1,0.0,0.0,0.0,0.9,7486,92,7322,0,8,0,0,0,64
860Z200US48040,ZCTA5 48040,9973,0.7,95.3,1.0,0.1,1.3,0.0,0.0,1.7,9973,65,9501,98,10,126,0,0,173
860Z200US48041,ZCTA5 48041,4415,1.7,95.5,0.6,0.0,0.1,0.0,0.0,2.1,4415,75,4218,27,0,4,0,0,91
860Z200US48042,ZCTA5 48042,32193,1.8,92.3,1.0,0.2,3.3,0.0,0.1,1.4,32193,570,29722,320,51,1047,0,48,435
860Z200US48043,ZCTA5 48043,15679,3.3,65.0,24.0,0.2,0.2,0.0,0.2,7.0,15679,523,10197,3758,34,25,0,39,1103
860Z200US48044,ZCTA5 48044,59225,2.9,83.6,7.2,0.1,3.1,0.0,0.3,2.9,59225,1705,49538,4251,51,1814,0,149,1717
860Z200US48045,ZCTA5 48045,24259,1.7,83.2,10.7,0.0,1.1,0.0,0.2,3.1,24259,404,20184,2585,6,266,9,47,758
860Z200US48047,ZCTA5 48047,39976,3.6,85.2,6.4,0.1,1.0,0.0,0.3,3.3,39976,1458,34047,2570,51,400,0,113,1337
860Z200US48048,ZCTA5 48048,10765,4.8,73.8,12.4,0.5,0.0,0.0,0.0,8.5,10765,515,7943,1337,57,1,0,0,912
860Z200US48049,ZCTA5 48049,5509,0.7,96.4,0.1,0.0,0.0,0.0,0.1,2.7,5509,40,5311,5,0,0,0,3,150
860Z200US48050,ZCTA5 48050,1427,0.1,94.2,0.0,0.8,0.0,0.0,0.0,5.0,1427,1,1344,0,11,0,0,0,71
860Z200US48051,ZCTA5 48051,17542,5.7,81.2,7.5,0.1,0.2,0.1,0.3,5.0,17542,1006,14238,1311,17,30,16,50,874
860Z200US48054,ZCTA5 48054,7204,2.2,95.2,1.4,0.0,0.2,0.0,0.0,1.0,7204,161,6855,104,1,12,0,0,71
860Z200US48059,ZCTA5 48059,15314,4.9,91.6,0.8,0.2,0.5,0.0,0.1,1.8,15314,754,14029,129,25,83,0,16,278
860Z200US48060,ZCTA5 48060,39644,6.4,80.1,7.1,0.3,0.6,0.0,0.2,5.4,39644,2519,31763,2831,101,219,11,62,2138
860Z200US48062,ZCTA5 48062,9351,4.6,85.8,4.7,0.0,0.0,2.6,0.0,2.3,9351,433,8019,437,0,0,243,0,219
860Z200US48063,ZCTA5 48063,4093,0.0,95.7,0.9,0.0,0.0,0.0,0.0,3.4,4093,1,3917,36,0,0,0,0,139
860Z200US48064,ZCTA5 48064,4001,4.6,94.2,0.0,0.0,0.0,0.0,0.0,1.1,4001,184,3770,0,0,1,0,0,46
860Z200US48065,ZCTA5 48065,11313,6.2,87.8,2.2,0.0,0.2,0.0,0.7,3.0,11313,696,9935,250,0,17,0,74,341
860Z200US48066,ZCTA5 48066,47476,3.8,67.7,22.8,0.1,1.4,0.1,0.3,3.8,47476,1801,32146,10826,46,674,24,153,1806
860Z200US48067,ZCTA5 48067,24285,6.2,84.0,2.8,0.0,2.9,0.0,0.5,3.6,24285,1499,20405,677,0,707,0,113,884
860Z200US48069,ZCTA5 48069,2609,4.3,90.9,0.7,0.0,1.1,0.0,0.2,2.9,2609,112,2372,17,0,28,0,5,75
860Z200US48070,ZCTA5 48070,6365,1.9,92.8,1.1,0.0,1.6,0.0,0.0,2.6,6365,122,5908,69,0,100,0,0,166
860Z200US48071,ZCTA5 48071,28521,1.8,80.9,7.3,0.2,6.4,0.1,0.4,2.9,28521,520,23082,2094,49,1822,20,121,813
860Z200US48072,ZCTA5 48072,15150,4.4,86.8,1.4,0.3,1.0,0.0,1.1,5.0,15150,668,13153,206,41,147,0,171,764
860Z200US48073,ZCTA5 48073,33822,3.1,82.2,7.4,0.0,3.9,0.0,0.4,3.0,33822,1052,27813,2491,11,1326,0,126,1003
860Z200US48074,ZCTA5 48074,9594,5.7,89.9,0.1,0.1,0.1,0.0,1.0,3.1,9594,550,8623,7,10,11,0,95,298
860Z200US48075,ZCTA5 48075,23416,0.9,24.6,67.5,0.2,0.5,0.0,0.6,5.7,23416,217,5760,15799,41,116,7,133,1343
860Z200US48076,ZCTA5 48076,24254,3.1,31.9,57.2,0.1,2.6,0.0,0.2,5.0,24254,755,7735,13868,16,620,0,40,1220
860Z200US48079,ZCTA5 48079,12572,2.3,94.2,0.8,0.0,0.3,0.1,0.3,2.0,12572,290,11840,98,0,40,8,40,256
860Z200US48080,ZCTA5 48080,22072,3.7,81.0,10.1,0.1,1.5,0.0,0.0,3.6,22072,812,17887,2232,22,330,0,0,789
860Z200US48081,ZCTA5 48081,20474,2.3,92.3,2.3,0.0,0.6,0.0,0.0,2.5,20474,463,18897,478,1,123,0,8,504
860Z200US48082,ZCTA5 48082,16043,1.8,90.6,4.1,0.0,0.3,0.1,0.2,2.8,16043,283,14529,662,6,56,19,32,456
860Z200US48083,ZCTA5 48083,23540,3.6,64.3,4.8,0.4,22.5,0.0,1.3,3.1,23540,855,15125,1141,99,5297,0,303,720
860Z200US48084,ZCTA5 48084,15571,2.4,54.2,5.8,0.0,33.8,0.1,1.2,2.4,15571,381,8445,905,6,5260,10,189,375
860Z200US48085,ZCTA5 48085,27514,1.7,69.8,3.7,0.0,21.3,0.0,0.3,3.2,27514,478,19218,1009,4,5853,0,69,883
860Z200US48088,ZCTA5 48088,23727,4.0,77.1,11.6,0.3,4.5,0.1,0.2,2.3,23727,945,18282,2761,67,1079,12,43,538
860Z200US48089,ZCTA5 48089,32509,2.9,56.2,29.5,0.2,6.0,0.0,0.2,5.1,32509,946,18257,9590,52,1935,0,73,1656
860Z200US48091,ZCTA5 48091,30063,2.1,50.1,24.7,0.2,17.4,0.0,0.8,4.7,30063,631,15068,7415,49,5243,0,233,1424
860Z200US48092,ZCTA5 48092,27848,2.0,64.8,12.5,0.1,17.0,0.0,0.2,3.3,27848,554,18043,3494,41,4729,0,68,919
860Z200US48093,ZCTA5 48093,24441,1.5,70.2,17.0,0.2,7.3,0.0,0.1,3.8,24441,368,17149,4147,42,1794,0,22,919
860Z200US48094,ZCTA5 48094,20310,4.5,91.4,1.3,0.0,0.7,0.0,0.0,2.0,20310,921,18571,266,0,138,0,0,414
860Z200US48095,ZCTA5 48095,5704,1.4,93.9,1.6,0.0,1.6,0.0,0.0,1.4,5704,80,5358,92,0,93,0,0,81
860Z200US48096,ZCTA5 48096,3780,0.5,95.3,0.1,0.4,0.4,0.0,0.0,3.3,3780,19,3601,2,15,17,0,0,126
860Z200US48097,ZCTA5 48097,5333,3.1,94.4,0.1,0.2,0.3,0.0,0.1,1.8,5333,163,5037,6,11,17,0,4,95
860Z200US48098,ZCTA5 48098,20545,2.7,60.8,2.0,0.2,30.1,0.0,0.3,3.9,20545,550,12499,416,32,6190,0,63,795
860Z200US48101,ZCTA5 48101,28395,11.7,78.4,4.3,0.0,1.5,0.0,0.5,3.7,28395,3318,22261,1211,14,420,0,129,1042
860Z200US48103,ZCTA5 48103,54563,5.1,73.4,4.9,0.4,10.2,0.0,1.0,5.0,54563,2774,40050,2647,229,5591,0,519,2753
860Z200US48104,ZCTA5 48104,45161,4.0,73.8,4.5,0.2,13.7,0.0,0.1,3.7,45161,1829,33333,2039,76,6200,0,25,1659
860Z200US48105,ZCTA5 48105,37598,4.0,57.3,5.1,0.0,27.1,0.0,0.5,6.0,37598,1514,21537,1918,7,10193,0,171,2258
860Z200US48108,ZCTA5 48108,26888,5.3,58.6,15.8,0.0,15.2,0.1,0.4,4.7,26888,1431,15750,4240,7,4077,26,105,1252
860Z200US48109,ZCTA5 48109,5773,5.9,62.1,5.0,0.1,23.6,0.0,0.0,3.3,5773,338,3587,288,6,1361,0,0,193
860Z200US48111,ZCTA5 48111,44169,4.5,64.8,23.2,0.0,1.8,0.0,0.3,5.3,44169,1981,28632,10265,4,784,11,134,2358
860Z200US48114,ZCTA5 48114,21573,2.0,91.9,1.2,0.2,1.4,0.0,0.2,3.1,21573,430,19827,254,45,299,0,41,677
860Z200US48116,ZCTA5 48116,26999,3.3,92.7,0.5,0.1,0.8,0.0,0.2,2.3,26999,886,25025,146,40,220,0,65,617
860Z200US48117,ZCTA5 48117,10258,1.9,92.5,1.8,0.0,0.4,0.0,0.0,3.3,10258,196,9489,186,0,45,0,0,342
860Z200US48118,ZCTA5 48118,13001,2.2,94.0,0.7,0.1,0.6,0.0,0.0,2.4,13001,286,12222,89,17,77,0,4,306
860Z200US48120,ZCTA5 48120,8919,1.4,77.5,2.4,0.0,5.6,0.0,3.4,9.6,8919,126,6914,210,0,502,0,307,860
860Z200US48122,ZCTA5 48122,12639,22.8,62.0,14.0,0.0,0.2,0.0,0.0,1.1,12639,2880,7832,1765,0,22,0,0,140
860Z200US48124,ZCTA5 48124,34046,5.3,84.0,4.6,0.1,1.3,0.0,0.3,4.5,34046,1791,28584,1555,25,434,0,116,1541
860Z200US48125,ZCTA5 48125,22082,8.6,77.2,9.3,0.2,0.2,0.0,0.0,4.4,22082,1896,17053,2050,53,51,11,0,968
860Z200US48126,ZCTA5 48126,53044,1.4,88.6,2.9,0.1,3.0,0.0,0.2,3.7,53044,743,46985,1546,74,1587,5,125,1979
860Z200US48127,ZCTA5 48127,40392,3.0,84.6,7.8,0.0,2.0,0.0,0.2,2.4,40392,1198,34175,3158,7,808,0,67,979
860Z200US48128,ZCTA5 48128,12405,3.1,92.7,1.6,0.1,1.5,0.0,0.3,0.8,12405,381,11497,193,7,180,0,43,104
860Z200US48130,ZCTA5 48130,16731,3.3,89.4,0.2,0.1,1.8,0.0,0.2,5.0,16731,547,14963,30,18,305,0,32,836
860Z200US48131,ZCTA5 48131,7978,5.9,91.0,0.3,0.0,0.6,0.0,0.0,2.2,7978,474,7260,22,0,45,0,1,176
860Z200US48133,ZCTA5 48133,6711,8.3,86.7,0.4,0.0,0.0,0.0,0.0,4.6,6711,557,5817,27,0,0,0,0,310
860Z200US48134,ZCTA5 48134,24114,5.0,77.3,10.9,0.5,1.8,0.0,0.4,3.9,24114,1210,18648,2630,127,444,0,105,950
860Z200US48135,ZCTA5 48135,27203,4.8,84.6,6.1,0.3,0.9,0.0,0.0,3.4,27203,1296,23019,1647,83,234,0,7,917
860Z200US48137,ZCTA5 48137,4361,0.0,98.1,0.4,0.4,0.0,0.0,0.0,1.0,4361,1,4278,19,18,1,0,0,44
860Z200US48138,ZCTA5 48138,10695,3.2,89.5,1.6,0.2,2.6,0.0,0.0,2.8,10695,345,9576,171,21,280,0,0,302
860Z200US48139,ZCTA5 48139,89,0.0,100.0,0.0,0.0,0.0,0.0,0.0,0.0,89,0,89,0,0,0,0,0,0
860Z200US48140,ZCTA5 48140,3414,1.1,98.8,0.0,0.0,0.0,0.0,0.0,0.0,3414,37,3374,1,0,1,0,0,1
860Z200US48141,ZCTA5 48141,25839,2.0,15.7,74.6,0.1,1.2,0.0,0.5,5.9,25839,509,4057,19277,15,313,2,139,1527
860Z200US48143,ZCTA5 48143,189,0.0,100.0,0.0,0.0,0.0,0.0,0.0,0.0,189,0,189,0,0,0,0,0,0
860Z200US48144,ZCTA5 48144,9672,4.1,86.6,1.3,0.1,1.0,0.0,0.0,7.1,9672,392,8377,122,6,93,0,0,682
860Z200US48145,ZCTA5 48145,2817,2.1,95.1,0.0,0.1,0.1,0.0,0.0,2.6,2817,59,2680,0,2,3,0,0,73
860Z200US48146,ZCTA5 48146,39807,26.7,58.8,9.5,0.3,0.6,0.0,0.5,3.5,39807,10625,23407,3788,123,236,0,216,1412
860Z200US48150,ZCTA5 48150,26707,5.2,84.7,3.2,0.2,2.3,0.0,0.1,4.3,26707,1381,22633,845,47,604,0,37,1160
860Z200US48152,ZCTA5 48152,30954,3.8,79.1,6.2,0.2,7.1,0.0,0.6,3.1,30954,1161,24491,1906,57,2206,0,185,948
860Z200US48154,ZCTA5 48154,37267,4.2,86.2,3.9,0.1,1.7,0.0,0.7,3.2,37267,1579,32140,1461,19,642,0,247,1179
860Z200US48157,ZCTA5 48157,1225,1.2,91.8,0.3,0.0,1.1,0.0,0.0,5.6,1225,15,1124,4,0,13,0,0,69
860Z200US48158,ZCTA5 48158,7883,3.0,92.3,1.1,0.5,0.3,0.0,1.3,1.6,7883,236,7275,83,41,24,0,99,125
860Z200US48159,ZCTA5 48159,2590,2.8,88.5,6.2,0.0,0.0,0.0,0.8,1.8,2590,72,2292,160,0,0,0,20,46
860Z200US48160,ZCTA5 48160,14163,5.5,81.5,8.7,0.3,0.5,0.0,0.3,3.1,14163,781,11543,1236,37,77,0,44,445
860Z200US48161,ZCTA5 48161,26775,4.4,85.9,4.9,0.0,0.6,0.0,0.2,4.0,26775,1168,23007,1309,11,166,0,45,1069
860Z200US48162,ZCTA5 48162,28740,3.0,91.3,1.9,0.1,0.5,0.0,0.4,2.6,28740,874,26253,551,36,152,12,101,761
860Z200US48164,ZCTA5 48164,9172,2.2,89.4,2.1,0.0,1.5,0.0,0.0,4.8,9172,205,8199,193,0,136,0,0,439
860Z200US48165,ZCTA5 48165,9128,8.6,79.0,1.2,0.2,8.7,0.0,0.4,1.9,9128,789,7212,111,16,793,0,36,171
860Z200US48166,ZCTA5 48166,13264,3.4,89.9,2.0,0.1,0.0,0.0,0.0,4.6,13264,451,11921,265,13,0,0,0,614
860Z200US48167,ZCTA5 48167,22830,3.5,78.7,3.4,0.1,10.8,0.0,0.6,2.9,22830,794,17971,779,13,2462,0,138,673
860Z200US48168,ZCTA5 48168,25444,3.2,72.5,2.4,0.0,18.1,0.0,0.2,3.6,25444,808,18455,605,0,4606,0,50,920
860Z200US48169,ZCTA5 48169,21210,3.1,93.9,0.2,0.1,0.8,0.0,0.1,1.8,21210,661,19915,50,22,175,0,11,376
860Z200US48170,ZCTA5 48170,40675,2.7,88.3,1.9,0.1,3.4,0.0,0.6,3.1,40675,1085,35905,779,26,1393,0,240,1247
860Z200US48173,ZCTA5 48173,13146,6.1,85.0,3.4,0.0,1.7,0.0,0.0,3.8,13146,802,11169,450,0,219,0,0,506
860Z200US48174,ZCTA5 48174,32155,3.2,52.1,37.9,0.1,1.6,0.0,0.1,5.0,32155,1035,16751,12193,33,518,0,20,1605
860Z200US48176,ZCTA5 48176,23240,5.5,84.2,2.0,0.2,3.8,0.0,0.6,3.8,23240,1273,19561,463,44,881,0,144,874
860Z200US48177,ZCTA5 48177,370,9.2,90.8,0.0,0.0,0.0,0.0,0.0,0.0,370,34,336,0,0,0,0,0,0
860Z200US48178,ZCTA5 48178,36842,3.2,89.9,0.6,0.0,2.5,0.0,0.6,3.1,36842,1173,33120,237,13,930,0,231,1138
860Z200US48179,ZCTA5 48179,3613,10.6,83.6,1.6,0.3,0.0,0.0,1.5,2.5,3613,383,3020,57,11,0,0,53,89
860Z200US48180,ZCTA5 48180,62937,7.7,66.9,20.1,0.2,1.1,0.0,0.2,3.8,62937,4820,42113,12674,142,704,0,108,2376
860Z200US48182,ZCTA5 48182,21391,4.4,92.3,0.9,0.0,0.1,0.0,0.0,2.3,21391,934,19749,189,0,19,0,0,500
860Z200US48183,ZCTA5 48183,42467,5.0,83.8,4.8,0.1,2.7,0.0,0.0,3.5,42467,2137,35606,2022,50,1155,0,11,1486
860Z200US48184,ZCTA5 48184,17860,3.7,65.0,22.3,0.7,1.4,0.0,0.2,6.7,17860,663,11604,3988,130,248,0,39,1188
860Z200US48185,ZCTA5 48185,48622,4.1,63.8,21.9,0.1,4.8,0.0,0.3,4.8,48622,2005,31041,10654,72,2341,0,154,2355
860Z200US48186,ZCTA5 48186,36184,6.2,62.8,22.1,0.5,2.1,0.0,0.3,5.9,36184,2252,22741,7989,190,748,0,118,2146
860Z200US48187,ZCTA5 48187,52861,4.7,66.7,8.6,0.0,15.6,0.0,0.1,4.3,52861,2485,35236,4560,18,8256,0,58,2248
860Z200US48188,ZCTA5 48188,45390,2.9,58.1,11.4,0.2,23.1,0.0,0.1,4.2,45390,1320,26383,5178,89,10466,0,28,1926
860Z200US48189,ZCTA5 48189,13718,3.1,93.4,0.9,0.1,0.8,0.0,0.5,1.1,13718,425,12816,130,13,111,0,68,155
860Z200US48190,ZCTA5 48190,187,0.0,100.0,0.0,0.0,0.0,0.0,0.0,0.0,187,0,187,0,0,0,0,0,0
860Z200US48191,ZCTA5 48191,4059,0.0,81.2,3.4,0.2,1.4,0.0,0.9,12.8,4059,0,3297,140,10,55,0,36,521
860Z200US48192,ZCTA5 48192,24857,6.6,87.2,1.6,0.1,0.5,0.1,0.8,3.1,24857,1631,21684,406,37,129,16,192,762
860Z200US48193,ZCTA5 48193,16786,5.5,75.6,9.7,0.0,4.2,0.1,0.2,4.8,16786,915,12690,1627,0,697,16,33,808
860Z200US48195,ZCTA5 48195,29948,10.5,76.3,7.7,0.0,2.5,0.0,0.2,2.8,29948,3156,22842,2298,6,757,0,47,842
860Z200US48197,ZCTA5 48197,66422,7.7,56.9,23.3,0.2,5.9,0.1,0.2,5.8,66422,5082,37815,15457,108,3908,48,135,3869
860Z200US48198,ZCTA5 48198,39867,6.3,48.1,34.1,0.1,1.9,0.1,0.7,8.6,39867,2512,19166,13610,55,748,47,290,3439
860Z200US48201,ZCTA5 48201,14287,3.7,24.1,61.0,0.1,6.9,0.2,0.4,3.6,14287,529,3443,8714,14,985,29,57,516
860Z200US48202,ZCTA5 48202,14617,2.7,25.2,61.7,0.8,5.9,0.2,0.8,2.7,14617,398,3687,9018,120,857,29,117,391
860Z200US48203,ZCTA5 48203,20584,2.3,7.9,86.7,0.1,0.5,0.0,0.1,2.5,20584,466,1621,17841,26,93,0,23,514
860Z200US48204,ZCTA5 48204,20365,3.7,3.5,88.0,0.6,0.1,0.0,0.0,4.1,20365,761,706,17913,132,22,3,0,828
860Z200US48205,ZCTA5 48205,31816,0.5,3.2,94.3,0.1,0.7,0.0,0.2,1.0,31816,144,1008,30009,44,235,0,51,325
860Z200US48206,ZCTA5 48206,16011,2.0,9.4,85.2,0.1,0.7,0.0,0.0,2.7,16011,315,1500,13639,18,109,3,1,426
860Z200US48207,ZCTA5 48207,20577,1.1,17.2,76.0,0.5,2.7,0.0,0.4,2.2,20577,220,3531,15634,96,563,0,81,452
860Z200US48208,ZCTA5 48208,7827,5.4,24.5,66.5,0.1,0.8,0.0,0.3,2.4,7827,420,1919,5206,6,66,0,24,186
860Z200US48209,ZCTA5 48209,26944,73.8,18.4,5.6,0.3,0.1,0.0,0.0,1.8,26944,19878,4960,1496,93,24,0,9,484
860Z200US48210,ZCTA5 48210,26547,57.3,20.1,18.5,0.2,0.2,0.0,0.9,3.0,26547,15199,5323,4900,60,41,0,239,785
860Z200US48211,ZCTA5 48211,5526,0.9,48.6,39.5,0.0,2.6,0.0,2.4,6.0,5526,49,2687,2181,0,141,0,134,334
860Z200US48212,ZCTA5 48212,43213,0.4,41.8,20.8,0.4,28.9,0.2,2.4,5.1,43213,186,18047,8984,170,12483,93,1047,2203
860Z200US48213,ZCTA5 48213,21232,1.9,3.7,93.4,0.1,0.1,0.0,0.1,0.7,21232,408,775,19837,13,21,0,25,153
860Z200US48214,ZCTA5 48214,19372,0.7,15.0,80.1,0.0,0.2,0.0,1.0,2.9,19372,138,2911,15522,0,46,0,191,564
860Z200US48215,ZCTA5 48215,11018,2.0,7.9,88.4,0.1,0.1,0.0,0.0,1.5,11018,219,870,9738,11,12,0,0,168
860Z200US48216,ZCTA5 48216,5171,26.3,29.9,36.7,0.1,0.7,0.0,3.1,3.3,5171,1360,1547,1898,3,34,0,159,170
860Z200US48217,ZCTA5 48217,6660,10.3,1.8,81.9,0.0,0.0,0.0,0.4,5.6,6660,687,119,5453,0,0,0,28,373
860Z200US48218,ZCTA5 48218,7204,15.4,33.1,46.2,0.2,0.0,0.0,0.0,5.0,7204,1113,2388,3330,15,0,0,0,358
860Z200US48219,ZCTA5 48219,44595,1.3,5.5,88.2,0.1,0.2,0.0,1.4,3.2,44595,596,2469,39311,32,99,0,639,1449
860Z200US48220,ZCTA5 48220,21664,3.9,73.3,15.8,0.0,2.2,0.0,1.0,3.8,21664,850,15877,3427,8,475,0,211,816
860Z200US48221,ZCTA5 48221,41570,0.6,7.2,86.6,0.0,1.6,0.0,0.5,3.5,41570,270,2995,35993,11,648,0,190,1463
860Z200US48223,ZCTA5 48223,25747,1.0,6.4,87.9,0.5,0.1,0.0,0.4,3.8,25747,249,1647,22635,123,20,0,105,968
860Z200US48224,ZCTA5 48224,38193,1.3,7.6,88.5,0.6,0.1,0.0,0.2,1.8,38193,496,2892,33793,215,26,10,60,701
860Z200US48225,ZCTA5 48225,16228,1.2,28.4,64.6,0.2,0.2,0.0,0.2,5.1,16228,201,4612,10486,33,38,0,28,830
860Z200US48226,ZCTA5 48226,6926,4.8,39.2,44.6,0.6,7.8,0.0,0.2,2.8,6926,333,2715,3089,39,541,0,17,192
860Z200US48227,ZCTA5 48227,39024,0.9,1.4,95.3,0.1,0.1,0.0,0.0,2.1,39024,360,536,37207,39,24,4,17,837
860Z200US48228,ZCTA5 48228,54670,6.3,14.8,74.0,0.1,0.2,0.0,0.8,3.8,54670,3435,8066,40463,61,98,8,450,2089
860Z200US48229,ZCTA5 48229,9288,19.1,25.9,43.5,1.0,0.0,0.6,2.3,7.7,9288,1773,2401,4039,89,0,53,217,716
860Z200US48230,ZCTA5 48230,17501,2.7,85.4,3.8,0.0,1.5,0.0,1.3,5.3,17501,473,14950,658,3,256,1,226,934
860Z200US48233,ZCTA5 48233,0,-,-,-,-,-,-,-,-,0,0,0,0,0,0,0,0,0
860Z200US48234,ZCTA5 48234,32402,0.8,2.9,95.0,0.1,0.5,0.0,0.2,0.6,32402,269,929,30770,26,166,0,58,184
860Z200US48235,ZCTA5 48235,45529,1.3,2.5,94.1,0.3,0.1,0.0,0.7,1.0,45529,581,1135,42844,153,62,0,313,441
860Z200US48236,ZCTA5 48236,31130,1.6,82.9,9.6,0.0,1.6,0.0,0.1,4.1,31130,494,25796,3002,11,511,0,46,1270
860Z200US48237,ZCTA5 48237,29495,1.1,36.0,53.2,0.1,2.5,0.1,1.8,5.2,29495,334,10608,15693,30,740,30,519,1541
860Z200US48238,ZCTA5 48238,24565,0.8,1.8,93.1,0.0,0.2,0.0,0.7,3.4,24565,200,444,22865,7,54,0,163,832
860Z200US48239,ZCTA5 48239,37372,4.4,35.8,56.5,0.2,0.3,0.0,0.4,2.4,37372,1627,13386,21114,68,119,4,164,890
860Z200US48240,ZCTA5 48240,16914,4.9,44.6,43.3,0.3,0.7,0.1,0.1,6.0,16914,822,7547,7325,53,110,16,18,1023
860Z200US48242,ZCTA5 48242,0,-,-,-,-,-,-,-,-,0,0,0,0,0,0,0,0,0
860Z200US48243,ZCTA5 48243,0,-,-,-,-,-,-,-,-,0,0,0,0,0,0,0,0,0
860Z200US48301,ZCTA5 48301,14806,4.1,79.7,3.4,0.0,5.7,0.0,0.2,6.8,14806,604,11804,506,4,849,0,32,1007
860Z200US48302,ZCTA5 48302,17175,2.5,74.9,8.5,0.2,8.9,0.0,0.1,4.8,17175,437,12864,1462,31,1528,0,21,832
860Z200US48304,ZCTA5 48304,17425,2.0,77.8,6.8,0.2,9.0,0.0,1.2,3.1,17425,346,13560,1184,29,1567,0,201,538
860Z200US48306,ZCTA5 48306,28083,4.1,80.1,1.9,0.1,8.8,0.0,0.4,4.7,28083,1154,22502,524,20,2474,0,103,1306
860Z200US48307,ZCTA5 48307,43799,3.4,73.9,4.3,0.0,14.4,0.0,0.4,3.6,43799,1487,32367,1875,2,6321,0,183,1564
860Z200US48309,ZCTA5 48309,30626,4.5,77.0,3.4,0.2,11.5,0.0,0.3,3.2,30626,1389,23581,1026,51,3523,0,78,978
860Z200US48310,ZCTA5 48310,43232,1.4,78.9,4.0,0.2,11.3,0.0,0.6,3.7,43232,626,34096,1708,66,4890,0,268,1578
860Z200US48312,ZCTA5 48312,34921,2.1,75.8,9.1,0.0,9.6,0.0,0.1,3.2,34921,719,26481,3178,10,3368,7,35,1123
860Z200US48313,ZCTA5 48313,34004,1.6,87.0,6.7,0.1,2.2,0.0,0.0,2.3,34004,551,29579,2274,47,762,0,0,791
860Z200US48314,ZCTA5 48314,21587,3.7,77.4,3.0,0.1,13.0,0.0,0.0,2.6,21587,803,16717,654,30,2813,2,0,568
860Z200US48315,ZCTA5 48315,28248,2.6,87.0,3.1,0.0,4.0,0.0,0.1,3.3,28248,737,24577,874,8,1116,0,15,921
860Z200US48316,ZCTA5 48316,28263,2.7,90.5,1.7,0.0,2.7,0.0,0.6,1.8,28263,760,25588,476,11,753,0,159,516
860Z200US48317,ZCTA5 48317,28091,4.2,77.7,3.3,0.4,8.9,0.4,0.9,4.4,28091,1170,21839,918,104,2489,100,241,1230
860Z200US48320,ZCTA5 48320,4329,4.8,84.5,4.5,0.0,1.4,0.0,0.3,4.5,4329,207,3660,193,0,62,0,11,196
860Z200US48322,ZCTA5 48322,33174,2.3,63.7,19.8,0.0,10.7,0.0,0.4,3.0,33174,754,21138,6574,11,3544,0,147,1006
860Z200US48323,ZCTA5 48323,16742,2.5,78.2,8.6,0.0,7.1,0.0,1.0,2.6,16742,416,13097,1440,3,1193,0,165,428
860Z200US48324,ZCTA5 48324,17366,3.4,77.3,6.6,0.2,6.8,0.0,0.1,5.7,17366,590,13430,1141,28,1175,0,20,982
860Z200US48326,ZCTA5 48326,24105,9.0,56.3,13.2,0.1,16.1,0.0,1.0,4.3,24105,2171,13578,3174,18,3886,0,234,1044
860Z200US48327,ZCTA5 48327,20878,6.6,81.9,6.0,0.1,1.8,0.0,0.3,3.4,20878,1369,17092,1254,21,368,0,62,712
860Z200US48328,ZCTA5 48328,25717,11.5,72.1,9.4,0.2,1.9,0.1,0.2,4.6,25717,2962,18551,2412,51,488,13,62,1178
860Z200US48329,ZCTA5 48329,23932,4.8,86.5,1.7,0.6,1.9,0.0,0.2,4.3,23932,1145,20711,396,146,455,0,46,1033
860Z200US48331,ZCTA5 48331,22152,2.0,66.3,15.4,0.0,12.1,0.0,1.0,3.2,22152,449,14676,3407,0,2681,0,222,717
860Z200US48334,ZCTA5 48334,18814,1.3,57.2,23.8,0.5,10.1,0.0,0.0,7.0,18814,250,10768,4469,89,1907,0,6,1325
860Z200US48335,ZCTA5 48335,24229,3.8,46.0,14.6,0.4,30.0,0.2,0.0,5.1,24229,914,11148,3531,88,7266,37,0,1245
860Z200US48336,ZCTA5 48336,27558,2.2,68.6,15.1,0.2,8.3,0.8,0.3,4.5,27558,606,18914,4175,53,2280,210,79,1241
860Z200US48340,ZCTA5 48340,25957,29.0,28.1,33.8,0.2,4.3,0.0,0.9,3.6,25957,7532,7292,8771,60,1124,0,245,933
860Z200US48341,ZCTA5 48341,19236,11.0,23.5,57.8,0.4,2.5,0.0,0.1,4.8,19236,2110,4513,11109,71,480,0,27,926
860Z200US48342,ZCTA5 48342,16858,18.6,12.8,58.9,0.0,5.0,0.0,0.1,4.5,16858,3144,2162,9921,0,851,0,24,756
860Z200US48346,ZCTA5 48346,23212,5.4,81.7,7.9,0.2,1.0,0.0,0.0,3.9,23212,1256,18958,1828,41,221,0,0,908
860Z200US48348,ZCTA5 48348,24819,4.8,87.2,1.6,0.0,2.6,0.0,0.8,3.1,24819,1182,21641,397,0,635,0,201,763
860Z200US48350,ZCTA5 48350,7795,1.1,95.2,0.6,0.3,0.4,0.0,0.2,2.0,7795,89,7423,48,25,34,0,18,158
860Z200US48353,ZCTA5 48353,7086,6.6,90.3,0.2,0.5,1.5,0.0,0.0,1.0,7086,467,6396,16,32,103,0,0,72
860Z200US48356,ZCTA5 48356,8158,3.2,93.7,0.7,0.0,0.3,0.0,0.0,2.1,8158,258,7645,61,4,22,0,0,168
860Z200US48357,ZCTA5 48357,8342,2.0,92.6,1.4,0.0,0.4,0.0,0.5,3.2,8342,163,7722,116,0,32,0,43,266
860Z200US48359,ZCTA5 48359,10149,8.6,77.5,3.1,0.3,6.6,0.0,0.4,3.5,10149,870,7865,313,33,668,0,45,355
860Z200US48360,ZCTA5 48360,12103,5.6,81.4,1.8,0.4,6.8,0.0,0.5,3.4,12103,677,9853,223,49,829,0,55,417
860Z200US48362,ZCTA5 48362,15053,5.3,86.7,2.7,0.1,2.1,0.0,0.2,3.0,15053,796,13046,410,8,315,0,31,447
860Z200US48363,ZCTA5 48363,7517,3.6,91.6,0.2,0.0,3.4,0.0,0.1,1.1,7517,268,6886,16,0,254,0,7,86
860Z200US48367,ZCTA5 48367,4482,0.4,96.2,0.4,0.1,0.7,0.0,0.0,2.0,4482,20,4313,20,5,33,0,0,91
860Z200US48370,ZCTA5 48370,1725,2.3,94.6,0.0,0.0,1.9,0.0,0.0,1.3,1725,40,1631,0,0,32,0,0,22
860Z200US48371,ZCTA5 48371,26098,3.6,89.6,1.6,0.0,2.2,0.0,0.0,3.0,26098,938,23372,416,0,580,0,6,786
860Z200US48374,ZCTA5 48374,18125,3.4,63.8,4.1,0.4,25.3,0.0,0.4,2.7,18125,608,11557,747,64,4581,0,77,491
860Z200US48375,ZCTA5 48375,23933,5.0,56.9,6.4,0.0,26.5,0.0,0.1,5.1,23933,1197,13628,1533,9,6332,0,18,1216
860Z200US48377,ZCTA5 48377,19083,4.9,52.3,13.9,0.3,25.3,0.0,0.0,3.2,19083,940,9973,2656,50,4835,0,9,620
860Z200US48380,ZCTA5 48380,7750,1.7,93.5,0.9,0.2,0.9,0.0,0.0,2.8,7750,132,7247,67,16,70,0,0,218
860Z200US48381,ZCTA5 48381,13573,2.4,91.0,0.9,0.2,1.5,0.0,0.1,3.8,13573,328,12357,122,25,207,0,14,520
860Z200US48382,ZCTA5 48382,23765,3.1,86.5,3.0,0.1,3.4,0.0,0.0,3.7,23765,746,20555,721,32,819,0,10,882
860Z200US48383,ZCTA5 48383,13093,1.7,90.3,4.3,0.0,0.5,0.0,0.4,2.7,13093,228,11824,568,4,61,0,52,356
860Z200US48386,ZCTA5 48386,18043,3.3,90.5,0.8,0.2,1.0,0.0,0.3,4.0,18043,588,16331,138,30,176,0,52,728
860Z200US48390,ZCTA5 48390,23854,3.8,83.8,2.9,0.0,6.6,0.0,0.2,2.6,23854,896,19993,699,1,1584,0,58,623
860Z200US48393,ZCTA5 48393,19975,6.3,76.6,8.4,0.2,5.9,0.0,0.3,2.3,19975,1263,15306,1671,34,1185,0,65,451
860Z200US48401,ZCTA5 48401,1289,1.6,96.7,0.5,0.0,0.2,0.0,0.0,0.9,1289,21,1246,7,0,3,0,0,12
860Z200US48410,ZCTA5 48410,114,0.0,96.5,0.0,0.0,0.0,0.0,0.0,3.5,114,0,110,0,0,0,0,0,4
860Z200US48411,ZCTA5 48411,30,0.0,100.0,0.0,0.0,0.0,0.0,0.0,0.0,30,0,30,0,0,0,0,0,0
860Z200US48412,ZCTA5 48412,5720,4.5,92.4,0.3,0.1,0.1,0.0,0.8,1.7,5720,259,5286,18,6,8,0,44,99
860Z200US48413,ZCTA5 48413,7445,5.4,90.5,0.3,0.0,1.0,0.0,0.9,1.9,7445,402,6737,22,0,74,0,65,145
860Z200US48414,ZCTA5 48414,2837,2.4,89.4,0.0,0.0,0.1,0.0,0.8,7.2,2837,69,2537,0,0,2,0,24,205
860Z200US48415,ZCTA5 48415,9013,5.3,91.3,2.1,0.1,0.0,0.0,0.0,1.2,9013,482,8229,188,7,0,0,3,104
860Z200US48416,ZCTA5 48416,5291,2.2,94.1,0.2,0.1,0.5,0.0,0.0,2.9,5291,116,4979,12,6,27,0,0,151
860Z200US48417,ZCTA5 48417,2382,7.8,81.3,0.3,0.6,1.6,0.0,0.0,8.4,2382,185,1937,8,14,38,0,0,200
860Z200US48418,ZCTA5 48418,4408,1.3,94.3,0.2,0.2,0.3,0.0,0.0,3.7,4408,58,4158,7,7,15,0,0,163
860Z200US48419,ZCTA5 48419,2196,6.7,89.6,0.1,0.1,0.3,0.0,0.0,3.1,2196,148,1968,3,2,6,0,0,69
860Z200US48420,ZCTA5 48420,21019,3.9,88.2,3.1,0.3,0.7,0.0,0.0,3.8,21019,826,18547,647,54,144,0,0,801
860Z200US48421,ZCTA5 48421,6592,0.4,96.9,0.0,0.1,0.0,0.0,0.0,2.5,6592,24,6390,1,8,1,0,0,168
860Z200US48422,ZCTA5 48422,6005,7.1,90.7,0.2,0.2,0.0,0.0,0.0,1.7,6005,428,5446,14,15,0,0,1,101
860Z200US48423,ZCTA5 48423,33601,4.0,90.3,2.2,0.5,0.2,0.0,0.1,2.8,33601,1334,30355,730,152,55,16,26,933
860Z200US48426,ZCTA5 48426,1280,7.0,91.5,0.0,0.0,0.1,0.0,0.0,1.4,1280,90,1171,0,0,1,0,0,18
860Z200US48427,ZCTA5 48427,2899,5.8,91.5,0.0,0.4,0.1,0.0,0.7,1.5,2899,168,2652,0,13,3,0,19,44
860Z200US48428,ZCTA5 48428,5556,1.9,94.3,0.0,0.0,0.9,0.0,0.5,2.5,5556,103,5237,1,0,52,0,26,137
860Z200US48429,ZCTA5 48429,8428,2.7,95.3,0.2,0.0,0.2,0.0,0.0,1.6,8428,231,8033,14,0,19,0,0,131
860Z200US48430,ZCTA5 48430,38929,3.4,91.9,0.7,0.1,1.3,0.0,0.2,2.5,38929,1306,35770,274,39,518,0,68,954
860Z200US48432,ZCTA5 48432,536,0.2,99.1,0.2,0.0,0.0,0.0,0.0,0.6,536,1,531,1,0,0,0,0,3
860Z200US48433,ZCTA5 48433,25824,3.4,86.1,4.7,0.4,0.4,0.0,0.4,4.5,25824,890,22247,1217,92,106,0,104,1168
860Z200US48434,ZCTA5 48434,132,10.6,89.4,0.0,0.0,0.0,0.0,0.0,0.0,132,14,118,0,0,0,0,0,0
860Z200US48435,ZCTA5 48435,2589,1.4,96.2,0.0,0.1,0.2,0.0,0.0,2.1,2589,35,2491,0,3,5,0,0,55
860Z200US48436,ZCTA5 48436,4139,4.2,92.1,0.4,0.0,0.5,0.0,0.0,2.8,4139,175,3813,16,0,21,0,0,114
860Z200US48437,ZCTA5 48437,348,0.0,96.8,2.3,0.0,0.0,0.0,0.0,0.9,348,0,337,8,0,0,0,0,3
860Z200US48438,ZCTA5 48438,7511,3.7,92.1,0.5,0.0,0.0,0.0,0.4,3.2,7511,281,6915,40,1,0,0,31,243
860Z200US48439,ZCTA5 48439,52012,3.0,77.3,10.8,0.1,3.8,0.0,1.4,3.6,52012,1537,40230,5625,53,1977,0,741,1849
860Z200US48440,ZCTA5 48440,114,0.0,100.0,0.0,0.0,0.0,0.0,0.0,0.0,114,0,114,0,0,0,0,0,0
860Z200US48441,ZCTA5 48441,3979,1.1,95.4,0.7,0.2,0.0,0.0,0.0,2.6,3979,43,3797,27,8,0,0,0,104
860Z200US48442,ZCTA5 48442,22416,2.6,90.6,2.5,0.0,0.6,0.0,0.0,3.6,22416,590,20320,570,11,127,0,0,798
860Z200US48444,ZCTA5 48444,9525,25.7,71.3,0.3,0.1,0.1,0.0,0.6,1.9,9525,2447,6796,26,7,10,0,56,183
860Z200US48445,ZCTA5 48445,1169,1.7,96.8,0.0,0.8,0.0,0.0,0.0,0.7,1169,20,1132,0,9,0,0,0,8
860Z200US48446,ZCTA5 48446,30693,2.8,90.4,2.9,0.1,0.3,0.0,0.2,3.2,30693,851,27758,896,45,101,0,47,995
860Z200US48449,ZCTA5 48449,2972,4.7,89.6,0.4,0.2,0.0,0.0,0.0,5.0,2972,140,2663,13,6,0,0,0,150
860Z200US48450,ZCTA5 48450,4503,1.4,95.3,0.0,0.1,0.0,0.0,0.0,3.3,4503,61,4291,0,3,0,0,0,148
860Z200US48451,ZCTA5 48451,15416,1.9,94.0,1.2,0.0,0.4,0.0,1.1,1.4,15416,292,14497,178,0,66,0,166,217
860Z200US48453,ZCTA5 48453,4991,3.3,93.0,0.6,0.0,0.3,0.0,0.2,2.5,4991,167,4640,31,0,16,0,10,127
860Z200US48454,ZCTA5 48454,1162,2.0,95.2,0.0,0.0,0.4,0.0,0.0,2.4,1162,23,1106,0,0,5,0,0,28
860Z200US48455,ZCTA5 48455,7953,1.9,93.0,0.0,0.4,0.9,0.0,0.0,3.8,7953,154,7395,0,30,72,0,0,302
860Z200US48456,ZCTA5 48456,728,1.0,97.4,0.0,0.0,0.0,0.0,0.5,1.1,728,7,709,0,0,0,0,4,8
860Z200US48457,ZCTA5 48457,8876,2.7,90.2,2.6,0.2,0.1,0.0,0.0,4.1,8876,243,8004,234,15,10,0,4,366
860Z200US48458,ZCTA5 48458,19109,6.4,63.5,25.3,0.2,0.2,0.0,0.0,4.4,19109,1224,12126,4836,32,39,0,8,844
860Z200US48460,ZCTA5 48460,2689,0.8,97.2,0.4,0.0,0.2,0.0,0.0,1.5,2689,21,2613,10,0,5,0,0,40
860Z200US48461,ZCTA5 48461,7889,1.5,95.4,0.1,0.0,0.0,0.0,0.2,2.9,7889,118,7524,5,0,0,0,15,227
860Z200US48462,ZCTA5 48462,12803,6.6,89.5,0.2,0.2,2.3,0.0,0.0,1.3,12803,841,11459,21,21,293,0,0,168
860Z200US48463,ZCTA5 48463,4440,0.6,94.3,1.1,0.0,1.9,0.0,0.2,1.9,4440,25,4188,47,0,84,0,10,86
860Z200US48464,ZCTA5 48464,1999,1.6,94.0,0.1,0.4,1.5,0.1,0.0,2.4,1999,32,1880,1,7,29,2,0,48
860Z200US48465,ZCTA5 48465,553,1.4,95.5,0.0,0.0,0.0,0.0,0.9,2.2,553,8,528,0,0,0,0,5,12
860Z200US48466,ZCTA5 48466,1501,4.0,89.4,3.8,0.0,0.1,0.0,0.0,2.7,1501,60,1342,57,0,2,0,0,40
860Z200US48467,ZCTA5 48467,2286,4.7,92.2,1.4,0.2,0.0,0.0,0.0,1.6,2286,107,2108,31,4,0,0,0,36
860Z200US48468,ZCTA5 48468,1266,0.6,98.6,0.0,0.1,0.1,0.0,0.0,0.6,1266,8,1248,0,1,1,0,0,8
860Z200US48469,ZCTA5 48469,1295,2.6,95.4,0.0,0.0,0.0,0.0,0.0,2.0,1295,34,1235,0,0,0,0,0,26
860Z200US48470,ZCTA5 48470,579,0.3,94.6,1.6,0.0,0.2,0.0,0.0,3.3,579,2,548,9,0,1,0,0,19
860Z200US48471,ZCTA5 48471,5613,5.3,91.2,0.9,0.1,0.2,0.0,0.3,2.0,5613,297,5121,50,3,11,0,19,112
860Z200US48472,ZCTA5 48472,1403,3.5,94.5,0.5,0.0,0.5,0.0,0.0,1.0,1403,49,1326,7,0,7,0,0,14
860Z200US48473,ZCTA5 48473,22586,2.8,89.8,3.3,0.1,0.8,0.0,0.0,3.1,22586,635,20292,743,13,187,0,8,708
860Z200US48475,ZCTA5 48475,2613,0.7,98.4,0.0,0.0,0.0,0.0,0.0,1.0,2613,17,2570,0,0,0,0,0,26
860Z200US48476,ZCTA5 48476,604,0.0,99.3,0.0,0.0,0.7,0.0,0.0,0.0,604,0,600,0,0,4,0,0,0
860Z200US48502,ZCTA5 48502,1323,1.3,61.5,33.5,1.1,1.3,0.0,0.6,0.7,1323,17,814,443,15,17,0,8,9
860Z200US48503,ZCTA5 48503,22891,2.5,35.6,55.4,0.6,0.7,0.0,0.2,4.9,22891,575,8160,12687,137,169,0,47,1116
860Z200US48504,ZCTA5 48504,23941,4.1,25.9,64.7,0.3,0.9,0.0,0.2,4.0,23941,978,6198,15479,63,210,0,44,969
860Z200US48505,ZCTA5 48505,17809,3.6,12.0,78.1,0.2,0.1,0.1,0.1,5.8,17809,646,2134,13902,29,17,25,21,1035
860Z200US48506,ZCTA5 48506,24837,6.9,77.4,9.5,0.2,0.3,0.0,0.4,5.3,24837,1716,19232,2363,38,63,7,107,1311
860Z200US48507,ZCTA5 48507,29357,3.2,61.8,28.1,0.3,0.4,0.0,0.0,6.2,29357,952,18135,8252,89,121,0,1,1807
860Z200US48509,ZCTA5 48509,9354,3.7,81.1,6.3,0.0,2.1,0.0,0.0,6.7,9354,347,7586,593,2,201,0,0,625
860Z200US48519,ZCTA5 48519,8577,7.6,77.1,11.4,0.0,0.0,0.0,0.4,3.6,8577,649,6612,975,1,0,0,35,305
860Z200US48529,ZCTA5 48529,8164,3.9,81.1,11.5,0.7,0.0,0.0,0.1,2.6,8164,320,6621,942,57,0,0,8,216
860Z200US48532,ZCTA5 48532,20531,4.5,49.1,38.9,0.3,0.7,0.0,0.7,5.8,20531,917,10076,7986,69,153,0,144,1186
860Z200US48601,ZCTA5 48601,32172,10.2,26.8,61.2,0.1,0.0,0.0,0.1,1.5,32172,3283,8625,19701,28,0,0,41,494
860Z200US48602,ZCTA5 48602,27575,19.1,50.3,24.9,0.3,0.2,0.0,0.1,5.1,27575,5257,13873,6870,82,56,0,41,1396
860Z200US48603,ZCTA5 48603,28426,9.6,71.7,10.3,0.1,5.3,0.2,0.1,2.6,28426,2731,20385,2941,28,1519,48,21,753
860Z200US48604,ZCTA5 48604,11793,8.3,77.4,9.9,0.4,0.5,0.0,0.2,3.2,11793,982,9128,1164,44,64,5,23,383
860Z200US48607,ZCTA5 48607,1676,19.5,23.5,41.8,0.0,0.7,0.0,0.0,14.4,1676,327,394,701,0,12,0,0,242
860Z200US48609,ZCTA5 48609,12339,4.4,92.2,0.1,0.1,0.9,0.0,0.0,2.4,12339,539,11375,12,10,106,0,6,291
860Z200US48610,ZCTA5 48610,3270,3.2,93.0,0.2,0.6,0.0,0.0,0.1,2.9,3270,106,3040,6,20,0,0,3,95
860Z200US48611,ZCTA5 48611,6135,1.2,96.2,0.7,0.0,0.1,0.0,0.0,1.6,6135,74,5904,46,3,8,0,0,100
860Z200US48612,ZCTA5 48612,8382,2.1,93.4,0.4,0.3,0.3,0.0,0.1,3.5,8382,178,7825,37,21,21,0,9,291
860Z200US48613,ZCTA5 48613,1039,1.1,95.7,0.0,0.0,0.0,0.0,0.0,3.3,1039,11,994,0,0,0,0,0,34
860Z200US48614,ZCTA5 48614,978,1.2,95.7,0.0,0.5,0.2,0.0,0.0,2.4,978,12,936,0,5,2,0,0,23
860Z200US48615,ZCTA5 48615,2817,5.0,91.0,0.2,0.5,0.0,0.5,0.1,2.7,2817,141,2563,6,15,0,13,3,76
860Z200US48616,ZCTA5 48616,7486,4.5,91.5,0.8,0.0,0.8,0.0,0.8,1.6,7486,335,6851,62,0,60,0,58,120
860Z200US48617,ZCTA5 48617,9526,2.3,94.1,0.4,0.2,0.2,0.0,0.1,2.7,9526,223,8961,42,23,16,0,7,254
860Z200US48618,ZCTA5 48618,4912,1.4,94.0,2.4,0.3,0.1,0.0,0.2,1.5,4912,71,4616,120,14,4,0,11,76
860Z200US48619,ZCTA5 48619,454,1.3,96.9,0.0,0.0,0.0,0.0,0.0,1.8,454,6,440,0,0,0,0,0,8
860Z200US48620,ZCTA5 48620,146,0.0,98.6,0.0,1.4,0.0,0.0,0.0,0.0,146,0,144,0,2,0,0,0,0
860Z200US48621,ZCTA5 48621,1065,2.6,93.1,0.9,0.8,0.3,0.0,0.0,2.3,1065,28,991,10,9,3,0,0,24
860Z200US48622,ZCTA5 48622,5996,3.3,90.8,1.4,0.5,1.2,0.0,0.0,2.8,5996,200,5443,84,30,71,0,0,168
860Z200US48623,ZCTA5 48623,15098,2.8,87.7,4.3,0.4,1.2,0.0,0.0,3.6,15098,423,13239,653,64,174,0,0,545
860Z200US48624,ZCTA5 48624,16480,1.9,94.5,0.3,0.2,0.6,0.0,0.2,2.3,16480,317,15568,46,28,105,0,34,382
860Z200US48625,ZCTA5 48625,12962,1.8,94.9,0.6,0.3,0.2,0.0,0.1,2.1,12962,236,12296,76,42,23,0,13,276
860Z200US48626,ZCTA5 48626,5899,1.6,95.5,0.3,0.5,1.3,0.0,0.0,0.9,5899,92,5633,15,30,74,0,0,55
860Z200US48627,ZCTA5 48627,129,2.3,97.7,0.0,0.0,0.0,0.0,0.0,0.0,129,3,126,0,0,0,0,0,0
860Z200US48628,ZCTA5 48628,1958,0.2,94.3,1.5,0.1,1.0,0.0,0.0,3.0,1958,3,1847,29,1,20,0,0,58
860Z200US48629,ZCTA5 48629,7691,1.4,95.1,0.4,0.1,0.4,0.0,0.2,2.5,7691,105,7311,28,5,32,0,18,192
860Z200US48630,ZCTA5 48630,70,0.0,100.0,0.0,0.0,0.0,0.0,0.0,0.0,70,0,70,0,0,0,0,0,0
860Z200US48631,ZCTA5 48631,3924,1.4,94.3,0.0,0.0,0.0,0.0,0.3,4.0,3924,55,3701,0,0,0,0,12,156
860Z200US48632,ZCTA5 48632,5028,4.2,89.7,0.0,1.1,0.1,0.0,0.4,4.6,5028,209,4511,0,54,3,0,19,232
860Z200US48633,ZCTA5 48633,129,0.0,100.0,0.0,0.0,0.0,0.0,0.0,0.0,129,0,129,0,0,0,0,0,0
860Z200US48634,ZCTA5 48634,4613,1.4,95.8,0.0,0.0,0.7,0.0,0.1,2.0,4613,63,4418,0,1,33,0,4,94
860Z200US48635,ZCTA5 48635,1608,2.0,94.5,0.0,0.2,0.0,0.0,0.0,3.3,1608,32,1520,0,3,0,0,0,53
860Z200US48636,ZCTA5 48636,852,2.9,95.1,0.0,0.6,0.0,0.0,0.0,1.4,852,25,810,0,5,0,0,0,12
860Z200US48637,ZCTA5 48637,3104,11.0,86.5,0.1,0.5,0.0,0.0,0.0,1.9,3104,341,2685,4,14,0,0,0,60
860Z200US48638,ZCTA5 48638,12157,7.5,72.6,16.4,0.0,1.1,0.0,0.0,2.5,12157,911,8823,1990,0,129,0,0,304
860Z200US48640,ZCTA5 48640,32723,4.2,90.4,1.2,0.1,1.0,0.0,0.1,3.0,32723,1369,29580,390,32,319,0,35,998
860Z200US48642,ZCTA5 48642,33483,3.2,88.1,1.9,0.3,4.2,0.0,0.3,1.9,33483,1088,29511,639,102,1397,0,117,629
860Z200US48647,ZCTA5 48647,4256,2.0,93.6,0.3,0.5,0.1,0.0,0.1,3.5,4256,84,3983,12,20,3,0,6,148
860Z200US48649,ZCTA5 48649,1309,3.1,94.4,0.4,0.1,0.2,0.0,0.0,1.8,1309,41,1236,5,1,2,0,0,24
860Z200US48650,ZCTA5 48650,6462,2.1,93.6,0.2,0.2,0.3,0.0,0.3,3.2,6462,137,6050,16,16,17,0,20,206
860Z200US48651,ZCTA5 48651,4369,1.5,92.3,1.1,0.5,0.6,0.0,0.0,4.1,4369,65,4031,46,20,26,0,0,181
860Z200US48652,ZCTA5 48652,1974,0.5,96.0,0.1,0.4,0.0,0.0,0.3,2.8,1974,10,1895,2,7,0,0,5,55
860Z200US48653,ZCTA5 48653,9885,3.2,90.8,0.3,0.3,0.2,0.0,0.0,5.1,9885,321,8975,29,29,23,0,3,505
860Z200US48654,ZCTA5 48654,2446,1.2,96.6,0.8,0.2,0.0,0.0,0.0,1.3,2446,29,2362,20,4,0,0,0,31
860Z200US48655,ZCTA5 48655,5773,7.7,86.3,3.0,0.2,0.4,0.0,0.0,2.3,5773,447,4981,175,14,22,0,0,134
860Z200US48656,ZCTA5 48656,3785,2.2,92.7,0.0,0.0,1.0,0.0,0.0,4.1,3785,82,3509,1,0,38,0,0,155
860Z200US48657,ZCTA5 48657,7506,1.6,92.0,0.7,1.5,0.1,0.0,0.1,4.0,7506,118,6909,53,112,7,0,7,300
860Z200US48658,ZCTA5 48658,4803,2.4,92.1,0.5,0.9,0.4,0.0,0.0,3.6,4803,117,4425,26,43,18,0,2,172
860Z200US48659,ZCTA5 48659,2643,0.2,96.4,0.2,0.3,0.0,0.0,0.0,2.9,2643,5,2549,5,7,0,0,0,77
860Z200US48661,ZCTA5 48661,10538,2.2,92.7,0.6,0.5,1.6,0.0,0.2,2.2,10538,229,9770,66,54,164,4,17,234
860Z200US48662,ZCTA5 48662,1293,4.3,95.0,0.0,0.0,0.0,0.0,0.0,0.7,1293,56,1228,0,0,0,0,0,9
860Z200US48701,ZCTA5 48701,1268,3.7,89.4,0.8,3.9,0.2,0.0,0.0,2.0,1268,47,1133,10,50,3,0,0,25
860Z200US48703,ZCTA5 48703,2964,1.6,94.5,0.5,0.1,0.0,0.0,0.4,2.9,2964,47,2801,15,3,0,0,11,87
860Z200US48705,ZCTA5 48705,423,4.5,84.2,0.0,0.0,0.0,0.0,0.0,11.3,423,19,356,0,0,0,0,0,48
860Z200US48706,ZCTA5 48706,39182,4.7,89.3,1.1,0.2,0.5,0.1,0.3,3.8,39182,1838,35000,434,61,205,47,109,1488
860Z200US48708,ZCTA5 48708,25857,10.8,81.5,2.8,0.2,0.8,0.0,0.2,3.7,25857,2790,21085,717,42,205,8,50,960
860Z200US48710,ZCTA5 48710,0,-,-,-,-,-,-,-,-,0,0,0,0,0,0,0,0,0
860Z200US48720,ZCTA5 48720,1116,1.1,94.4,0.0,2.1,2.2,0.0,0.0,0.4,1116,12,1053,0,23,24,0,0,4
860Z200US48721,ZCTA5 48721,420,3.3,90.5,0.0,0.0,4.0,0.0,0.5,1.7,420,14,380,0,0,17,0,2,7
860Z200US48722,ZCTA5 48722,3264,9.5,82.2,6.6,0.0,0.0,0.0,0.0,1.7,3264,309,2684,215,0,0,0,0,56
860Z200US48723,ZCTA5 48723,12389,4.5,90.5,1.4,0.2,0.6,0.0,0.0,2.8,12389,555,11213,172,30,78,0,0,341
860Z200US48724,ZCTA5 48724,796,13.4,86.6,0.0,0.0,0.0,0.0,0.0,0.0,796,107,689,0,0,0,0,0,0
860Z200US48725,ZCTA5 48725,1910,0.5,97.1,0.0,0.1,0.9,0.0,0.0,1.5,1910,9,1854,0,2,17,0,0,28
860Z200US48726,ZCTA5 48726,5733,6.9,89.8,0.3,0.0,0.7,0.0,0.4,1.9,5733,396,5146,16,0,39,0,25,111
860Z200US48727,ZCTA5 48727,984,1.6,98.3,0.0,0.0,0.0,0.1,0.0,0.0,984,16,967,0,0,0,1,0,0
860Z200US48728,ZCTA5 48728,302,5.0,86.4,1.0,0.0,0.0,0.0,0.0,7.6,302,15,261,3,0,0,0,0,23
860Z200US48729,ZCTA5 48729,1478,2.2,95.2,0.8,0.0,0.0,0.0,0.0,1.8,1478,33,1407,12,0,0,0,0,26
860Z200US48730,ZCTA5 48730,4586,4.0,90.0,1.6,0.4,0.5,0.0,0.4,3.2,4586,184,4126,72,18,21,0,17,148
860Z200US48731,ZCTA5 48731,1477,1.2,96.4,0.0,0.1,1.7,0.0,0.0,0.5,1477,18,1424,0,2,25,0,0,8
860Z200US48732,ZCTA5 48732,11204,6.3,90.7,0.6,0.0,0.5,0.0,0.0,1.9,11204,708,10158,70,5,51,0,0,212
860Z200US48733,ZCTA5 48733,1573,7.2,89.9,1.8,0.0,0.3,0.0,0.0,0.8,1573,114,1414,28,0,4,0,0,13
860Z200US48734,ZCTA5 48734,7425,4.9,91.6,2.9,0.0,0.3,0.0,0.2,0.1,7425,367,6800,219,0,20,0,14,5
860Z200US48735,ZCTA5 48735,981,1.2,93.4,1.7,0.1,0.0,0.0,1.7,1.8,981,12,916,17,1,0,0,17,18
860Z200US48737,ZCTA5 48737,1214,0.2,97.1,0.0,0.1,1.0,0.0,0.0,1.6,1214,2,1179,0,1,12,0,0,20
860Z200US48738,ZCTA5 48738,1036,0.0,96.8,0.0,0.0,0.0,0.0,0.0,3.2,1036,0,1003,0,0,0,0,0,33
860Z200US48739,ZCTA5 48739,3592,3.1,93.0,0.1,2.7,0.0,0.0,0.0,1.1,3592,111,3340,3,97,0,0,0,41
860Z200US48740,ZCTA5 48740,2457,2.9,93.5,0.4,0.5,0.1,0.0,0.2,2.5,2457,72,2297,9,12,2,0,4,61
860Z200US48741,ZCTA5 48741,2043,2.0,96.1,0.2,0.1,0.2,0.0,0.3,1.1,2043,41,1964,4,2,4,0,6,22
860Z200US48742,ZCTA5 48742,1611,1.6,94.4,0.1,0.2,0.1,0.0,0.2,3.4,1611,26,1521,2,4,1,0,3,54
860Z200US48743,ZCTA5 48743,38,0.0,100.0,0.0,0.0,0.0,0.0,0.0,0.0,38,0,38,0,0,0,0,0,0
860Z200US48744,ZCTA5 48744,4326,1.5,96.5,0.5,0.0,0.2,0.0,0.3,0.9,4326,66,4176,20,0,9,0,15,40
860Z200US48745,ZCTA5 48745,1416,0.1,85.7,1.6,1.0,4.4,0.1,0.0,7.0,1416,2,1214,22,14,63,2,0,99
860Z200US48746,ZCTA5 48746,8090,1.7,92.7,0.6,0.6,1.2,0.0,0.0,3.2,8090,134,7498,50,49,98,0,1,260
860Z200US48747,ZCTA5 48747,1720,3.5,90.1,0.2,0.5,0.6,0.0,0.3,4.8,1720,61,1550,3,8,10,0,6,82
860Z200US48748,ZCTA5 48748,1438,1.7,93.7,0.0,0.1,1.9,0.0,0.3,2.2,1438,24,1347,0,2,28,0,5,32
860Z200US48749,ZCTA5 48749,1311,4.0,92.8,2.1,0.8,0.0,0.0,0.0,0.3,1311,52,1216,28,11,0,0,0,4
860Z200US48750,ZCTA5 48750,9024,3.1,93.0,0.5,0.9,0.4,0.0,0.0,2.1,9024,283,8394,44,78,34,0,4,187
860Z200US48754,ZCTA5 48754,973,3.1,95.3,0.0,0.0,0.0,0.0,0.0,1.6,973,30,927,0,0,0,0,0,16
860Z200US48755,ZCTA5 48755,2825,2.7,93.9,0.8,0.0,0.0,0.0,0.1,2.4,2825,75,2653,23,1,1,0,3,69
860Z200US48756,ZCTA5 48756,3956,3.3,93.8,0.4,0.1,0.0,0.0,0.0,2.5,3956,129,3711,16,3,0,0,0,97
860Z200US48757,ZCTA5 48757,3713,3.0,93.4,0.1,0.0,0.0,0.0,0.0,3.4,3713,112,3468,5,0,0,0,0,128
860Z200US48759,ZCTA5 48759,3506,3.1,94.9,0.9,0.0,0.1,0.0,0.2,0.8,3506,108,3327,31,0,5,0,6,29
860Z200US48760,ZCTA5 48760,1342,0.9,89.5,7.2,0.0,0.0,0.0,0.0,2.4,1342,12,1201,97,0,0,0,0,32
860Z200US48761,ZCTA5 48761,867,0.6,97.0,0.0,0.0,0.0,0.0,0.0,2.4,867,5,841,0,0,0,0,0,21
860Z200US48762,ZCTA5 48762,1069,0.7,93.9,0.7,0.0,0.0,0.0,1.6,3.1,1069,7,1004,8,0,0,0,17,33
860Z200US48763,ZCTA5 48763,4943,1.6,93.8,1.1,0.0,0.5,0.0,0.0,3.0,4943,77,4639,53,0,26,0,0,148
860Z200US48765,ZCTA5 48765,554,7.4,88.8,0.2,0.2,0.2,0.0,0.7,2.5,554,41,492,1,1,1,0,4,14
860Z200US48766,ZCTA5 48766,1319,3.6,92.8,0.3,2.0,0.0,0.0,0.2,1.2,1319,47,1224,4,26,0,0,2,16
860Z200US48767,ZCTA5 48767,2075,5.9,93.3,0.0,0.0,0.0,0.0,0.1,0.7,2075,123,1935,0,0,0,0,2,15
860Z200US48768,ZCTA5 48768,9111,4.4,91.6,1.5,0.1,0.2,0.0,0.1,2.1,9111,404,8342,133,8,18,0,12,194
860Z200US48770,ZCTA5 48770,1826,0.9,95.1,0.0,0.7,0.0,0.0,0.1,3.2,1826,16,1736,0,13,0,0,2,59
860Z200US48801,ZCTA5 48801,13621,8.6,86.8,1.9,0.1,1.4,0.0,0.1,1.2,13621,1174,11819,252,18,189,0,9,160
860Z200US48806,ZCTA5 48806,1794,3.6,92.8,0.4,0.1,0.2,0.0,0.0,3.0,1794,64,1664,7,2,4,0,0,53
860Z200US48807,ZCTA5 48807,787,1.0,97.6,0.4,0.0,0.0,0.0,0.0,1.0,787,8,768,3,0,0,0,0,8
860Z200US48808,ZCTA5 48808,6519,1.7,95.5,1.0,0.0,1.0,0.0,0.0,0.8,6519,112,6227,65,0,62,0,0,53
860Z200US48809,ZCTA5 48809,11112,3.5,90.2,0.2,0.0,0.6,0.0,0.0,5.5,11112,388,10027,25,1,62,0,0,609
860Z200US48811,ZCTA5 48811,7425,3.1,77.4,12.2,0.4,0.1,0.0,3.0,3.9,7425,227,5748,903,33,8,0,220,286
860Z200US48813,ZCTA5 48813,20165,5.5,88.6,1.5,0.3,0.8,0.0,0.3,2.9,20165,1117,17876,309,54,159,0,56,594
860Z200US48815,ZCTA5 48815,2254,2.8,88.2,0.0,0.0,2.6,0.0,0.0,6.4,2254,62,1989,0,0,59,0,0,144
860Z200US48816,ZCTA5 48816,347,0.0,100.0,0.0,0.0,0.0,0.0,0.0,0.0,347,0,347,0,0,0,0,0,0
860Z200US48817,ZCTA5 48817,5586,1.7,94.5,2.0,0.0,0.3,0.0,0.0,1.5,5586,93,5279,113,2,14,0,0,85
860Z200US48818,ZCTA5 48818,2395,4.8,86.8,7.2,0.0,0.4,0.0,0.0,0.7,2395,116,2080,173,0,9,0,0,17
860Z200US48819,ZCTA5 48819,2426,2.6,92.6,0.0,0.3,0.3,0.0,0.0,4.3,2426,62,2246,0,7,7,0,0,104
860Z200US48820,ZCTA5 48820,18046,7.0,87.0,1.6,0.3,0.2,0.0,1.1,2.9,18046,1263,15691,285,47,39,0,202,519
860Z200US48821,ZCTA5 48821,6127,5.3,89.4,1.7,0.1,1.6,0.0,0.0,1.9,6127,325,5475,106,6,101,0,0,114
860Z200US48822,ZCTA5 48822,2469,8.8,84.2,4.7,0.0,0.1,0.0,0.2,2.0,2469,218,2078,117,0,2,0,5,49
860Z200US48823,ZCTA5 48823,49713,5.0,74.3,6.3,0.2,9.2,0.0,0.3,4.7,49713,2484,36949,3137,92,4592,0,136,2323
860Z200US48824,ZCTA5 48824,1969,7.4,67.3,7.6,0.0,11.8,0.0,0.0,5.9,1969,145,1326,150,0,232,0,0,116
860Z200US48825,ZCTA5 48825,10855,6.5,74.5,6.8,0.1,8.7,0.0,0.0,3.4,10855,701,8082,739,15,945,0,0,373
860Z200US48827,ZCTA5 48827,15999,5.0,91.4,0.6,0.1,0.6,0.0,0.3,2.0,15999,806,14617,90,10,100,4,45,327
860Z200US48829,ZCTA5 48829,3434,5.3,93.4,0.3,0.0,0.1,0.0,0.0,0.9,3434,181,3206,11,0,5,0,0,31
860Z200US48831,ZCTA5 48831,3307,1.8,94.6,1.8,0.1,0.2,0.0,0.2,1.3,3307,61,3127,61,3,5,0,7,43
860Z200US48832,ZCTA5 48832,1276,0.9,94.5,0.0,0.2,0.0,0.0,0.0,4.5,1276,11,1206,0,2,0,0,0,57
860Z200US48834,ZCTA5 48834,2159,9.8,84.2,2.5,0.0,0.0,0.0,0.0,3.5,2159,211,1818,54,0,0,0,0,76
860Z200US48835,ZCTA5 48835,2580,1.9,97.4,0.0,0.0,0.3,0.0,0.1,0.4,2580,48,2512,0,0,8,0,2,10
860Z200US48836,ZCTA5 48836,14779,0.7,95.8,0.0,0.6,0.4,0.0,0.1,2.3,14779,109,14159,3,94,57,0,13,344
860Z200US48837,ZCTA5 48837,19913,3.8,89.2,2.0,0.3,0.3,0.0,0.2,4.3,19913,760,17758,391,59,55,0,34,856
860Z200US48838,ZCTA5 48838,18043,4.9,88.2,1.0,0.1,0.6,0.1,0.6,4.5,18043,877,15913,175,25,108,26,112,807
860Z200US48840,ZCTA5 48840,12611,5.2,82.7,2.2,0.1,4.7,0.0,0.0,5.0,12611,653,10435,282,16,596,0,0,629
860Z200US48841,ZCTA5 48841,713,6.7,90.6,0.0,0.0,0.3,0.0,0.0,2.4,713,48,646,0,0,2,0,0,17
860Z200US48842,ZCTA5 48842,21194,6.8,75.5,7.4,0.0,4.5,0.0,1.1,4.6,21194,1440,15998,1559,9,964,0,243,981
860Z200US48843,ZCTA5 48843,46734,3.1,93.0,0.8,0.1,0.8,0.0,0.1,2.0,46734,1441,43468,354,68,389,22,61,931
860Z200US48845,ZCTA5 48845,981,2.1,88.4,2.0,0.6,0.0,0.3,0.1,6.4,981,21,867,20,6,0,3,1,63
860Z200US48846,ZCTA5 48846,22038,8.4,77.4,10.2,0.3,0.1,0.0,0.0,3.6,22038,1861,17052,2243,62,25,0,4,791
860Z200US48847,ZCTA5 48847,5599,5.7,90.0,0.9,0.5,0.0,0.0,0.7,2.1,5599,321,5040,50,29,1,0,40,118
860Z200US48848,ZCTA5 48848,7705,2.0,94.3,0.9,0.0,0.4,0.0,0.1,2.3,7705,156,7267,68,0,30,0,8,176
860Z200US48849,ZCTA5 48849,5789,3.0,90.0,2.4,0.1,0.5,0.0,0.0,4.0,5789,176,5210,141,6,27,0,0,229
860Z200US48850,ZCTA5 48850,4657,4.3,88.6,4.6,0.0,0.2,0.0,0.0,2.3,4657,201,4125,214,0,9,0,0,108
860Z200US48851,ZCTA5 48851,2307,5.3,86.3,1.1,0.0,0.4,0.0,0.0,6.9,2307,122,1991,26,0,9,0,0,159
860Z200US48852,ZCTA5 48852,166,0.0,93.4,0.0,0.0,0.0,0.0,0.0,6.6,166,0,155,0,0,0,0,0,11
860Z200US48853,ZCTA5 48853,740,3.6,94.3,0.0,0.0,0.0,0.0,0.0,2.0,740,27,698,0,0,0,0,0,15
860Z200US48854,ZCTA5 48854,19502,3.7,88.8,1.9,0.2,1.7,0.0,0.3,3.4,19502,715,17321,378,44,323,0,65,656
860Z200US48855,ZCTA5 48855,16367,2.1,93.6,0.2,0.0,0.7,0.0,0.5,2.9,16367,346,15314,28,2,117,0,80,480
860Z200US48856,ZCTA5 48856,879,22.6,74.4,0.0,0.0,0.0,0.0,2.6,0.3,879,199,654,0,0,0,0,23,3
860Z200US48857,ZCTA5 48857,3489,4.6,90.6,0.2,0.0,0.7,0.0,0.6,3.4,3489,159,3162,7,0,23,0,21,117
860Z200US48858,ZCTA5 48858,43036,5.1,81.6,3.1,3.7,1.9,0.1,0.2,4.3,43036,2192,35112,1343,1582,831,28,81,1867
860Z200US48859,ZCTA5 48859,2395,5.3,80.2,8.0,0.3,3.2,0.0,0.4,2.5,2395,128,1920,192,7,77,0,10,61
860Z200US48860,ZCTA5 48860,1601,2.1,93.6,0.2,0.0,0.0,0.0,0.0,4.1,1601,34,1498,3,0,0,0,0,66
860Z200US48861,ZCTA5 48861,1839,3.2,91.2,0.2,0.4,3.2,0.0,0.2,1.7,1839,58,1677,4,7,59,0,3,31
860Z200US48862,ZCTA5 48862,25,0.0,100.0,0.0,0.0,0.0,0.0,0.0,0.0,25,0,25,0,0,0,0,0,0
860Z200US48864,ZCTA5 48864,23359,3.7,59.1,5.5,1.0,22.3,0.0,0.6,7.9,23359,856,13796,1277,223,5218,0,145,1844
860Z200US48865,ZCTA5 48865,1918,6.4,91.7,1.1,0.7,0.2,0.0,0.0,0.0,1918,122,1759,21,13,3,0,0,0
860Z200US48866,ZCTA5 48866,4357,4.3,89.7,0.5,0.1,0.0,0.0,0.9,4.6,4357,189,3907,20,3,0,0,38,200
860Z200US48867,ZCTA5 48867,27154,3.6,92.7,0.7,0.2,0.3,0.0,0.3,2.2,27154,973,25184,189,46,89,0,88,585
860Z200US48870,ZCTA5 48870,214,0.5,99.5,0.0,0.0,0.0,0.0,0.0,0.0,214,1,213,0,0,0,0,0,0
860Z200US48871,ZCTA5 48871,2232,1.1,98.4,0.0,0.0,0.0,0.0,0.0,0.5,2232,24,2196,0,0,0,0,0,12
860Z200US48872,ZCTA5 48872,6241,2.8,94.4,0.7,0.8,0.2,0.0,0.2,0.9,6241,172,5889,42,52,12,0,15,59
860Z200US48873,ZCTA5 48873,1402,0.7,97.9,0.0,0.0,0.0,0.0,0.0,1.4,1402,10,1373,0,0,0,0,0,19
860Z200US48874,ZCTA5 48874,185,9.7,55.7,34.6,0.0,0.0,0.0,0.0,0.0,185,18,103,64,0,0,0,0,0
860Z200US48875,ZCTA5 48875,10899,2.7,89.4,0.9,0.0,1.2,0.1,0.4,5.3,10899,292,9749,100,0,132,9,43,574
860Z200US48876,ZCTA5 48876,4602,12.1,82.9,1.1,1.2,0.0,0.0,0.0,2.8,4602,555,3815,49,53,0,0,0,130
860Z200US48877,ZCTA5 48877,1967,2.8,94.8,0.2,0.4,0.2,0.0,0.0,1.7,1967,56,1864,3,7,4,0,0,33
860Z200US48878,ZCTA5 48878,1510,6.6,91.0,0.5,0.7,0.7,0.0,0.1,0.5,1510,99,1374,7,11,11,0,1,7
860Z200US48879,ZCTA5 48879,18607,3.3,92.6,0.8,0.9,0.2,0.0,0.0,2.2,18607,608,17231,153,160,37,2,3,413
860Z200US48880,ZCTA5 48880,10026,7.4,69.0,19.5,0.3,0.4,0.0,0.2,3.2,10026,746,6914,1951,31,45,0,21,318
860Z200US48881,ZCTA5 48881,5521,3.3,93.6,0.3,0.3,0.1,0.0,0.0,2.4,5521,181,5168,19,17,4,0,0,132
860Z200US48883,ZCTA5 48883,6692,1.8,93.8,0.4,0.9,0.1,0.0,0.4,2.6,6692,123,6277,28,61,5,0,24,174
860Z200US48884,ZCTA5 48884,5009,5.5,92.0,0.2,1.1,0.1,0.0,0.0,1.2,5009,273,4609,10,54,5,0,0,58
860Z200US48885,ZCTA5 48885,1108,1.7,92.7,0.0,0.0,0.4,0.0,0.0,5.2,1108,19,1027,0,0,4,0,0,58
860Z200US48886,ZCTA5 48886,1621,5.1,92.7,0.0,2.2,0.0,0.0,0.0,0.0,1621,83,1502,0,36,0,0,0,0
860Z200US48888,ZCTA5 48888,5792,3.3,93.6,0.6,0.1,0.0,0.0,0.0,2.4,5792,191,5423,33,4,0,0,0,141
860Z200US48889,ZCTA5 48889,1482,1.6,94.6,0.6,0.0,0.0,0.0,0.0,3.2,1482,24,1402,9,0,0,0,0,47
860Z200US48890,ZCTA5 48890,1976,1.5,92.4,0.1,0.0,0.0,0.0,0.5,5.6,1976,29,1825,2,0,0,0,9,111
860Z200US48891,ZCTA5 48891,2864,2.3,94.7,0.8,0.0,0.0,0.0,0.2,2.0,2864,65,2713,23,0,0,0,7,56
860Z200US48892,ZCTA5 48892,4740,2.6,93.2,0.0,1.2,0.1,0.0,0.5,2.4,4740,125,4417,0,57,3,0,24,114
860Z200US48893,ZCTA5 48893,5274,1.0,89.1,0.0,0.3,0.5,0.0,2.7,6.4,5274,54,4697,2,16,24,0,145,336
860Z200US48894,ZCTA5 48894,2386,5.3,92.1,0.0,0.0,0.0,0.3,0.0,2.3,2386,127,2197,0,0,0,6,0,56
860Z200US48895,ZCTA5 48895,11331,1.3,94.0,0.2,0.0,0.5,0.0,1.8,2.3,11331,143,10654,24,0,53,0,200,257
860Z200US48896,ZCTA5 48896,268,3.4,96.6,0.0,0.0,0.0,0.0,0.0,0.0,268,9,259,0,0,0,0,0,0
860Z200US48897,ZCTA5 48897,1434,5.9,92.5,0.0,0.0,0.1,0.0,0.0,1.5,1434,85,1326,0,0,2,0,0,21
860Z200US48906,ZCTA5 48906,25953,12.4,64.5,12.9,0.3,1.6,0.0,0.2,8.1,25953,3211,16747,3353,87,416,0,46,2093
860Z200US48910,ZCTA5 48910,33221,12.3,60.1,16.9,0.3,3.7,0.0,0.9,5.8,33221,4080,19970,5612,100,1228,0,296,1935
860Z200US48911,ZCTA5 48911,40755,13.4,47.2,26.0,0.1,7.8,0.0,0.2,5.2,40755,5469,19234,10616,45,3175,0,82,2134
860Z200US48912,ZCTA5 48912,16378,12.2,55.2,21.8,0.5,4.6,0.0,1.1,4.5,16378,1995,9046,3568,85,760,0,187,737
860Z200US48915,ZCTA5 48915,10022,7.4,56.5,26.3,0.0,2.7,0.0,0.5,6.6,10022,745,5662,2635,0,268,0,48,664
860Z200US48917,ZCTA5 48917,32379,8.5,68.0,13.7,0.2,5.3,0.0,0.2,4.1,32379,2763,22007,4446,62,1711,16,53,1321
860Z200US48933,ZCTA5 48933,3056,9.5,42.2,38.5,0.9,3.7,0.0,1.6,3.6,3056,290,1290,1177,28,112,0,50,109
860Z200US49001,ZCTA5 49001,20087,11.1,60.3,24.5,0.0,0.3,0.0,0.1,3.7,20087,2230,12114,4920,10,63,0,15,735
860Z200US49002,ZCTA5 49002,19975,5.1,85.7,2.6,0.2,1.1,0.0,0.5,4.8,19975,1026,17128,512,35,228,0,97,949
860Z200US49004,ZCTA5 49004,17870,5.9,79.6,7.0,0.0,2.3,0.1,0.3,4.9,17870,1062,14224,1245,0,404,10,55,870
860Z200US49006,ZCTA5 49006,26730,7.4,66.4,14.1,0.0,4.2,0.1,0.3,7.5,26730,1971,17742,3764,1,1123,28,93,2008
860Z200US49007,ZCTA5 49007,10565,4.2,43.5,40.9,0.8,0.9,0.0,0.5,9.1,10565,448,4596,4325,83,99,0,50,964
860Z200US49008,ZCTA5 49008,16114,4.0,75.9,11.6,0.4,2.9,0.0,0.5,4.7,16114,643,12233,1873,58,471,0,80,756
860Z200US49009,ZCTA5 49009,47139,4.4,76.3,8.5,0.1,4.0,0.1,0.4,6.3,47139,2063,35953,4003,40,1877,43,196,2964
860Z200US49010,ZCTA5 49010,18457,4.3,86.5,2.7,0.1,1.1,0.0,0.1,5.2,18457,788,15966,494,26,198,0,21,964
860Z200US49011,ZCTA5 49011,2463,3.4,90.3,1.9,1.0,0.0,0.0,0.0,3.4,2463,83,2225,46,25,0,0,1,83
860Z200US49012,ZCTA5 49012,3705,6.5,87.5,1.0,0.3,1.0,0.0,0.0,3.7,3705,240,3241,38,12,38,0,0,136
860Z200US49013,ZCTA5 49013,5030,29.5,61.8,3.4,0.8,0.5,0.0,0.0,4.0,5030,1482,3110,171,42,25,0,0,200
860Z200US49014,ZCTA5 49014,21118,5.8,77.1,9.4,0.2,2.2,0.0,0.1,5.1,21118,1230,16290,1988,41,473,0,14,1082
860Z200US49015,ZCTA5 49015,29361,7.4,72.8,5.9,0.3,7.3,0.0,0.1,6.2,29361,2159,21388,1740,99,2151,0,16,1808
860Z200US49017,ZCTA5 49017,20179,5.6,76.9,11.0,0.4,0.4,0.0,0.2,5.6,20179,1122,15513,2222,76,76,5,37,1128
860Z200US49021,ZCTA5 49021,6339,4.3,91.5,1.6,0.0,0.1,0.0,0.0,2.5,6339,273,5803,102,0,5,0,0,156
860Z200US49022,ZCTA5 49022,29985,6.0,36.3,53.1,0.2,0.4,0.1,0.3,3.5,29985,1791,10880,15933,60,133,41,96,1051
860Z200US49024,ZCTA5 49024,30539,5.5,80.0,5.9,0.2,3.7,0.0,0.5,4.1,30539,1677,24433,1814,65,1119,0,165,1266
860Z200US49026,ZCTA5 49026,1666,5.5,86.0,4.3,0.0,0.0,0.0,0.0,4.1,1666,92,1433,72,0,0,0,0,69
860Z200US49027,ZCTA5 49027,284,24.6,74.6,0.0,0.0,0.0,0.0,0.0,0.7,284,70,212,0,0,0,0,0,2
860Z200US49028,ZCTA5 49028,5733,11.1,84.2,0.4,0.3,0.4,0.0,0.1,3.4,5733,639,4829,24,18,24,0,3,196
860Z200US49029,ZCTA5 49029,1341,0.2,97.1,0.3,0.0,0.0,0.0,0.0,2.4,1341,3,1302,4,0,0,0,0,32
860Z200US49030,ZCTA5 49030,2486,6.0,91.4,0.8,0.0,0.0,0.0,0.0,1.9,2486,148,2272,19,1,0,0,0,46
860Z200US49031,ZCTA5 49031,8316,4.6,73.1,11.9,0.5,1.8,0.0,2.8,5.2,8316,382,6083,989,43,153,0,235,431
860Z200US49032,ZCTA5 49032,3232,0.8,95.9,1.8,0.0,0.0,0.0,0.0,1.5,3232,26,3099,59,0,0,0,0,48
860Z200US49033,ZCTA5 49033,1790,1.6,95.7,0.0,0.9,1.1,0.0,0.0,0.7,1790,28,1713,0,17,20,0,0,12
860Z200US49034,ZCTA5 49034,2128,0.8,96.6,0.0,0.5,1.0,0.0,0.0,1.0,2128,18,2055,0,11,22,0,0,22
860Z200US49036,ZCTA5 49036,24990,6.5,87.3,3.2,0.2,0.7,0.0,0.2,2.1,24990,1614,21811,791,42,168,0,44,520
860Z200US49037,ZCTA5 49037,20687,7.8,58.9,23.6,0.3,3.0,0.0,0.8,5.7,20687,1620,12182,4874,52,614,0,172,1173
860Z200US49038,ZCTA5 49038,8577,3.4,88.3,2.2,0.0,0.0,0.0,1.7,4.4,8577,293,7575,187,0,0,0,144,378
860Z200US49040,ZCTA5 49040,3436,0.2,95.5,0.1,0.0,0.1,0.0,0.2,3.9,3436,7,3281,5,0,4,0,6,133
860Z200US49042,ZCTA5 49042,4747,6.0,89.0,1.1,0.0,1.3,0.0,0.0,2.6,4747,283,4226,54,0,62,0,0,122
860Z200US49043,ZCTA5 49043,2166,33.3,35.7,26.9,0.0,0.1,0.0,0.0,4.1,2166,721,773,582,0,2,0,0,88
860Z200US49045,ZCTA5 49045,5434,9.1,82.5,1.9,0.7,0.8,0.0,0.0,5.0,5434,494,4483,104,39,45,0,0,269
860Z200US49046,ZCTA5 49046,7202,2.4,93.4,1.5,0.8,0.0,0.0,0.0,1.8,7202,174,6730,111,59,0,0,0,128
860Z200US49047,ZCTA5 49047,14350,7.5,80.5,6.6,2.0,0.6,0.0,0.3,2.6,14350,1075,11552,942,282,79,0,40,380
860Z200US49048,ZCTA5 49048,23626,6.9,65.6,19.7,0.2,1.5,0.2,0.2,5.7,23626,1639,15498,4655,49,349,45,47,1344
860Z200US49050,ZCTA5 49050,1428,6.3,89.3,0.8,0.0,0.4,0.0,1.5,1.8,1428,90,1275,12,0,5,0,21,25
860Z200US49051,ZCTA5 49051,2970,1.8,92.6,1.7,0.0,0.0,0.0,0.0,3.9,2970,53,2750,50,0,0,0,0,117
860Z200US49052,ZCTA5 49052,994,3.6,88.5,3.3,1.5,0.0,0.0,0.9,2.1,994,36,880,33,15,0,0,9,21
860Z200US49053,ZCTA5 49053,7559,4.1,90.4,2.2,0.2,0.0,0.0,0.0,3.1,7559,308,6835,164,16,0,0,0,236
860Z200US49055,ZCTA5 49055,6195,2.0,93.9,0.0,0.1,0.2,0.0,0.0,3.7,6195,126,5818,0,7,12,0,2,230
860Z200US49056,ZCTA5 49056,3751,17.0,73.8,3.4,0.0,0.6,0.0,0.0,5.1,3751,637,2769,129,1,22,0,0,193
860Z200US49057,ZCTA5 49057,6393,28.7,65.9,2.3,0.2,0.0,0.0,0.0,2.9,6393,1835,4216,144,12,1,0,0,185
860Z200US49058,ZCTA5 49058,19153,3.6,93.5,0.1,0.1,0.3,0.0,0.1,2.4,19153,686,17909,14,19,48,0,17,460
860Z200US49060,ZCTA5 49060,2604,0.2,96.7,0.2,0.0,0.3,0.0,0.0,2.6,2604,5,2518,4,0,8,0,0,69
860Z200US49061,ZCTA5 49061,1818,4.7,93.3,0.4,0.4,0.0,0.0,0.6,0.7,1818,85,1696,8,7,0,0,10,12
860Z200US49063,ZCTA5 49063,120,0.0,100.0,0.0,0.0,0.0,0.0,0.0,0.0,120,0,120,0,0,0,0,0,0
860Z200US49064,ZCTA5 49064,3744,19.2,72.1,5.5,0.5,0.2,0.0,1.1,1.4,3744,718,2700,205,19,8,0,41,53
860Z200US49065,ZCTA5 49065,7268,5.3,89.4,0.7,0.5,0.4,0.0,0.1,3.5,7268,387,6500,53,39,32,0,6,251
860Z200US49066,ZCTA5 49066,645,5.7,89.9,0.0,0.0,0.0,0.0,1.4,2.9,645,37,580,0,0,0,0,9,19
860Z200US49067,ZCTA5 49067,3938,2.3,92.8,0.5,1.0,0.5,0.2,0.8,1.9,3938,90,3656,19,41,21,6,31,74
860Z200US49068,ZCTA5 49068,15147,4.3,91.8,0.2,0.0,1.4,0.0,0.1,2.2,15147,649,13904,35,4,217,0,9,329
860Z200US49070,ZCTA5 49070,2175,2.1,93.2,0.6,0.8,0.2,0.0,0.0,3.1,2175,45,2027,13,17,5,0,0,68
860Z200US49071,ZCTA5 49071,11477,2.9,92.4,0.4,0.0,0.8,0.0,0.0,3.5,11477,333,10606,42,0,93,0,3,400
860Z200US49072,ZCTA5 49072,2753,5.6,92.6,0.2,0.0,0.1,0.0,0.0,1.4,2753,155,2550,5,0,4,0,0,39
860Z200US49073,ZCTA5 49073,5035,5.3,93.3,0.0,0.3,0.1,0.0,0.1,0.9,5035,267,4697,0,16,7,0,4,44
860Z200US49074,ZCTA5 49074,223,2.7,80.7,8.5,0.0,0.0,0.0,0.0,8.1,223,6,180,19,0,0,0,0,18
860Z200US49075,ZCTA5 49075,166,3.0,82.5,0.0,0.0,0.0,0.0,0.0,14.5,166,5,137,0,0,0,0,0,24
860Z200US49076,ZCTA5 49076,4112,2.7,90.2,4.3,0.7,0.1,0.0,0.0,2.1,4112,109,3708,175,27,6,0,0,87
860Z200US49078,ZCTA5 49078,10464,3.5,87.0,0.4,0.0,0.4,0.0,3.3,5.4,10464,366,9108,39,0,42,0,347,562
860Z200US49079,ZCTA5 49079,13469,6.1,87.1,1.4,0.1,0.3,0.0,0.6,4.6,13469,815,11726,185,19,35,0,76,613
860Z200US49080,ZCTA5 49080,15516,7.2,88.4,1.1,0.4,0.4,0.1,0.0,2.3,15516,1120,13723,177,66,57,14,7,352
860Z200US49082,ZCTA5 49082,6207,0.7,97.9,0.1,0.2,0.0,0.0,0.0,1.0,6207,41,6078,9,11,3,0,2,63
860Z200US49083,ZCTA5 49083,7780,5.0,88.1,2.9,0.0,1.3,0.3,0.1,2.4,7780,389,6851,222,1,104,20,4,189
860Z200US49084,ZCTA5 49084,13,0.0,100.0,0.0,0.0,0.0,0.0,0.0,0.0,13,0,13,0,0,0,0,0,0
860Z200US49085,ZCTA5 49085,23778,2.4,85.9,2.3,0.4,4.7,0.0,0.5,3.9,23778,577,20414,549,86,1106,0,123,923
860Z200US49087,ZCTA5 49087,6168,1.1,95.9,0.3,0.1,1.6,0.0,0.0,1.1,6168,69,5913,16,4,98,0,0,68
860Z200US49088,ZCTA5 49088,3794,1.9,86.7,2.1,0.0,5.3,0.0,0.7,3.2,3794,73,3291,79,0,202,0,26,123
860Z200US49089,ZCTA5 49089,2100,0.1,95.2,0.0,0.3,0.0,0.0,0.7,3.7,2100,3,1999,0,7,0,0,14,77
860Z200US49090,ZCTA5 49090,13714,12.6,74.8,6.6,0.6,1.9,0.0,0.0,3.5,13714,1730,10259,905,84,260,0,0,476
860Z200US49091,ZCTA5 49091,19831,17.1,77.6,1.1,0.0,0.3,0.0,0.4,3.6,19831,3383,15379,228,8,54,0,73,706
860Z200US49092,ZCTA5 49092,1945,3.0,95.0,0.0,0.0,0.0,0.0,0.0,2.1,1945,58,1847,0,0,0,0,0,40
860Z200US49093,ZCTA5 49093,18445,5.1,84.2,5.0,0.2,0.9,0.0,0.0,4.6,18445,941,15533,931,39,158,0,0,843
860Z200US49094,ZCTA5 49094,3682,3.5,85.9,0.3,0.2,0.3,0.0,0.1,9.6,3682,130,3163,12,8,11,0,4,354
860Z200US49095,ZCTA5 49095,2357,1.8,85.8,4.9,0.0,1.9,0.0,0.7,4.8,2357,42,2023,116,1,45,0,17,113
860Z200US49096,ZCTA5 49096,2976,5.2,91.7,0.0,0.7,0.4,0.0,0.2,1.9,2976,154,2728,0,20,11,0,5,58
860Z200US49097,ZCTA5 49097,11448,2.4,91.4,0.2,0.0,0.5,0.0,0.5,5.0,11448,270,10460,28,0,55,0,60,575
860Z200US49098,ZCTA5 49098,5929,9.6,81.6,3.1,0.7,1.4,0.0,0.1,3.5,5929,570,4838,185,42,81,0,8,205
860Z200US49099,ZCTA5 49099,5724,5.4,92.0,0.2,0.3,0.5,0.0,0.2,1.4,5724,308,5265,10,20,30,0,10,81
860Z200US49101,ZCTA5 49101,2897,3.1,91.8,0.7,0.3,0.9,0.0,0.0,3.3,2897,91,2658,19,8,25,0,0,96
860Z200US49102,ZCTA5 49102,1530,6.6,89.0,2.2,0.0,0.0,0.0,0.0,2.2,1530,101,1362,33,0,0,0,0,34
860Z200US49103,ZCTA5 49103,11136,15.0,61.9,10.3,0.2,5.5,0.0,0.9,6.1,11136,1669,6898,1151,17,615,3,102,681
860Z200US49104,ZCTA5 49104,479,15.7,54.7,9.4,0.0,15.2,0.0,0.0,5.0,479,75,262,45,0,73,0,0,24
860Z200US49106,ZCTA5 49106,5135,5.3,88.5,1.1,0.0,1.4,0.0,0.0,3.8,5135,270,4546,55,0,71,0,0,193
860Z200US49107,ZCTA5 49107,10534,1.5,87.3,3.8,0.4,0.3,0.0,0.7,6.0,10534,161,9196,396,41,31,0,79,630
860Z200US49111,ZCTA5 49111,3397,12.2,81.7,3.2,0.5,0.7,0.0,0.4,1.3,3397,413,2777,108,17,25,0,14,43
860Z200US49112,ZCTA5 49112,10299,2.0,90.2,0.6,0.3,0.5,0.0,0.7,5.7,10299,206,9294,59,27,56,0,72,585
860Z200US49113,ZCTA5 49113,1732,1.7,91.7,0.5,0.2,0.2,0.0,2.4,3.3,1732,30,1589,9,3,3,0,41,57
860Z200US49115,ZCTA5 49115,110,0.0,93.6,0.0,0.0,0.0,0.0,6.4,0.0,110,0,103,0,0,0,0,7,0
860Z200US49116,ZCTA5 49116,111,0.0,86.5,6.3,7.2,0.0,0.0,0.0,0.0,111,0,96,7,8,0,0,0,0
860Z200US49117,ZCTA5 49117,3390,5.6,90.3,0.3,0.7,0.9,0.0,0.0,2.2,3390,190,3062,11,23,29,0,0,75
860Z200US49119,ZCTA5 49119,134,0.0,100.0,0.0,0.0,0.0,0.0,0.0,0.0,134,0,134,0,0,0,0,0,0
860Z200US49120,ZCTA5 49120,36792,4.8,83.4,7.1,0.5,0.5,0.0,0.4,3.3,36792,1775,30699,2620,196,168,0,132,1202
860Z200US49125,ZCTA5 49125,2167,0.0,90.0,0.0,0.0,0.0,0.0,3.1,6.8,2167,1,1951,0,0,0,0,68,147
860Z200US49126,ZCTA5 49126,1430,26.2,68.6,1.6,0.0,0.8,0.0,0.0,2.9,1430,374,981,23,0,11,0,0,41
860Z200US49127,ZCTA5 49127,11223,5.2,84.9,3.9,0.2,1.4,0.0,0.1,4.2,11223,589,9533,441,28,154,0,9,469
860Z200US49128,ZCTA5 49128,3422,11.1,84.2,0.1,0.0,0.7,0.0,0.0,3.8,3422,381,2880,5,0,25,0,0,131
860Z200US49129,ZCTA5 49129,602,3.8,86.5,2.7,0.0,0.0,0.0,0.0,7.0,602,23,521,16,0,0,0,0,42
860Z200US49130,ZCTA5 49130,1282,6.1,86.4,0.0,0.0,3.1,0.0,2.0,2.4,1282,78,1108,0,0,40,0,25,31
860Z200US49201,ZCTA5 49201,49509,4.4,81.4,9.9,0.4,0.9,0.0,0.1,2.9,49509,2193,40283,4924,220,422,7,37,1423
860Z200US49202,ZCTA5 49202,18234,4.7,77.0,9.7,0.0,1.1,0.0,0.3,7.2,18234,853,14040,1773,1,198,0,52,1317
860Z200US49203,ZCTA5 49203,37004,5.0,72.9,14.1,0.1,0.8,0.0,0.4,6.7,37004,1858,26983,5204,22,301,7,155,2474
860Z200US49220,ZCTA5 49220,2795,4.0,94.7,0.0,0.0,0.0,0.0,0.0,1.4,2795,111,2646,0,0,0,0,0,38
860Z200US49221,ZCTA5 49221,41209,14.4,76.9,4.1,0.2,0.3,0.0,0.1,4.0,41209,5917,31706,1687,70,124,18,34,1653
860Z200US49224,ZCTA5 49224,13280,4.8,71.7,17.0,0.7,0.2,0.1,0.2,5.3,13280,633,9528,2261,98,31,8,20,701
860Z200US49227,ZCTA5 49227,1194,3.2,92.5,0.9,0.0,0.1,0.0,0.0,3.4,1194,38,1104,11,0,1,0,0,40
860Z200US49228,ZCTA5 49228,5381,2.4,94.6,0.0,0.0,0.1,0.0,0.0,2.8,5381,131,5093,1,1,4,0,0,151
860Z200US49229,ZCTA5 49229,3378,3.5,91.2,0.0,0.1,0.1,0.0,0.7,4.4,3378,118,3080,0,5,3,0,22,150
860Z200US49230,ZCTA5 49230,10089,1.3,93.9,0.7,0.1,0.5,0.0,0.3,3.2,10089,130,9474,71,7,55,0,26,326
860Z200US49232,ZCTA5 49232,2742,2.0,96.3,0.2,0.0,0.0,0.0,0.0,1.5,2742,54,2641,6,0,0,0,0,41
860Z200US49233,ZCTA5 49233,2889,5.2,89.8,0.6,0.1,1.9,0.0,0.0,2.4,2889,149,2595,17,3,55,0,1,69
860Z200US49234,ZCTA5 49234,2580,1.1,93.4,0.7,0.0,0.0,0.0,0.0,4.9,2580,28,2409,17,0,0,0,0,126
860Z200US49235,ZCTA5 49235,2059,2.7,94.2,0.0,0.0,0.8,0.0,0.0,2.3,2059,56,1939,0,0,17,0,0,47
860Z200US49236,ZCTA5 49236,5036,1.3,93.7,1.0,0.1,0.5,0.0,1.0,2.4,5036,66,4717,50,6,26,0,48,123
860Z200US49237,ZCTA5 49237,3080,1.6,92.5,3.3,0.0,0.7,0.0,0.0,1.9,3080,49,2849,103,0,22,0,0,57
860Z200US49238,ZCTA5 49238,1945,5.3,92.4,0.4,0.2,0.0,0.0,0.6,1.1,1945,103,1797,8,4,0,0,12,21
860Z200US49240,ZCTA5 49240,9379,2.5,94.2,0.1,0.1,0.4,0.0,0.0,2.7,9379,239,8839,9,6,34,0,0,252
860Z200US49241,ZCTA5 49241,1859,0.9,96.5,1.1,0.0,0.0,0.0,0.0,1.5,1859,16,1794,21,0,0,0,0,28
860Z200US49242,ZCTA5 49242,14718,3.1,90.4,1.1,0.1,0.5,0.0,0.9,3.9,14718,457,13304,164,21,73,0,130,569
860Z200US49245,ZCTA5 49245,4445,2.3,93.8,0.6,0.0,0.1,0.0,0.0,3.2,4445,104,4169,25,0,5,0,1,141
860Z200US49246,ZCTA5 49246,3786,4.1,94.5,1.4,0.0,0.0,0.0,0.0,0.0,3786,154,3578,54,0,0,0,0,0
860Z200US49247,ZCTA5 49247,5427,4.3,91.9,0.1,0.2,0.1,0.4,0.3,2.7,5427,236,4990,5,9,3,22,14,148
860Z200US49248,ZCTA5 49248,883,2.5,96.1,0.5,0.0,0.0,0.0,0.0,0.9,883,22,849,4,0,0,0,0,8
860Z200US49249,ZCTA5 49249,3350,1.6,96.7,1.3,0.1,0.0,0.0,0.0,0.2,3350,54,3241,44,2,1,0,0,8
860Z200US49250,ZCTA5 49250,5825,1.7,94.5,0.9,0.4,0.4,0.0,0.1,2.0,5825,97,5503,54,25,22,0,5,119
860Z200US49251,ZCTA5 49251,6445,7.1,88.9,0.6,0.0,0.2,0.2,0.4,2.6,6445,455,5730,38,2,10,15,26,169
860Z200US49252,ZCTA5 49252,2475,0.7,96.8,0.0,0.3,0.0,0.0,0.0,2.2,2475,17,2397,0,7,0,0,0,54
860Z200US49253,ZCTA5 49253,2676,2.0,95.0,0.4,0.0,0.0,0.0,0.0,2.7,2676,53,2542,10,0,0,0,0,71
860Z200US49254,ZCTA5 49254,3803,3.4,91.3,1.4,0.7,0.0,0.0,0.0,3.2,3803,129,3474,53,27,0,0,0,120
860Z200US49255,ZCTA5 49255,2124,3.5,94.7,0.0,0.0,0.2,0.0,0.0,1.6,2124,75,2011,0,0,4,0,0,34
860Z200US49256,ZCTA5 49256,3694,4.2,92.2,0.1,0.0,0.1,0.0,0.0,3.5,3694,156,3405,2,0,2,0,0,129
860Z200US49258,ZCTA5 49258,10,0.0,100.0,0.0,0.0,0.0,0.0,0.0,0.0,10,0,10,0,0,0,0,0,0
860Z200US49259,ZCTA5 49259,2684,2.0,93.3,0.0,0.1,1.1,0.0,0.0,3.5,2684,54,2504,0,2,30,0,0,94
860Z200US49261,ZCTA5 49261,278,4.3,95.7,0.0,0.0,0.0,0.0,0.0,0.0,278,12,266,0,0,0,0,0,0
860Z200US49262,ZCTA5 49262,1238,0.3,97.2,0.2,0.2,0.0,0.0,0.0,2.1,1238,4,1203,2,3,0,0,0,26
860Z200US49263,ZCTA5 49263,0,-,-,-,-,-,-,-,-,0,0,0,0,0,0,0,0,0
860Z200US49264,ZCTA5 49264,1718,6.5,91.2,0.1,0.0,0.0,0.0,0.1,2.2,1718,111,1567,2,0,0,0,1,37
860Z200US49265,ZCTA5 49265,5129,2.5,93.5,1.3,0.1,0.2,0.0,0.0,2.4,5129,130,4798,68,3,8,0,0,122
860Z200US49266,ZCTA5 49266,3338,4.2,93.2,0.2,0.0,0.0,0.0,0.0,2.4,3338,139,3112,7,1,0,0,0,79
860Z200US49267,ZCTA5 49267,4024,0.6,98.0,0.8,0.0,0.1,0.0,0.0,0.5,4024,23,3943,32,0,6,0,0,20
860Z200US49268,ZCTA5 49268,1179,2.9,95.0,0.0,0.0,1.7,0.0,0.0,0.4,1179,34,1120,0,0,20,0,0,5
860Z200US49269,ZCTA5 49269,5643,1.5,94.9,2.6,0.1,0.3,0.0,0.0,0.5,5643,87,5358,144,7,16,0,1,30
860Z200US49270,ZCTA5 49270,5634,1.8,93.0,0.5,0.0,0.0,0.0,0.7,3.9,5634,104,5242,29,0,0,0,42,217
860Z200US49271,ZCTA5 49271,1946,0.2,96.4,0.9,0.3,0.0,0.0,0.3,2.0,1946,4,1876,17,5,0,0,6,38
860Z200US49272,ZCTA5 49272,2502,5.4,90.0,0.6,0.0,0.0,0.0,0.5,3.5,2502,135,2252,14,0,0,0,13,88
860Z200US49274,ZCTA5 49274,3727,2.4,96.0,0.3,0.0,0.5,0.0,0.0,0.9,3727,89,3579,10,0,17,0,0,32
860Z200US49276,ZCTA5 49276,873,7.7,89.8,0.5,0.0,0.0,0.0,0.3,1.7,873,67,784,4,0,0,0,3,15
860Z200US49277,ZCTA5 49277,2913,2.8,91.7,0.0,0.0,0.0,0.0,0.0,5.4,2913,83,2671,1,0,0,0,0,158
860Z200US49279,ZCTA5 49279,889,5.1,92.4,0.0,0.0,0.0,0.0,0.0,2.6,889,45,821,0,0,0,0,0,23
860Z200US49282,ZCTA5 49282,71,0.0,100.0,0.0,0.0,0.0,0.0,0.0,0.0,71,0,71,0,0,0,0,0,0
860Z200US49283,ZCTA5 49283,4398,1.6,90.7,1.0,0.0,4.5,0.1,0.0,2.1,4398,69,3989,45,0,196,6,0,93
860Z200US49284,ZCTA5 49284,2764,4.4,88.5,0.9,0.1,0.4,0.0,0.0,5.7,2764,122,2447,25,2,11,0,0,157
860Z200US49285,ZCTA5 49285,6106,1.9,93.9,0.7,0.9,0.5,0.0,0.0,2.1,6106,117,5734,41,55,28,0,3,128
860Z200US49286,ZCTA5 49286,14624,9.2,85.4,1.3,0.0,0.7,0.0,0.0,3.4,14624,1345,12486,184,2,103,0,6,498
860Z200US49287,ZCTA5 49287,2099,1.6,96.8,1.2,0.0,0.0,0.0,0.0,0.4,2099,34,2031,26,0,0,0,0,8
860Z200US49288,ZCTA5 49288,1518,0.2,96.6,0.0,0.0,0.0,0.0,0.3,3.0,1518,3,1466,0,0,0,0,4,45
860Z200US49289,ZCTA5 49289,81,14.8,76.5,0.0,0.0,0.0,0.0,0.0,8.6,81,12,62,0,0,0,0,0,7
860Z200US49301,ZCTA5 49301,20092,5.4,85.9,0.7,0.0,4.8,0.0,0.2,2.9,20092,1077,17259,149,4,973,0,39,591
860Z200US49302,ZCTA5 49302,9582,1.7,96.5,0.2,0.0,0.8,0.0,0.0,0.8,9582,167,9242,16,0,80,0,0,77
860Z200US49303,ZCTA5 49303,928,10.2,87.8,0.9,0.0,0.0,0.0,0.0,1.1,928,95,815,8,0,0,0,0,10
860Z200US49304,ZCTA5 49304,4614,4.5,69.9,17.2,1.2,0.8,0.0,0.5,5.7,4614,208,3227,795,57,38,0,25,264
860Z200US49305,ZCTA5 49305,2397,1.3,94.5,0.2,0.4,0.5,0.0,0.2,2.8,2397,31,2266,5,10,13,0,5,67
860Z200US49306,ZCTA5 49306,10847,6.3,88.4,1.0,0.3,0.6,0.0,0.1,3.2,10847,687,9586,108,37,69,0,12,348
860Z200US49307,ZCTA5 49307,18169,2.9,87.0,4.2,1.0,1.7,0.0,0.1,3.1,18169,523,15805,761,176,315,0,22,567
860Z200US49309,ZCTA5 49309,1552,2.2,90.0,3.2,0.8,0.3,0.0,0.5,3.0,1552,34,1397,50,12,4,0,8,47
860Z200US49310,ZCTA5 49310,2952,4.2,92.1,0.1,0.0,0.0,0.0,0.3,3.3,2952,125,2718,3,0,0,0,9,97
860Z200US49312,ZCTA5 49312,160,0.0,93.8,3.1,1.9,0.0,0.0,0.0,1.3,160,0,150,5,3,0,0,0,2
860Z200US49315,ZCTA5 49315,25397,3.7,89.4,0.4,0.1,3.4,0.0,0.7,2.3,25397,943,22704,106,26,859,0,182,577
860Z200US49316,ZCTA5 49316,25291,6.9,83.0,2.2,0.3,4.8,0.1,0.0,2.7,25291,1748,20990,558,72,1215,36,0,672
860Z200US49318,ZCTA5 49318,1326,7.8,84.2,1.6,1.5,3.1,0.0,0.4,1.4,1326,103,1117,21,20,41,0,5,19
860Z200US49319,ZCTA5 49319,18658,5.4,90.6,0.1,0.4,0.4,0.0,0.0,3.1,18658,1010,16895,22,70,77,0,0,584
860Z200US49320,ZCTA5 49320,239,0.0,81.6,7.1,0.0,0.0,0.0,0.0,11.3,239,0,195,17,0,0,0,0,27
860Z200US49321,ZCTA5 49321,15740,11.1,75.7,7.1,0.1,1.0,0.0,1.7,3.2,15740,1744,11921,1118,20,154,0,273,510
860Z200US49322,ZCTA5 49322,1147,3.5,86.1,4.0,0.0,0.0,0.0,0.3,6.1,1147,40,987,46,0,0,0,4,70
860Z200US49323,ZCTA5 49323,10852,1.9,94.3,0.0,0.0,0.8,0.0,0.4,2.6,10852,201,10235,0,0,86,0,45,285
860Z200US49325,ZCTA5 49325,2481,2.6,94.0,0.4,1.1,0.0,0.0,0.0,1.8,2481,65,2333,11,27,0,0,0,45
860Z200US49326,ZCTA5 49326,3767,7.0,91.6,0.0,0.5,0.2,0.0,0.1,0.6,3767,264,3449,0,19,8,0,3,24
860Z200US49327,ZCTA5 49327,8712,12.4,83.8,0.3,0.1,0.7,0.0,1.3,1.5,8712,1079,7300,25,6,58,0,113,131
860Z200US49328,ZCTA5 49328,3962,0.7,92.6,1.2,0.3,0.2,0.0,0.2,4.8,3962,28,3669,49,12,6,0,7,191
860Z200US49329,ZCTA5 49329,9056,1.5,90.0,5.3,0.2,0.1,0.0,0.0,2.8,9056,140,8154,484,14,7,0,0,257
860Z200US49330,ZCTA5 49330,5681,10.2,87.7,0.4,0.0,0.2,0.0,0.0,1.5,5681,581,4985,21,0,9,2,0,83
860Z200US49331,ZCTA5 49331,17522,3.1,90.1,1.7,0.0,0.4,0.0,0.8,3.9,17522,540,15795,291,7,66,0,140,683
860Z200US49332,ZCTA5 49332,3405,0.6,94.0,0.7,0.1,0.0,0.0,0.0,4.6,3405,21,3202,25,2,0,0,0,155
860Z200US49333,ZCTA5 49333,12928,2.6,89.9,1.0,0.1,1.3,0.0,0.8,4.3,12928,336,11624,129,15,163,3,104,554
860Z200US49335,ZCTA5 49335,140,0.0,100.0,0.0,0.0,0.0,0.0,0.0,0.0,140,0,140,0,0,0,0,0,0
860Z200US49336,ZCTA5 49336,4360,4.0,90.9,1.8,1.4,0.5,0.0,0.0,1.4,4360,173,3965,77,63,22,0,0,60
860Z200US49337,ZCTA5 49337,13155,6.9,87.3,0.6,0.2,0.3,0.1,0.5,4.1,13155,914,11485,75,29,38,13,65,536
860Z200US49338,ZCTA5 49338,1586,0.6,87.0,5.5,0.1,0.7,0.0,0.0,6.1,1586,9,1380,88,1,11,0,0,97
860Z200US49339,ZCTA5 49339,2234,0.0,87.3,0.0,0.0,0.0,0.0,0.0,12.7,2234,0,1950,0,0,0,0,0,284
860Z200US49340,ZCTA5 49340,2382,5.0,90.9,0.5,0.4,0.7,0.0,0.1,2.4,2382,119,2166,12,10,16,0,2,57
860Z200US49341,ZCTA5 49341,39094,2.9,90.6,0.7,0.1,0.8,0.0,1.3,3.5,39094,1130,35436,282,42,306,0,520,1378
860Z200US49342,ZCTA5 49342,1508,0.0,97.5,0.5,0.0,0.7,0.0,0.0,1.3,1508,0,1470,7,0,11,0,0,20
860Z200US49343,ZCTA5 49343,6062,1.8,90.8,0.1,0.1,0.0,0.0,0.2,6.9,6062,110,5504,9,5,1,0,15,418
860Z200US49344,ZCTA5 49344,3896,7.8,88.4,0.7,0.1,0.0,0.0,0.0,3.0,3896,302,3444,28,4,0,0,0,118
860Z200US49345,ZCTA5 49345,13155,2.8,90.6,0.7,0.0,1.6,0.0,0.8,3.5,13155,362,11916,97,5,212,0,99,464
860Z200US49346,ZCTA5 49346,4984,1.6,95.9,0.3,0.1,0.0,0.0,0.0,2.1,4984,82,4780,15,3,0,0,1,103
860Z200US49347,ZCTA5 49347,1546,4.7,93.3,0.5,0.0,0.0,0.0,0.0,1.5,1546,72,1443,8,0,0,0,0,23
860Z200US49348,ZCTA5 49348,13280,4.3,88.6,2.1,0.2,1.5,0.0,0.1,3.3,13280,571,11765,279,22,200,0,8,435
860Z200US49349,ZCTA5 49349,7672,3.1,88.7,1.8,1.5,0.2,0.0,0.5,4.1,7672,241,6805,139,117,12,0,41,317
860Z200US49401,ZCTA5 49401,28358,4.9,87.9,1.9,0.1,1.7,0.0,0.6,2.8,28358,1388,24940,532,41,490,0,174,793
860Z200US49402,ZCTA5 49402,1517,2.5,89.2,1.9,0.4,0.0,0.0,0.5,5.5,1517,38,1353,29,6,0,0,7,84
860Z200US49403,ZCTA5 49403,2604,9.7,87.8,0.0,0.5,0.4,0.0,0.0,1.6,2604,252,2287,0,13,10,0,0,42
860Z200US49404,ZCTA5 49404,8917,2.6,89.8,0.3,0.0,0.0,0.0,0.3,7.0,8917,229,8008,26,0,0,0,29,625
860Z200US49405,ZCTA5 49405,1705,7.5,89.3,0.9,1.5,0.1,0.0,0.2,0.5,1705,128,1522,15,25,2,0,4,9
860Z200US49406,ZCTA5 49406,781,1.0,90.9,0.3,0.1,0.1,0.0,0.4,7.2,781,8,710,2,1,1,0,3,56
860Z200US49408,ZCTA5 49408,10582,21.9,74.1,0.8,0.0,0.4,0.0,0.0,2.8,10582,2321,7837,85,3,40,0,1,295
860Z200US49409,ZCTA5 49409,99,0.0,100.0,0.0,0.0,0.0,0.0,0.0,0.0,99,0,99,0,0,0,0,0,0
860Z200US49410,ZCTA5 49410,1837,3.4,89.2,0.3,0.3,0.5,0.0,0.0,6.4,1837,62,1638,5,5,9,0,0,118
860Z200US49411,ZCTA5 49411,1572,0.7,96.8,0.2,0.1,0.0,0.0,0.2,2.0,1572,11,1522,3,2,0,0,3,31
860Z200US49412,ZCTA5 49412,12180,5.6,90.6,1.0,0.1,0.3,0.0,0.2,2.2,12180,688,11038,121,8,40,0,21,264
860Z200US49415,ZCTA5 49415,6529,2.9,93.2,1.9,0.4,0.4,0.0,0.0,1.1,6529,192,6088,122,25,27,0,0,75
860Z200US49417,ZCTA5 49417,33104,5.0,90.4,0.5,0.1,1.3,0.0,0.1,2.7,33104,1649,29927,161,18,420,0,36,893
860Z200US49418,ZCTA5 49418,30419,6.2,82.4,4.0,0.1,3.2,0.0,0.0,4.1,30419,1881,25058,1213,22,974,0,15,1256
860Z200US49419,ZCTA5 49419,8483,3.3,93.9,0.3,0.0,0.6,0.1,0.0,1.8,8483,283,7965,22,2,51,7,0,153
860Z200US49420,ZCTA5 49420,6145,16.2,79.4,1.5,0.8,0.1,0.0,0.2,1.7,6145,995,4882,92,48,6,3,13,106
860Z200US49421,ZCTA5 49421,5823,5.5,91.1,0.4,0.5,0.1,0.0,0.1,2.4,5823,319,5305,21,28,3,0,8,139
860Z200US49423,ZCTA5 49423,46467,19.1,71.4,4.4,0.2,2.7,0.0,0.1,2.1,46467,8873,33192,2024,71,1252,0,56,999
860Z200US49424,ZCTA5 49424,48493,24.6,65.3,2.0,0.1,5.3,0.0,0.3,2.4,48493,11949,31660,948,68,2546,11,132,1179
860Z200US49425,ZCTA5 49425,3510,1.5,90.4,0.9,0.3,0.0,0.0,0.0,6.9,3510,54,3173,31,11,0,0,0,241
860Z200US49426,ZCTA5 49426,40410,4.3,90.8,0.8,0.0,2.2,0.0,0.1,1.9,40410,1729,36690,305,6,882,0,21,777
860Z200US49428,ZCTA5 49428,27793,4.5,90.8,1.2,0.1,0.9,0.0,0.8,1.6,27793,1249,25244,328,34,255,0,230,453
860Z200US49430,ZCTA5 49430,50,0.0,100.0,0.0,0.0,0.0,0.0,0.0,0.0,50,0,50,0,0,0,0,0,0
860Z200US49431,ZCTA5 49431,17121,3.7,90.7,1.8,0.4,0.6,0.0,0.1,2.6,17121,638,15536,300,76,107,0,12,452
860Z200US49434,ZCTA5 49434,14,0.0,100.0,0.0,0.0,0.0,0.0,0.0,0.0,14,0,14,0,0,0,0,0,0
860Z200US49435,ZCTA5 49435,3983,1.5,97.5,0.0,0.0,0.2,0.0,0.0,0.8,3983,60,3883,0,0,8,0,0,32
860Z200US49436,ZCTA5 49436,1672,16.7,78.8,0.0,0.2,0.0,0.0,0.4,3.8,1672,280,1317,0,4,0,0,7,64
860Z200US49437,ZCTA5 49437,6515,6.7,88.8,0.5,0.5,0.0,0.0,0.5,3.0,6515,438,5783,32,30,3,0,32,197
860Z200US49440,ZCTA5 49440,1297,7.6,61.2,5.1,0.9,0.4,0.0,0.0,24.7,1297,99,794,66,12,5,0,0,321
860Z200US49441,ZCTA5 49441,36649,4.5,80.4,9.7,0.6,1.2,0.0,0.1,3.5,36649,1659,29461,3548,226,427,10,21,1297
860Z200US49442,ZCTA5 49442,45137,8.0,62.9,22.6,0.5,0.8,0.1,0.1,5.1,45137,3620,28369,10204,207,373,24,27,2313
860Z200US49443,ZCTA5 49443,67,0.0,95.5,4.5,0.0,0.0,0.0,0.0,0.0,67,0,64,3,0,0,0,0,0
860Z200US49444,ZCTA5 49444,26309,5.6,57.5,31.5,1.1,0.2,0.0,0.0,4.1,26309,1465,15130,8281,297,45,0,0,1091
860Z200US49445,ZCTA5 49445,21611,6.5,86.9,2.1,0.7,0.3,0.0,0.0,3.6,21611,1405,18780,448,142,63,0,0,773
860Z200US49446,ZCTA5 49446,2349,17.6,77.8,1.0,0.0,0.0,0.0,0.1,3.4,2349,414,1828,24,0,0,0,2,81
860Z200US49448,ZCTA5 49448,4405,1.9,96.6,0.4,0.2,0.2,0.0,0.0,0.7,4405,83,4256,16,11,9,0,0,30
860Z200US49449,ZCTA5 49449,2703,3.4,93.7,0.0,0.0,0.3,0.0,0.0,2.6,2703,93,2532,0,0,8,0,0,70
860Z200US49450,ZCTA5 49450,3062,39.4,49.1,0.1,1.6,0.0,0.0,0.1,9.7,3062,1206,1503,2,49,0,0,4,298
860Z200US49451,ZCTA5 49451,6386,4.0,90.7,1.1,1.0,0.2,0.1,0.0,2.9,6386,254,5795,71,61,11,6,0,188
860Z200US49452,ZCTA5 49452,2231,11.1,83.2,0.1,0.4,0.1,0.0,0.0,5.1,2231,248,1857,2,9,2,0,0,113
860Z200US49453,ZCTA5 49453,2746,4.8,90.2,0.0,1.1,1.0,0.0,0.0,2.8,2746,133,2478,0,29,28,0,0,78
860Z200US49454,ZCTA5 49454,4783,9.9,87.2,0.0,0.2,0.2,0.0,0.0,2.5,4783,472,4169,0,10,10,0,2,120
860Z200US49455,ZCTA5 49455,5149,29.9,66.9,1.2,0.8,0.0,0.0,0.1,1.0,5149,1541,3447,64,39,1,0,4,53
860Z200US49456,ZCTA5 49456,19568,3.9,91.4,0.5,0.1,0.5,0.0,1.2,2.3,19568,766,17888,107,21,100,0,230,456
860Z200US49457,ZCTA5 49457,11119,5.3,88.2,1.2,0.5,1.3,0.0,0.3,3.4,11119,584,9806,135,52,140,0,29,373
860Z200US49458,ZCTA5 49458,134,0.0,88.1,0.0,0.0,5.2,0.0,6.7,0.0,134,0,118,0,0,7,0,9,0
860Z200US49459,ZCTA5 49459,1647,16.3,75.2,2.4,2.2,0.0,0.0,0.0,3.8,1647,269,1239,40,37,0,0,0,62
860Z200US49460,ZCTA5 49460,8987,13.0,74.2,1.8,0.8,5.9,0.2,0.0,4.2,8987,1164,6670,162,68,528,18,0,377
860Z200US49461,ZCTA5 49461,9362,6.6,87.4,0.9,0.3,0.6,0.0,0.1,4.2,9362,618,8178,81,31,54,0,11,389
860Z200US49464,ZCTA5 49464,29027,8.1,84.7,0.6,0.1,3.9,0.1,0.4,1.9,29027,2364,24591,183,36,1143,32,113,565
860Z200US49503,ZCTA5 49503,37471,18.3,60.2,13.3,0.8,2.2,0.0,0.2,5.1,37471,6852,22572,4988,287,818,0,61,1893
860Z200US49504,ZCTA5 49504,40686,13.8,73.4,6.3,0.4,1.9,0.0,0.5,3.8,40686,5604,29861,2565,149,768,0,202,1537
860Z200US49505,ZCTA5 49505,32325,6.5,70.0,14.2,0.0,3.1,0.0,0.5,5.7,32325,2116,22613,4581,15,996,0,166,1838
860Z200US49506,ZCTA5 49506,33877,4.3,77.8,9.6,0.3,2.1,0.0,0.5,5.5,33877,1451,26362,3256,88,696,0,165,1859
860Z200US49507,ZCTA5 49507,39899,33.8,28.1,31.6,0.3,0.5,0.1,0.2,5.5,39899,13468,11206,12606,120,196,40,87,2176
860Z200US49508,ZCTA5 49508,42515,10.8,48.4,26.3,0.0,9.7,0.0,0.1,4.7,42515,4576,20582,11199,15,4107,0,32,2004
860Z200US49509,ZCTA5 49509,28549,32.1,50.7,10.3,0.0,1.7,0.0,0.3,4.9,28549,9174,14464,2932,0,483,0,93,1403
860Z200US49512,ZCTA5 49512,19141,7.3,65.3,18.5,0.4,4.5,0.3,0.1,3.5,19141,1401,12499,3546,84,861,48,24,678
860Z200US49519,ZCTA5 49519,28070,17.4,66.8,7.8,0.2,3.3,0.0,0.3,4.2,28070,4883,18745,2199,53,929,0,82,1179
860Z200US49525,ZCTA5 49525,30509,3.8,86.1,3.0,0.1,1.9,0.1,0.7,4.2,30509,1168,26253,926,36,589,30,220,1287
860Z200US49534,ZCTA5 49534,23008,4.2,88.3,2.2,0.1,1.6,0.0,1.2,2.3,23008,977,20327,517,29,368,0,272,518
860Z200US49544,ZCTA5 49544,9977,9.5,76.8,4.0,0.3,4.6,0.0,0.2,4.6,9977,949,7666,395,32,455,0,18,462
860Z200US49546,ZCTA5 49546,34308,3.1,79.7,6.9,0.1,7.4,0.0,0.1,2.7,34308,1057,27356,2381,21,2537,12,22,922
860Z200US49548,ZCTA5 49548,34615,21.5,51.9,14.2,0.2,5.8,0.0,0.2,6.3,34615,7437,17956,4914,76,1995,0,61,2176
860Z200US49601,ZCTA5 49601,22300,1.9,92.2,1.2,0.3,0.5,0.0,0.0,3.9,22300,423,20569,257,64,108,0,0,879
860Z200US49611,ZCTA5 49611,403,0.0,100.0,0.0,0.0,0.0,0.0,0.0,0.0,403,0,403,0,0,0,0,0,0
860Z200US49612,ZCTA5 49612,1400,5.7,90.7,0.0,0.7,0.2,0.0,0.7,1.9,1400,80,1270,0,10,3,0,10,27
860Z200US49613,ZCTA5 49613,570,2.5,96.1,0.0,0.9,0.0,0.0,0.0,0.5,570,14,548,0,5,0,0,0,3
860Z200US49614,ZCTA5 49614,3029,3.7,89.0,1.3,0.7,0.0,0.0,0.3,5.1,3029,112,2695,40,21,0,0,8,153
860Z200US49615,ZCTA5 49615,3946,1.7,93.4,0.5,0.0,0.7,0.0,0.4,3.3,3946,68,3686,19,1,26,0,16,130
860Z200US49616,ZCTA5 49616,2225,5.7,86.8,0.1,3.1,0.0,0.0,0.9,3.4,2225,127,1931,2,69,0,0,21,75
860Z200US49617,ZCTA5 49617,3166,2.9,91.7,0.3,0.2,0.6,0.0,3.8,0.6,3166,91,2904,8,5,19,0,119,20
860Z200US49618,ZCTA5 49618,848,5.2,88.1,0.0,0.0,0.6,1.3,0.2,4.6,848,44,747,0,0,5,11,2,39
860Z200US49619,ZCTA5 49619,1031,1.0,89.6,1.3,6.0,0.0,0.0,0.0,2.1,1031,10,924,13,62,0,0,0,22
860Z200US49620,ZCTA5 49620,2813,0.4,93.6,1.5,0.4,0.6,0.0,0.0,3.5,2813,12,2633,42,11,16,0,0,99
860Z200US49621,ZCTA5 49621,3749,4.2,92.7,0.0,0.7,0.1,0.0,0.9,1.4,3749,157,3476,0,28,4,0,32,52
860Z200US49622,ZCTA5 49622,2439,0.2,97.2,0.0,0.3,0.0,0.0,0.0,2.3,2439,4,2371,1,8,0,0,0,55
860Z200US49623,ZCTA5 49623,1193,0.5,93.8,1.3,0.4,0.0,0.0,0.0,4.0,1193,6,1119,15,5,0,0,0,48
860Z200US49625,ZCTA5 49625,1202,0.2,96.8,0.0,0.4,0.2,0.0,0.0,2.4,1202,2,1163,0,5,3,0,0,29
860Z200US49626,ZCTA5 49626,202,2.0,90.6,0.0,4.5,0.0,0.0,0.0,3.0,202,4,183,0,9,0,0,0,6
860Z200US49627,ZCTA5 49627,267,3.4,85.8,0.0,0.0,0.0,0.0,0.0,10.9,267,9,229,0,0,0,0,0,29
860Z200US49628,ZCTA5 49628,225,5.8,75.1,0.0,19.1,0.0,0.0,0.0,0.0,225,13,169,0,43,0,0,0,0
860Z200US49629,ZCTA5 49629,2067,2.7,93.7,0.0,0.0,1.4,0.0,0.0,2.3,2067,55,1936,0,0,28,0,0,48
860Z200US49630,ZCTA5 49630,1472,3.0,93.3,0.3,0.2,0.1,0.0,0.0,3.1,1472,44,1373,4,3,2,0,0,46
860Z200US49631,ZCTA5 49631,5520,2.2,91.8,0.5,0.2,1.0,0.0,1.2,3.1,5520,124,5068,26,13,53,0,66,170
860Z200US49632,ZCTA5 49632,1053,7.4,90.8,0.0,0.0,1.2,0.0,0.0,0.6,1053,78,956,0,0,13,0,0,6
860Z200US49633,ZCTA5 49633,3208,2.2,92.5,0.0,3.2,0.2,0.0,0.0,1.8,3208,72,2969,0,103,7,0,0,57
860Z200US49634,ZCTA5 49634,172,0.0,100.0,0.0,0.0,0.0,0.0,0.0,0.0,172,0,172,0,0,0,0,0,0
860Z200US49635,ZCTA5 49635,3328,1.5,93.0,2.2,0.1,0.2,0.0,0.8,2.3,3328,51,3094,72,4,5,0,26,76
860Z200US49636,ZCTA5 49636,584,7.4,89.9,2.7,0.0,0.0,0.0,0.0,0.0,584,43,525,16,0,0,0,0,0
860Z200US49637,ZCTA5 49637,3605,9.6,89.8,0.0,0.0,0.0,0.0,0.0,0.6,3605,345,3239,1,0,0,0,0,20
860Z200US49638,ZCTA5 49638,954,10.5,80.6,2.1,0.0,0.0,0.0,0.0,6.8,954,100,769,20,0,0,0,0,65
860Z200US49639,ZCTA5 49639,2442,1.6,89.4,1.3,0.3,0.0,0.0,0.5,6.8,2442,40,2183,32,8,0,0,13,166
860Z200US49640,ZCTA5 49640,1255,2.0,94.3,0.0,1.2,0.0,0.0,0.4,2.2,1255,25,1183,0,15,0,0,5,27
860Z200US49642,ZCTA5 49642,1013,1.2,56.6,35.8,0.7,0.0,0.3,0.0,5.4,1013,12,573,363,7,0,3,0,55
860Z200US49643,ZCTA5 49643,7483,2.8,93.9,0.4,0.3,0.6,0.6,0.0,1.3,7483,210,7023,31,26,46,46,0,101
860Z200US49644,ZCTA5 49644,1920,0.4,92.6,0.2,0.3,0.0,0.0,2.5,4.1,1920,7,1778,3,5,0,0,48,79
860Z200US49645,ZCTA5 49645,1802,5.2,91.7,0.8,0.9,0.2,0.1,0.0,1.1,1802,94,1653,15,16,3,1,0,20
860Z200US49646,ZCTA5 49646,8561,2.2,92.0,0.8,0.7,0.9,0.0,0.0,3.4,8561,190,7872,71,58,80,0,0,290
860Z200US49648,ZCTA5 49648,2572,2.0,97.2,0.1,0.1,0.0,0.0,0.0,0.6,2572,51,2500,3,2,0,0,0,16
860Z200US49649,ZCTA5 49649,7184,4.7,90.9,0.1,0.2,0.3,0.0,0.0,3.8,7184,337,6531,5,15,20,0,0,276
860Z200US49650,ZCTA5 49650,3459,0.0,97.5,1.0,0.6,0.0,0.0,0.0,0.9,3459,0,3373,33,22,0,0,0,31
860Z200US49651,ZCTA5 49651,7647,1.0,93.1,0.6,0.4,0.5,0.0,0.3,4.1,7647,78,7116,43,31,42,0,25,312
860Z200US49653,ZCTA5 49653,1672,1.5,95.2,0.0,0.0,0.0,0.0,1.2,2.1,1672,25,1592,0,0,0,0,20,35
860Z200US49654,ZCTA5 49654,702,12.3,87.6,0.0,0.0,0.0,0.0,0.0,0.1,702,86,615,0,0,0,0,0,1
860Z200US49655,ZCTA5 49655,3333,1.7,94.0,1.0,0.0,0.0,0.0,0.0,3.3,3333,58,3132,32,0,0,0,0,111
860Z200US49656,ZCTA5 49656,1731,6.0,90.5,0.0,0.1,0.0,0.0,1.1,2.3,1731,104,1566,0,2,0,0,19,40
860Z200US49657,ZCTA5 49657,3743,6.4,91.6,0.3,0.0,0.0,0.0,0.2,1.4,3743,239,3430,13,1,0,0,6,54
860Z200US49659,ZCTA5 49659,7131,3.0,92.5,1.7,0.3,0.4,0.0,0.0,2.0,7131,215,6594,121,24,30,0,1,146
860Z200US49660,ZCTA5 49660,14739,4.1,84.8,4.6,0.9,0.7,0.0,0.0,4.8,14739,608,12502,685,134,98,2,3,707
860Z200US49663,ZCTA5 49663,6045,3.0,91.5,0.1,0.4,0.6,0.1,0.1,4.2,6045,183,5532,8,23,34,4,6,255
860Z200US49664,ZCTA5 49664,2071,3.1,91.8,0.0,0.5,1.3,0.0,0.0,3.3,2071,64,1901,0,10,27,0,0,69
860Z200US49665,ZCTA5 49665,4108,2.3,94.2,0.2,0.5,0.0,0.0,0.1,2.6,4108,94,3871,9,20,0,0,6,108
860Z200US49667,ZCTA5 49667,666,2.1,94.6,0.0,0.3,0.0,0.0,0.0,3.0,666,14,630,0,2,0,0,0,20
860Z200US49668,ZCTA5 49668,3370,3.6,90.1,0.3,0.8,0.1,0.0,0.0,5.0,3370,121,3037,10,27,5,0,0,170
860Z200US49670,ZCTA5 49670,1732,1.9,94.1,0.0,0.9,0.0,1.0,0.0,2.1,1732,33,1630,0,15,0,17,0,37
860Z200US49674,ZCTA5 49674,191,0.0,100.0,0.0,0.0,0.0,0.0,0.0,0.0,191,0,191,0,0,0,0,0,0
860Z200US49675,ZCTA5 49675,743,0.3,96.9,0.0,0.0,0.0,0.0,0.0,2.8,743,2,720,0,0,0,0,0,21
860Z200US49676,ZCTA5 49676,3459,5.4,89.1,0.0,1.0,0.1,0.0,2.1,2.4,3459,186,3081,0,33,3,0,72,84
860Z200US49677,ZCTA5 49677,7351,2.9,93.2,1.1,0.3,0.1,0.0,0.1,2.3,7351,212,6850,83,19,9,0,11,167
860Z200US49679,ZCTA5 49679,1351,2.9,90.1,2.4,0.0,0.0,0.0,0.0,4.6,1351,39,1217,33,0,0,0,0,62
860Z200US49680,ZCTA5 49680,2170,1.3,91.8,4.0,1.1,0.3,0.0,0.1,1.5,2170,28,1992,86,24,6,0,2,32
860Z200US49682,ZCTA5 49682,4543,6.2,78.4,1.3,10.6,1.3,0.0,0.2,2.1,4543,282,3560,59,481,59,0,8,94
860Z200US49683,ZCTA5 49683,2002,1.0,91.9,0.1,1.2,0.9,0.0,0.3,4.5,2002,20,1840,2,24,19,0,7,90
860Z200US49684,ZCTA5 49684,21171,3.3,91.7,0.8,0.9,1.0,0.0,0.1,2.2,21171,700,19411,178,185,209,7,12,469
860Z200US49685,ZCTA5 49685,21120,2.6,91.4,0.7,1.2,0.7,0.0,0.0,3.4,21120,547,19312,145,249,156,0,0,711
860Z200US49686,ZCTA5 49686,25282,3.4,93.0,0.7,0.3,0.4,0.0,0.1,2.2,25282,854,23523,173,76,89,0,18,549
860Z200US49688,ZCTA5 49688,2331,0.9,93.8,0.6,0.0,0.7,0.0,0.5,3.5,2331,21,2186,13,1,17,0,11,82
860Z200US49689,ZCTA5 49689,1610,1.7,94.2,0.9,0.8,0.0,0.0,0.0,2.4,1610,28,1516,15,13,0,0,0,38
860Z200US49690,ZCTA5 49690,6558,3.4,88.9,0.3,1.2,0.7,0.0,0.0,5.4,6558,225,5833,22,77,44,0,0,357
860Z200US49696,ZCTA5 49696,10353,0.7,92.3,1.5,0.1,1.0,0.0,0.7,3.6,10353,74,9560,151,7,107,0,77,377
860Z200US49701,ZCTA5 49701,739,2.7,69.4,12.4,4.3,3.0,0.0,0.0,8.1,739,20,513,92,32,22,0,0,60
860Z200US49705,ZCTA5 49705,911,0.1,91.4,1.5,1.3,0.2,0.0,0.0,5.4,911,1,833,14,12,2,0,0,49
860Z200US49706,ZCTA5 49706,4857,2.6,80.7,0.2,8.3,0.0,0.2,3.0,4.9,4857,127,3922,11,402,1,10,144,240
860Z200US49707,ZCTA5 49707,22009,2.0,93.6,0.9,0.1,0.5,0.0,0.4,2.4,22009,437,20601,208,25,109,0,94,535
860Z200US49709,ZCTA5 49709,3361,2.4,95.0,0.1,0.7,0.2,0.0,0.1,1.6,3361,80,3192,3,22,6,0,4,54
860Z200US49710,ZCTA5 49710,330,1.8,78.8,0.0,6.4,0.0,0.0,0.0,13.0,330,6,260,0,21,0,0,0,43
860Z200US49712,ZCTA5 49712,8250,2.1,92.6,0.6,0.6,0.5,0.0,0.0,3.6,8250,177,7637,47,53,41,0,0,295
860Z200US49713,ZCTA5 49713,2178,1.2,93.9,0.1,1.3,0.0,0.0,0.3,3.1,2178,27,2046,3,28,0,0,7,67
860Z200US49715,ZCTA5 49715,3424,1.1,53.7,1.8,30.6,0.6,0.0,0.1,12.1,3424,37,1837,63,1049,21,1,2,414
860Z200US49716,ZCTA5 49716,967,0.4,91.4,1.4,4.9,0.0,0.0,0.0,1.9,967,4,884,14,47,0,0,0,18
860Z200US49717,ZCTA5 49717,68,0.0,100.0,0.0,0.0,0.0,0.0,0.0,0.0,68,0,68,0,0,0,0,0,0
860Z200US49718,ZCTA5 49718,703,0.6,87.9,0.4,3.8,0.0,0.0,0.3,7.0,703,4,618,3,27,0,0,2,49
860Z200US49719,ZCTA5 49719,1389,0.0,97.7,0.0,2.1,0.0,0.0,0.2,0.0,1389,0,1357,0,29,0,0,3,0
860Z200US49720,ZCTA5 49720,9109,2.9,91.8,0.8,1.2,0.5,0.0,0.3,2.4,9109,266,8364,75,105,49,0,31,219
860Z200US49721,ZCTA5 49721,14034,2.1,91.2,0.8,2.1,0.5,0.0,0.1,3.2,14034,293,12793,113,299,64,3,17,452
860Z200US49722,ZCTA5 49722,45,0.0,100.0,0.0,0.0,0.0,0.0,0.0,0.0,45,0,45,0,0,0,0,0,0
860Z200US49724,ZCTA5 49724,1151,1.0,82.8,0.0,8.3,3.3,0.9,0.4,3.3,1151,12,953,0,95,38,10,5,38
860Z200US49725,ZCTA5 49725,592,0.0,82.6,0.0,13.5,0.5,0.0,0.0,3.4,592,0,489,0,80,3,0,0,20
860Z200US49726,ZCTA5 49726,1001,0.0,97.2,0.0,1.7,0.4,0.0,0.0,0.7,1001,0,973,0,17,4,0,0,7
860Z200US49727,ZCTA5 49727,6731,3.1,92.7,0.1,1.3,0.3,0.0,0.1,2.3,6731,206,6241,7,90,23,0,9,155
860Z200US49728,ZCTA5 49728,368,0.0,83.2,0.0,4.1,0.0,0.0,0.0,12.8,368,0,306,0,15,0,0,0,47
860Z200US49729,ZCTA5 49729,1463,2.0,94.2,0.9,0.6,0.1,0.0,0.0,2.2,1463,29,1378,13,9,2,0,0,32
860Z200US49730,ZCTA5 49730,2115,2.8,91.8,0.0,0.3,0.2,0.0,0.0,4.9,2115,59,1942,0,7,4,0,0,103
860Z200US49733,ZCTA5 49733,1657,0.8,94.7,0.2,0.2,1.1,0.0,0.0,2.9,1657,14,1569,3,4,19,0,0,48
860Z200US49735,ZCTA5 49735,20570,1.9,93.5,0.9,0.3,0.5,0.0,0.0,2.8,20570,397,19227,186,64,110,0,0,586
860Z200US49736,ZCTA5 49736,487,0.0,94.3,0.0,4.1,0.0,0.0,0.0,1.6,487,0,459,0,20,0,0,0,8
860Z200US49738,ZCTA5 49738,9567,2.4,92.4,0.3,0.0,1.1,0.0,0.4,3.5,9567,228,8836,30,2,103,0,35,333
860Z200US49740,ZCTA5 49740,7451,2.8,89.5,1.4,1.7,0.3,0.1,0.4,3.8,7451,205,6670,103,128,24,7,28,286
860Z200US49743,ZCTA5 49743,890,3.0,95.7,0.0,0.0,0.6,0.0,0.0,0.7,890,27,852,0,0,5,0,0,6
860Z200US49744,ZCTA5 49744,900,0.7,97.3,0.0,0.0,0.0,0.0,0.0,2.0,900,6,876,0,0,0,0,0,18
860Z200US49745,ZCTA5 49745,950,0.2,67.1,0.0,23.3,0.0,0.0,0.0,9.5,950,2,637,0,221,0,0,0,90
860Z200US49746,ZCTA5 49746,3543,1.0,95.3,0.7,1.2,0.0,0.0,0.1,1.8,3543,34,3376,24,44,0,0,2,63
860Z200US49747,ZCTA5 49747,2068,0.6,95.4,0.0,0.0,0.3,0.0,0.0,3.6,2068,13,1972,0,0,7,0,1,75
860Z200US49748,ZCTA5 49748,165,1.2,77.6,0.0,10.3,0.0,0.0,0.0,10.9,165,2,128,0,17,0,0,0,18
860Z200US49749,ZCTA5 49749,4527,0.5,90.9,0.3,1.6,0.2,0.0,0.2,6.4,4527,21,4115,13,71,7,0,10,290
860Z200US49751,ZCTA5 49751,2063,1.4,95.8,0.0,0.5,0.4,0.0,0.4,1.5,2063,29,1977,0,10,8,0,8,31
860Z200US49752,ZCTA5 49752,1018,3.5,63.3,14.7,4.2,0.0,0.0,0.5,13.8,1018,36,644,150,43,0,0,5,140
860Z200US49753,ZCTA5 49753,1766,0.4,96.1,0.1,0.0,0.0,0.0,0.0,3.4,1766,7,1698,1,0,0,0,0,60
860Z200US49755,ZCTA5 49755,1753,0.8,85.7,0.8,3.0,2.2,0.0,0.0,7.6,1753,14,1502,14,52,38,0,0,133
860Z200US49756,ZCTA5 49756,3805,0.9,93.7,0.2,0.1,0.4,0.0,0.0,4.7,3805,35,3565,8,4,16,0,0,177
860Z200US49757,ZCTA5 49757,836,10.5,57.2,12.2,7.8,1.3,0.0,0.8,10.2,836,88,478,102,65,11,0,7,85
860Z200US49759,ZCTA5 49759,1450,2.9,94.1,0.6,0.1,0.0,0.0,0.0,2.2,1450,42,1365,9,2,0,0,0,32
860Z200US49760,ZCTA5 49760,694,3.3,71.2,3.2,18.6,0.3,0.0,0.0,3.5,694,23,494,22,129,2,0,0,24
860Z200US49762,ZCTA5 49762,577,2.1,76.3,0.0,15.8,0.7,0.5,0.0,4.7,577,12,440,0,91,4,3,0,27
860Z200US49764,ZCTA5 49764,0,-,-,-,-,-,-,-,-,0,0,0,0,0,0,0,0,0
860Z200US49765,ZCTA5 49765,4505,2.7,91.8,0.2,0.4,0.3,0.0,0.1,4.6,4505,120,4135,11,18,12,0,3,206
860Z200US49766,ZCTA5 49766,2405,0.1,98.0,0.4,0.0,0.7,0.0,0.0,0.8,2405,2,2357,10,0,16,0,0,20
860Z200US49768,ZCTA5 49768,441,0.9,91.2,0.0,2.3,0.0,0.0,0.0,5.7,441,4,402,0,10,0,0,0,25
860Z200US49769,ZCTA5 49769,1710,0.2,79.5,0.0,4.3,0.0,0.0,0.0,16.0,1710,3,1360,0,73,0,0,0,274
860Z200US49770,ZCTA5 49770,17555,1.9,92.4,0.6,1.0,0.3,0.0,0.2,3.7,17555,328,16219,109,173,52,0,30,644
860Z200US49774,ZCTA5 49774,1766,0.7,90.5,0.0,3.1,0.2,0.0,0.3,5.3,1766,12,1599,0,54,3,0,5,93
860Z200US49775,ZCTA5 49775,44,0.0,100.0,0.0,0.0,0.0,0.0,0.0,0.0,44,0,44,0,0,0,0,0,0
860Z200US49776,ZCTA5 49776,1504,0.3,97.0,0.9,0.3,0.1,0.0,0.0,1.3,1504,4,1459,14,5,2,0,0,20
860Z200US49777,ZCTA5 49777,1899,0.5,93.6,0.0,0.0,0.8,0.0,0.0,5.2,1899,9,1777,0,0,15,0,0,98
860Z200US49779,ZCTA5 49779,4626,1.0,95.4,0.2,0.1,0.5,0.0,0.5,2.3,4626,45,4411,11,5,23,0,24,107
860Z200US49780,ZCTA5 49780,1638,3.4,81.4,1.2,6.6,0.6,0.0,0.0,6.8,1638,55,1334,20,108,10,0,0,111
860Z200US49781,ZCTA5 49781,3628,2.3,54.3,7.7,24.2,2.0,0.3,0.4,8.7,3628,82,1971,281,877,74,11,15,317
860Z200US49782,ZCTA5 49782,657,0.3,93.9,0.0,1.1,0.5,0.0,1.4,2.9,657,2,617,0,7,3,0,9,19
860Z200US49783,ZCTA5 49783,18905,1.5,71.5,0.8,12.5,0.9,0.1,1.1,11.7,18905,277,13517,151,2369,171,11,206,2203
860Z200US49784,ZCTA5 49784,1327,10.1,24.3,60.6,2.1,0.0,0.0,1.0,1.9,1327,134,323,804,28,0,0,13,25
860Z200US49788,ZCTA5 49788,4309,5.0,41.4,16.7,17.2,1.4,0.0,1.5,16.8,4309,215,1782,718,743,61,0,65,725
860Z200US49791,ZCTA5 49791,215,6.0,93.0,0.0,0.0,0.0,0.0,0.0,0.9,215,13,200,0,0,0,0,0,2
860Z200US49793,ZCTA5 49793,126,0.0,95.2,0.0,3.2,0.0,0.0,0.0,1.6,126,0,120,0,4,0,0,0,2
860Z200US49795,ZCTA5 49795,1972,1.3,96.2,0.5,0.2,0.2,0.1,0.0,1.5,1972,25,1898,10,4,3,2,0,30
860Z200US49796,ZCTA5 49796,375,2.4,97.1,0.0,0.0,0.0,0.0,0.0,0.5,375,9,364,0,0,0,0,0,2
860Z200US49799,ZCTA5 49799,2126,1.0,92.3,0.0,0.1,0.9,0.0,0.9,4.8,2126,22,1962,0,2,19,0,19,102
860Z200US49801,ZCTA5 49801,11504,2.0,94.2,0.9,0.7,0.5,0.0,0.1,1.5,11504,230,10837,103,84,62,0,17,171
860Z200US49802,ZCTA5 49802,6034,1.9,89.4,1.2,0.2,1.3,1.0,0.3,4.7,6034,112,5395,71,14,80,59,17,286
860Z200US49805,ZCTA5 49805,516,1.7,94.6,0.0,0.0,0.0,0.0,0.0,3.7,516,9,488,0,0,0,0,0,19
860Z200US49806,ZCTA5 49806,621,13.4,76.5,0.6,1.0,0.3,0.0,0.0,8.2,621,83,475,4,6,2,0,0,51
860Z200US49807,ZCTA5 49807,3072,2.5,92.1,0.4,1.6,0.3,0.0,0.5,2.7,3072,76,2828,13,49,9,0,15,82
860Z200US49808,ZCTA5 49808,414,0.0,95.2,0.2,0.0,0.0,0.0,0.0,4.6,414,0,394,1,0,0,0,0,19
860Z200US49812,ZCTA5 49812,808,4.0,93.9,0.0,1.0,0.0,0.0,0.4,0.7,808,32,759,0,8,0,0,3,6
860Z200US49814,ZCTA5 49814,1198,2.3,94.0,0.0,0.6,0.0,0.0,0.0,3.2,1198,27,1126,0,7,0,0,0,38
860Z200US49815,ZCTA5 49815,205,0.0,94.1,0.0,0.0,0.0,0.0,0.0,5.9,205,0,193,0,0,0,0,0,12
860Z200US49816,ZCTA5 49816,768,0.3,83.3,0.0,0.0,7.9,0.0,0.0,8.5,768,2,640,0,0,61,0,0,65
860Z200US49817,ZCTA5 49817,627,7.0,80.2,0.6,2.2,1.0,0.0,0.0,8.9,627,44,503,4,14,6,0,0,56
860Z200US49818,ZCTA5 49818,1225,0.0,99.5,0.0,0.3,0.0,0.0,0.0,0.2,1225,0,1219,0,4,0,0,0,2
860Z200US49820,ZCTA5 49820,200,5.5,93.0,1.5,0.0,0.0,0.0,0.0,0.0,200,11,186,3,0,0,0,0,0
860Z200US49821,ZCTA5 49821,1292,1.9,93.3,2.3,0.4,0.2,0.0,0.0,1.9,1292,25,1206,30,5,2,0,0,24
860Z200US49822,ZCTA5 49822,225,0.9,97.3,0.0,0.0,0.0,0.0,0.4,1.3,225,2,219,0,0,0,0,1,3
860Z200US49825,ZCTA5 49825,278,0.0,97.8,0.0,0.0,0.0,0.0,0.0,2.2,278,0,272,0,0,0,0,0,6
860Z200US49826,ZCTA5 49826,256,0.0,100.0,0.0,0.0,0.0,0.0,0.0,0.0,256,0,256,0,0,0,0,0,0
860Z200US49827,ZCTA5 49827,1203,2.3,86.2,0.0,9.1,0.0,0.0,0.0,2.4,1203,28,1037,0,109,0,0,0,29
860Z200US49829,ZCTA5 49829,16869,2.4,88.8,0.3,2.1,0.3,0.0,0.0,6.2,16869,399,14974,57,353,43,0,0,1043
860Z200US49831,ZCTA5 49831,569,0.4,97.0,0.0,0.0,0.0,0.0,0.0,2.6,569,2,552,0,0,0,0,0,15
860Z200US49833,ZCTA5 49833,119,0.0,74.8,0.0,25.2,0.0,0.0,0.0,0.0,119,0,89,0,30,0,0,0,0
860Z200US49834,ZCTA5 49834,583,0.0,99.7,0.0,0.0,0.0,0.0,0.0,0.3,583,0,581,0,0,0,0,0,2
860Z200US49835,ZCTA5 49835,757,2.8,82.0,0.5,3.6,0.4,0.0,0.5,10.2,757,21,621,4,27,3,0,4,77
860Z200US49836,ZCTA5 49836,1051,0.0,91.2,0.1,2.8,0.0,0.0,0.0,5.9,1051,0,959,1,29,0,0,0,62
860Z200US49837,ZCTA5 49837,9899,0.4,94.2,0.2,1.0,0.0,0.0,0.5,3.8,9899,36,9325,23,95,0,0,45,375
860Z200US49838,ZCTA5 49838,391,0.0,87.2,0.0,6.1,0.0,0.0,0.0,6.6,391,0,341,0,24,0,0,0,26
860Z200US49839,ZCTA5 49839,309,2.6,96.1,0.6,0.6,0.0,0.0,0.0,0.0,309,8,297,2,2,0,0,0,0
860Z200US49840,ZCTA5 49840,707,2.1,88.1,0.0,5.4,1.1,0.0,0.0,3.3,707,15,623,0,38,8,0,0,23
860Z200US49841,ZCTA5 49841,7093,0.6,88.9,1.5,2.6,0.5,0.0,0.9,5.0,7093,44,6304,107,184,38,0,64,352
860Z200US49847,ZCTA5 49847,1070,0.7,97.2,0.0,0.3,0.6,0.0,0.0,1.2,1070,8,1040,0,3,6,0,0,13
860Z200US49848,ZCTA5 49848,94,0.0,100.0,0.0,0.0,0.0,0.0,0.0,0.0,94,0,94,0,0,0,0,0,0
860Z200US49849,ZCTA5 49849,12069,1.8,92.1,0.6,0.6,1.4,0.0,0.0,3.6,12069,214,11119,68,73,164,0,0,431
860Z200US49852,ZCTA5 49852,133,0.0,100.0,0.0,0.0,0.0,0.0,0.0,0.0,133,0,133,0,0,0,0,0,0
860Z200US49853,ZCTA5 49853,1100,0.4,93.7,0.4,0.3,0.0,0.0,0.0,5.3,1100,4,1031,4,3,0,0,0,58
860Z200US49854,ZCTA5 49854,6172,0.9,84.2,0.6,6.3,0.3,0.0,0.0,7.6,6172,55,5199,39,390,21,0,2,466
860Z200US49855,ZCTA5 49855,33075,2.1,90.4,2.5,0.8,0.6,0.1,0.1,3.4,33075,681,29915,839,278,187,18,47,1110
860Z200US49858,ZCTA5 49858,11911,2.3,93.7,0.3,0.2,0.3,0.0,0.0,3.3,11911,274,11159,30,22,33,0,0,393
860Z200US49861,ZCTA5 49861,561,1.4,95.5,0.5,0.5,0.0,0.0,0.0,2.0,561,8,536,3,3,0,0,0,11
860Z200US49862,ZCTA5 49862,4524,1.5,75.2,15.1,4.0,0.2,0.0,0.1,3.9,4524,68,3404,685,180,7,0,5,175
860Z200US49863,ZCTA5 49863,186,3.2,96.8,0.0,0.0,0.0,0.0,0.0,0.0,186,6,180,0,0,0,0,0,0
860Z200US49864,ZCTA5 49864,32,0.0,90.6,0.0,0.0,0.0,0.0,9.4,0.0,32,0,29,0,0,0,0,3,0
860Z200US49866,ZCTA5 49866,8233,1.6,94.0,0.2,1.7,0.1,0.0,0.0,2.4,8233,135,7735,13,139,12,0,0,199
860Z200US49868,ZCTA5 49868,4401,1.9,76.8,11.9,4.4,0.2,0.2,0.0,4.5,4401,84,3379,525,194,10,10,0,199
860Z200US49870,ZCTA5 49870,3510,0.0,94.3,1.1,0.0,0.0,0.0,0.5,4.0,3510,0,3309,40,0,0,0,19,142
860Z200US49871,ZCTA5 49871,499,0.0,97.0,0.0,0.4,0.0,0.0,0.0,2.6,499,0,484,0,2,0,0,0,13
860Z200US49872,ZCTA5 49872,226,0.0,97.3,0.0,0.9,0.0,0.0,0.0,1.8,226,0,220,0,2,0,0,0,4
860Z200US49873,ZCTA5 49873,99,0.0,99.0,0.0,0.0,0.0,0.0,0.0,1.0,99,0,98,0,0,0,0,0,1
860Z200US49874,ZCTA5 49874,997,0.9,96.5,0.0,1.1,0.0,0.0,0.0,1.5,997,9,962,0,11,0,0,0,15
860Z200US49876,ZCTA5 49876,1262,2.1,97.9,0.0,0.0,0.0,0.0,0.0,0.0,1262,26,1236,0,0,0,0,0,0
860Z200US49877,ZCTA5 49877,10,0.0,100.0,0.0,0.0,0.0,0.0,0.0,0.0,10,0,10,0,0,0,0,0,0
860Z200US49878,ZCTA5 49878,3204,0.5,90.4,0.0,2.2,0.3,0.0,0.0,6.6,3204,15,2896,0,70,9,1,0,213
860Z200US49879,ZCTA5 49879,1093,0.6,98.4,0.0,0.0,0.4,0.0,0.0,0.6,1093,7,1075,0,0,4,0,0,7
860Z200US49880,ZCTA5 49880,1135,0.0,91.5,0.0,0.3,0.9,0.0,0.0,7.3,1135,0,1039,0,3,10,0,0,83
860Z200US49881,ZCTA5 49881,357,20.7,79.3,0.0,0.0,0.0,0.0,0.0,0.0,357,74,283,0,0,0,0,0,0
860Z200US49883,ZCTA5 49883,173,0.0,97.1,2.9,0.0,0.0,0.0,0.0,0.0,173,0,168,5,0,0,0,0,0
860Z200US49884,ZCTA5 49884,567,0.4,76.7,0.0,14.1,0.0,0.0,0.0,8.8,567,2,435,0,80,0,0,0,50
860Z200US49885,ZCTA5 49885,1820,0.5,94.0,0.8,1.3,1.1,0.0,0.0,2.3,1820,10,1711,15,23,20,0,0,41
860Z200US49886,ZCTA5 49886,543,2.4,96.3,0.0,0.0,0.7,0.0,0.0,0.6,543,13,523,0,0,4,0,0,3
860Z200US49887,ZCTA5 49887,2758,2.6,93.2,1.0,0.0,0.2,0.0,0.1,2.9,2758,71,2570,28,0,5,0,4,80
860Z200US49891,ZCTA5 49891,619,0.2,97.3,0.0,0.6,0.0,0.0,0.0,1.9,619,1,602,0,4,0,0,0,12
860Z200US49892,ZCTA5 49892,2057,1.0,96.4,0.4,0.3,0.4,0.0,0.0,1.5,2057,20,1983,9,6,8,0,0,31
860Z200US49893,ZCTA5 49893,1361,2.5,95.1,0.1,0.0,0.4,0.0,0.0,1.9,1361,34,1294,1,0,6,0,0,26
860Z200US49894,ZCTA5 49894,912,0.0,100.0,0.0,0.0,0.0,0.0,0.0,0.0,912,0,912,0,0,0,0,0,0
860Z200US49895,ZCTA5 49895,873,1.5,84.8,0.3,10.7,0.0,0.0,0.0,2.7,873,13,740,3,93,0,0,0,24
860Z200US49896,ZCTA5 49896,1702,1.4,66.6,1.3,25.5,1.9,0.0,0.0,3.2,1702,24,1134,22,434,33,0,0,55
860Z200US49901,ZCTA5 49901,273,2.9,97.1,0.0,0.0,0.0,0.0,0.0,0.0,273,8,265,0,0,0,0,0,0
860Z200US49902,ZCTA5 49902,210,0.0,91.4,0.0,6.2,0.0,0.0,0.0,2.4,210,0,192,0,13,0,0,0,5
860Z200US49903,ZCTA5 49903,194,4.6,92.3,0.0,0.0,0.0,0.0,0.0,3.1,194,9,179,0,0,0,0,0,6
860Z200US49905,ZCTA5 49905,2349,0.9,98.2,0.0,0.0,0.0,0.0,0.0,0.9,2349,20,2307,1,0,0,0,0,21
860Z200US49908,ZCTA5 49908,3104,2.9,51.7,19.4,16.6,0.6,0.4,0.3,8.1,3104,90,1605,603,514,19,11,10,252
860Z200US49910,ZCTA5 49910,239,0.0,100.0,0.0,0.0,0.0,0.0,0.0,0.0,239,0,239,0,0,0,0,0,0
860Z200US49911,ZCTA5 49911,2769,1.8,93.5,1.7,0.1,0.8,0.0,0.0,2.1,2769,50,2588,47,4,22,0,0,58
860Z200US49912,ZCTA5 49912,859,1.3,93.2,0.1,1.3,0.3,0.0,0.0,3.7,859,11,801,1,11,3,0,0,32
860Z200US49913,ZCTA5 49913,7238,1.8,93.2,0.4,0.7,1.5,0.0,0.3,2.2,7238,131,6748,26,48,108,0,19,158
860Z200US49915,ZCTA5 49915,576,2.1,89.1,0.7,3.5,1.6,0.0,0.0,3.1,576,12,513,4,20,9,0,0,18
860Z200US49916,ZCTA5 49916,2980,1.4,94.8,0.4,0.0,1.4,0.2,0.0,1.8,2980,43,2824,11,0,42,6,0,54
860Z200US49917,ZCTA5 49917,312,0.0,97.4,0.0,0.0,0.6,0.0,0.0,1.9,312,0,304,0,0,2,0,0,6
860Z200US49918,ZCTA5 49918,100,0.0,100.0,0.0,0.0,0.0,0.0,0.0,0.0,100,0,100,0,0,0,0,0,0
860Z200US49919,ZCTA5 49919,101,0.0,92.1,0.0,5.9,0.0,0.0,2.0,0.0,101,0,93,0,6,0,0,2,0
860Z200US49920,ZCTA5 49920,4207,1.2,94.4,0.7,0.7,0.3,0.0,0.5,2.2,4207,52,3970,30,28,13,0,20,94
860Z200US49921,ZCTA5 49921,362,0.0,95.9,0.0,4.1,0.0,0.0,0.0,0.0,362,0,347,0,15,0,0,0,0
860Z200US49922,ZCTA5 49922,888,0.9,96.7,0.9,0.0,0.0,0.5,0.0,1.0,888,8,859,8,0,0,4,0,9
860Z200US49925,ZCTA5 49925,647,1.4,97.7,0.0,0.0,0.0,0.0,0.0,0.9,647,9,632,0,0,0,0,0,6
860Z200US49927,ZCTA5 49927,390,5.9,76.9,6.7,2.3,1.3,0.0,0.0,6.9,390,23,300,26,9,5,0,0,27
860Z200US49929,ZCTA5 49929,219,4.6,95.4,0.0,0.0,0.0,0.0,0.0,0.0,219,10,209,0,0,0,0,0,0
860Z200US49930,ZCTA5 49930,7266,1.4,94.4,0.6,0.2,1.3,0.0,0.1,2.0,7266,102,6857,43,13,96,0,7,148
860Z200US49931,ZCTA5 49931,10282,3.0,80.7,2.9,0.7,7.5,0.1,2.7,2.5,10282,307,8297,294,74,767,10,277,256
860Z200US49934,ZCTA5 49934,780,0.0,95.4,1.3,0.0,1.3,0.0,0.0,2.1,780,0,744,10,0,10,0,0,16
860Z200US49935,ZCTA5 49935,5943,2.8,93.7,0.4,0.9,0.7,0.0,0.3,1.2,5943,165,5567,25,53,44,0,18,71
860Z200US49938,ZCTA5 49938,7636,2.1,93.9,0.5,0.8,0.5,0.4,0.1,1.7,7636,161,7168,40,61,37,28,9,132
860Z200US49942,ZCTA5 49942,69,0.0,100.0,0.0,0.0,0.0,0.0,0.0,0.0,69,0,69,0,0,0,0,0,0
860Z200US49945,ZCTA5 49945,2816,1.5,97.3,0.1,0.4,0.1,0.0,0.0,0.6,2816,43,2741,2,10,4,0,0,16
860Z200US49946,ZCTA5 49946,3868,1.5,81.4,0.9,10.1,0.7,0.0,0.0,5.5,3868,57,3149,33,390,26,0,0,213
860Z200US49947,ZCTA5 49947,823,1.1,69.4,8.3,7.5,0.4,0.7,0.0,12.6,823,9,571,68,62,3,6,0,104
860Z200US49948,ZCTA5 49948,599,4.0,93.0,0.8,0.0,0.0,0.0,0.0,2.2,599,24,557,5,0,0,0,0,13
860Z200US49950,ZCTA5 49950,981,1.6,94.8,0.0,0.7,0.0,0.0,0.0,2.9,981,16,930,0,7,0,0,0,28
860Z200US49952,ZCTA5 49952,133,1.5,96.2,0.0,0.0,0.0,0.0,0.0,2.3,133,2,128,0,0,0,0,0,3
860Z200US49953,ZCTA5 49953,2274,1.1,94.5,2.0,0.0,0.7,0.0,0.2,1.4,2274,25,2149,46,1,17,0,5,31
860Z200US49955,ZCTA5 49955,449,0.0,94.7,4.0,0.0,0.0,0.0,0.0,1.3,449,0,425,18,0,0,0,0,6
860Z200US49958,ZCTA5 49958,839,0.0,95.1,0.0,0.0,0.0,0.0,0.0,4.9,839,0,798,0,0,0,0,0,41
860Z200US49959,ZCTA5 49959,347,8.6,75.5,14.7,0.0,0.0,0.0,1.2,0.0,347,30,262,51,0,0,0,4,0
860Z200US49960,ZCTA5 49960,226,0.0,97.8,0.0,0.0,0.0,0.0,0.0,2.2,226,0,221,0,0,0,0,0,5
860Z200US49961,ZCTA5 49961,141,0.0,98.6,0.0,0.0,0.0,0.0,0.0,1.4,141,0,139,0,0,0,0,0,2
860Z200US49962,ZCTA5 49962,219,1.4,90.0,0.0,1.4,0.0,0.0,0.0,7.3,219,3,197,0,3,0,0,0,16
860Z200US49963,ZCTA5 49963,523,0.4,97.7,0.4,0.2,0.0,0.0,0.0,1.3,523,2,511,2,1,0,0,0,7
860Z200US49965,ZCTA5 49965,501,2.4,93.6,0.0,0.0,1.4,0.0,0.0,2.6,501,12,469,0,0,7,0,0,13
860Z200US49967,ZCTA5 49967,356,1.7,91.0,0.0,0.8,4.2,0.0,0.0,2.2,356,6,324,0,3,15,0,0,8
860Z200US49968,ZCTA5 49968,2124,0.7,93.9,0.2,0.5,0.7,0.0,0.0,4.0,2124,15,1994,5,11,14,0,0,85
860Z200US49969,ZCTA5 49969,1039,1.9,72.3,2.9,17.1,0.3,0.0,0.0,5.5,1039,20,751,30,178,3,0,0,57
860Z200US49970,ZCTA5 49970,277,0.4,99.6,0.0,0.0,0.0,0.0,0.0,0.0,277,1,276,0,0,0,0,0,0
860Z200US49971,ZCTA5 49971,415,0.0,94.9,0.0,0.5,1.4,0.0,0.0,3.1,415,0,394,0,2,6,0,0,13
860Z200US54540,ZCTA5 54540,915,4.3,89.8,0.0,0.4,0.0,0.0,0.0,5.5,915,39,822,0,4,0,0,0,50
