<?xml version="1.0" encoding="UTF-8"?>
<metadata xml:lang="en"><Esri><CreaDate>20200527</CreaDate><CreaTime>13541800</CreaTime><ArcGISFormat>1.0</ArcGISFormat><SyncOnce>FALSE</SyncOnce><DataProperties><itemProps><itemName Sync="TRUE">WCGISData."WAYNECOUNTY\PMCCORD".Minor_Civil_Divisions_Cities__Townships_v17a</itemName><imsContentType Sync="TRUE">002</imsContentType><itemSize Sync="TRUE">0.000</itemSize><itemLocation><linkage Sync="TRUE">Server=gissql1; Service=sde:sqlserver:gissql1; Database=WCGISData; Version=dbo.DEFAULT</linkage><protocol Sync="TRUE">ArcSDE Connection</protocol></itemLocation></itemProps><coordRef><type Sync="TRUE">Projected</type><geogcsn Sync="TRUE">GCS_North_American_1983_HARN</geogcsn><csUnits Sync="TRUE">Linear Unit: Foot (0.304800)</csUnits><projcsn Sync="TRUE">NAD_1983_HARN_StatePlane_Michigan_South_FIPS_2113_Feet_Intl</projcsn><peXml Sync="TRUE">&lt;ProjectedCoordinateSystem xsi:type='typens:ProjectedCoordinateSystem' xmlns:xsi='http://www.w3.org/2001/XMLSchema-instance' xmlns:xs='http://www.w3.org/2001/XMLSchema' xmlns:typens='http://www.esri.com/schemas/ArcGIS/10.7'&gt;&lt;WKT&gt;PROJCS[&amp;quot;NAD_1983_HARN_StatePlane_Michigan_South_FIPS_2113_Feet_Intl&amp;quot;,GEOGCS[&amp;quot;GCS_North_American_1983_HARN&amp;quot;,DATUM[&amp;quot;D_North_American_1983_HARN&amp;quot;,SPHEROID[&amp;quot;GRS_1980&amp;quot;,6378137.0,298.257222101]],PRIMEM[&amp;quot;Greenwich&amp;quot;,0.0],UNIT[&amp;quot;Degree&amp;quot;,0.0174532925199433]],PROJECTION[&amp;quot;Lambert_Conformal_Conic&amp;quot;],PARAMETER[&amp;quot;False_Easting&amp;quot;,13123359.58005249],PARAMETER[&amp;quot;False_Northing&amp;quot;,0.0],PARAMETER[&amp;quot;Central_Meridian&amp;quot;,-84.36666666666666],PARAMETER[&amp;quot;Standard_Parallel_1&amp;quot;,42.1],PARAMETER[&amp;quot;Standard_Parallel_2&amp;quot;,43.66666666666666],PARAMETER[&amp;quot;Latitude_Of_Origin&amp;quot;,41.5],UNIT[&amp;quot;Foot&amp;quot;,0.3048],AUTHORITY[&amp;quot;EPSG&amp;quot;,2898]]&lt;/WKT&gt;&lt;XOrigin&gt;-107138600&lt;/XOrigin&gt;&lt;YOrigin&gt;-97193800&lt;/YOrigin&gt;&lt;XYScale&gt;3048&lt;/XYScale&gt;&lt;ZOrigin&gt;0&lt;/ZOrigin&gt;&lt;ZScale&gt;1&lt;/ZScale&gt;&lt;MOrigin&gt;0&lt;/MOrigin&gt;&lt;MScale&gt;1&lt;/MScale&gt;&lt;XYTolerance&gt;0.0032808398950131233&lt;/XYTolerance&gt;&lt;ZTolerance&gt;0.001&lt;/ZTolerance&gt;&lt;MTolerance&gt;0.001&lt;/MTolerance&gt;&lt;HighPrecision&gt;true&lt;/HighPrecision&gt;&lt;WKID&gt;2898&lt;/WKID&gt;&lt;LatestWKID&gt;2898&lt;/LatestWKID&gt;&lt;/ProjectedCoordinateSystem&gt;</peXml></coordRef><lineage><Process ToolSource="c:\program files\arcgis\pro\Resources\ArcToolbox\toolboxes\Analysis Tools.tbx\Clip" Date="20200108" Time="113429">Clip Z:\MichiganGeographicFramework_17\Downloads\Minor_Civil_Divisions_Cities__Townships_v17a.shp Z:\pmccord_working\wayne_county_outline_163v13a.shp Z:\MichiganGeographicFramework_17\ClippedToWayneCo\Minor_Civil_Divisions_Cities__Townships_v17a_clip.shp #</Process><Process ToolSource="c:\program files\arcgis\pro\Resources\ArcToolbox\toolboxes\Data Management Tools.tbx\Project" Date="20200108" Time="142900">Project Z:/MichiganGeographicFramework_17/ClippedToWayneCo\Minor_Civil_Divisions_Cities__Townships_v17a_clip.shp Z:\MichiganGeographicFramework_17\ClippedToWayneCo\Minor_Civil_Divisions_Cities__Townships_v17a_clip_reproj.shp PROJCS['NAD_1983_HARN_StatePlane_Michigan_South_FIPS_2113_Feet_Intl',GEOGCS['GCS_North_American_1983_HARN',DATUM['D_North_American_1983_HARN',SPHEROID['GRS_1980',6378137.0,298.257222101]],PRIMEM['Greenwich',0.0],UNIT['Degree',0.0174532925199433]],PROJECTION['Lambert_Conformal_Conic'],PARAMETER['False_Easting',13123359.58005249],PARAMETER['False_Northing',0.0],PARAMETER['Central_Meridian',-84.36666666666666],PARAMETER['Standard_Parallel_1',42.1],PARAMETER['Standard_Parallel_2',43.66666666666666],PARAMETER['Latitude_Of_Origin',41.5],UNIT['Foot',0.3048]] NAD_1983_To_HARN_Michigan PROJCS['NAD_1983_Michigan_GeoRef_Meters',GEOGCS['GCS_North_American_1983',DATUM['D_North_American_1983',SPHEROID['GRS_1980',6378137.0,298.257222101]],PRIMEM['Greenwich',0.0],UNIT['Degree',0.0174532925199433]],PROJECTION['Hotine_Oblique_Mercator_Azimuth_Natural_Origin'],PARAMETER['False_Easting',2546731.496],PARAMETER['False_Northing',-4354009.816],PARAMETER['Scale_Factor',0.9996],PARAMETER['Azimuth',337.25556],PARAMETER['Longitude_Of_Center',-86.0],PARAMETER['Latitude_Of_Center',45.30916666666666],UNIT['Meter',1.0]] NO_PRESERVE_SHAPE # NO_VERTICAL</Process><Process ToolSource="c:\program files\arcgis\pro\Resources\ArcToolbox\toolboxes\Conversion Tools.tbx\FeatureClassToFeatureClass" Date="20200108" Time="142906">FeatureClassToFeatureClass Z:\MichiganGeographicFramework_17\ClippedToWayneCo\Minor_Civil_Divisions_Cities__Townships_v17a_clip_reproj.shp Z:/MichiganGeographicFramework_17/ClippedToWayneCo/GDBforEntGDBImport.gdb Minor_Civil_Divisions_Cities__Townships_v17a # "OBJECTID "OBJECTID" true true false 10 Long 0 10,First,#,Z:\MichiganGeographicFramework_17\ClippedToWayneCo\Minor_Civil_Divisions_Cities__Townships_v17a_clip_reproj.shp,OBJECTID,-1,-1;FIPSCODE "FIPSCODE" true true false 80 Text 0 0,First,#,Z:\MichiganGeographicFramework_17\ClippedToWayneCo\Minor_Civil_Divisions_Cities__Townships_v17a_clip_reproj.shp,FIPSCODE,0,80;FIPSNUM "FIPSNUM" true true false 10 Long 0 10,First,#,Z:\MichiganGeographicFramework_17\ClippedToWayneCo\Minor_Civil_Divisions_Cities__Townships_v17a_clip_reproj.shp,FIPSNUM,-1,-1;NAME "NAME" true true false 80 Text 0 0,First,#,Z:\MichiganGeographicFramework_17\ClippedToWayneCo\Minor_Civil_Divisions_Cities__Townships_v17a_clip_reproj.shp,NAME,0,80;LABEL "LABEL" true true false 80 Text 0 0,First,#,Z:\MichiganGeographicFramework_17\ClippedToWayneCo\Minor_Civil_Divisions_Cities__Townships_v17a_clip_reproj.shp,LABEL,0,80;TYPE "TYPE" true true false 80 Text 0 0,First,#,Z:\MichiganGeographicFramework_17\ClippedToWayneCo\Minor_Civil_Divisions_Cities__Townships_v17a_clip_reproj.shp,TYPE,0,80;SQKM "SQKM" true true false 19 Double 15 18,First,#,Z:\MichiganGeographicFramework_17\ClippedToWayneCo\Minor_Civil_Divisions_Cities__Townships_v17a_clip_reproj.shp,SQKM,-1,-1;SQMILES "SQMILES" true true false 19 Double 15 18,First,#,Z:\MichiganGeographicFramework_17\ClippedToWayneCo\Minor_Civil_Divisions_Cities__Townships_v17a_clip_reproj.shp,SQMILES,-1,-1;ACRES "ACRES" true true false 19 Double 15 18,First,#,Z:\MichiganGeographicFramework_17\ClippedToWayneCo\Minor_Civil_Divisions_Cities__Townships_v17a_clip_reproj.shp,ACRES,-1,-1;VER "VER" true true false 80 Text 0 0,First,#,Z:\MichiganGeographicFramework_17\ClippedToWayneCo\Minor_Civil_Divisions_Cities__Townships_v17a_clip_reproj.shp,VER,0,80;LAYOUT "LAYOUT" true true false 80 Text 0 0,First,#,Z:\MichiganGeographicFramework_17\ClippedToWayneCo\Minor_Civil_Divisions_Cities__Townships_v17a_clip_reproj.shp,LAYOUT,0,80;PENINSULA "PENINSULA" true true false 80 Text 0 0,First,#,Z:\MichiganGeographicFramework_17\ClippedToWayneCo\Minor_Civil_Divisions_Cities__Townships_v17a_clip_reproj.shp,PENINSULA,0,80;ShapeSTAre "ShapeSTAre" true true false 19 Double 15 18,First,#,Z:\MichiganGeographicFramework_17\ClippedToWayneCo\Minor_Civil_Divisions_Cities__Townships_v17a_clip_reproj.shp,ShapeSTAre,-1,-1;ShapeSTLen "ShapeSTLen" true true false 19 Double 15 18,First,#,Z:\MichiganGeographicFramework_17\ClippedToWayneCo\Minor_Civil_Divisions_Cities__Townships_v17a_clip_reproj.shp,ShapeSTLen,-1,-1" #</Process></lineage></DataProperties><SyncDate>20200108</SyncDate><SyncTime>16010400</SyncTime><ModDate>20200108</ModDate><ModTime>16010400</ModTime></Esri><dataIdInfo><envirDesc Sync="TRUE"> Version 6.2 (Build 9200) ; Esri ArcGIS 10.7.0.10450</envirDesc><dataLang><languageCode value="eng" Sync="TRUE"/><countryCode value="USA" Sync="TRUE"/></dataLang><idCitation><resTitle Sync="TRUE">WCGISData."WAYNECOUNTY\PMCCORD".Minor_Civil_Divisions_Cities__Townships_v17a</resTitle><presForm><PresFormCd value="005" Sync="TRUE"/></presForm></idCitation><spatRpType><SpatRepTypCd value="001" Sync="TRUE"/></spatRpType></dataIdInfo><mdLang><languageCode value="eng" Sync="TRUE"/><countryCode value="USA" Sync="TRUE"/></mdLang><mdChar><CharSetCd value="004" Sync="TRUE"/></mdChar><distInfo><distFormat><formatName Sync="TRUE">SDE Feature Class</formatName></distFormat><distTranOps><transSize Sync="TRUE">0.000</transSize></distTranOps></distInfo><mdHrLv><ScopeCd value="005" Sync="TRUE"/></mdHrLv><mdHrLvName Sync="TRUE">dataset</mdHrLvName><refSysInfo><RefSystem><refSysID><identCode code="2898" Sync="TRUE"/><idCodeSpace Sync="TRUE">EPSG</idCodeSpace><idVersion Sync="TRUE">6.13(9.0.0)</idVersion></refSysID></RefSystem></refSysInfo><spatRepInfo><VectSpatRep><geometObjs Name="WCGISData.&quot;WAYNECOUNTY\PMCCORD&quot;.Minor_Civil_Divisions_Cities__Townships_v17a"><geoObjTyp><GeoObjTypCd value="002" Sync="TRUE"/></geoObjTyp><geoObjCnt Sync="TRUE">0</geoObjCnt></geometObjs><topLvl><TopoLevCd value="001" Sync="TRUE"/></topLvl></VectSpatRep></spatRepInfo><spdoinfo><ptvctinf><esriterm Name="WCGISData.&quot;WAYNECOUNTY\PMCCORD&quot;.Minor_Civil_Divisions_Cities__Townships_v17a"><efeatyp Sync="TRUE">Simple</efeatyp><efeageom code="4" Sync="TRUE"/><esritopo Sync="TRUE">FALSE</esritopo><efeacnt Sync="TRUE">0</efeacnt><spindex Sync="TRUE">TRUE</spindex><linrefer Sync="TRUE">FALSE</linrefer></esriterm></ptvctinf></spdoinfo><eainfo><detailed Name="WCGISData.&quot;WAYNECOUNTY\PMCCORD&quot;.Minor_Civil_Divisions_Cities__Townships_v17a"><enttyp><enttypl Sync="TRUE">WCGISData."WAYNECOUNTY\PMCCORD".Minor_Civil_Divisions_Cities__Townships_v17a</enttypl><enttypt Sync="TRUE">Feature Class</enttypt><enttypc Sync="TRUE">0</enttypc></enttyp><attr><attrlabl Sync="TRUE">OBJECTID_1</attrlabl><attalias Sync="TRUE">OBJECTID_1</attalias><attrtype Sync="TRUE">OID</attrtype><attwidth Sync="TRUE">4</attwidth><atprecis Sync="TRUE">10</atprecis><attscale Sync="TRUE">0</attscale><attrdef Sync="TRUE">Internal feature number.</attrdef><attrdefs Sync="TRUE">Esri</attrdefs><attrdomv><udom Sync="TRUE">Sequential unique whole numbers that are automatically generated.</udom></attrdomv></attr><attr><attrlabl Sync="TRUE">Shape</attrlabl><attalias Sync="TRUE">Shape</attalias><attrtype Sync="TRUE">Geometry</attrtype><attwidth Sync="TRUE">4</attwidth><atprecis Sync="TRUE">0</atprecis><attscale Sync="TRUE">0</attscale><attrdef Sync="TRUE">Feature geometry.</attrdef><attrdefs Sync="TRUE">Esri</attrdefs><attrdomv><udom Sync="TRUE">Coordinates defining the features.</udom></attrdomv></attr><attr><attrlabl Sync="TRUE">OBJECTID</attrlabl><attalias Sync="TRUE">OBJECTID</attalias><attrtype Sync="TRUE">Integer</attrtype><attwidth Sync="TRUE">4</attwidth><atprecis Sync="TRUE">10</atprecis><attscale Sync="TRUE">0</attscale></attr><attr><attrlabl Sync="TRUE">FIPSCODE</attrlabl><attalias Sync="TRUE">FIPSCODE</attalias><attrtype Sync="TRUE">String</attrtype><attwidth Sync="TRUE">80</attwidth><atprecis Sync="TRUE">0</atprecis><attscale Sync="TRUE">0</attscale></attr><attr><attrlabl Sync="TRUE">FIPSNUM</attrlabl><attalias Sync="TRUE">FIPSNUM</attalias><attrtype Sync="TRUE">Integer</attrtype><attwidth Sync="TRUE">4</attwidth><atprecis Sync="TRUE">10</atprecis><attscale Sync="TRUE">0</attscale></attr><attr><attrlabl Sync="TRUE">NAME</attrlabl><attalias Sync="TRUE">NAME</attalias><attrtype Sync="TRUE">String</attrtype><attwidth Sync="TRUE">80</attwidth><atprecis Sync="TRUE">0</atprecis><attscale Sync="TRUE">0</attscale></attr><attr><attrlabl Sync="TRUE">LABEL</attrlabl><attalias Sync="TRUE">LABEL</attalias><attrtype Sync="TRUE">String</attrtype><attwidth Sync="TRUE">80</attwidth><atprecis Sync="TRUE">0</atprecis><attscale Sync="TRUE">0</attscale></attr><attr><attrlabl Sync="TRUE">TYPE</attrlabl><attalias Sync="TRUE">TYPE</attalias><attrtype Sync="TRUE">String</attrtype><attwidth Sync="TRUE">80</attwidth><atprecis Sync="TRUE">0</atprecis><attscale Sync="TRUE">0</attscale></attr><attr><attrlabl Sync="TRUE">SQKM</attrlabl><attalias Sync="TRUE">SQKM</attalias><attrtype Sync="TRUE">Double</attrtype><attwidth Sync="TRUE">8</attwidth><atprecis Sync="TRUE">38</atprecis><attscale Sync="TRUE">8</attscale></attr><attr><attrlabl Sync="TRUE">SQMILES</attrlabl><attalias Sync="TRUE">SQMILES</attalias><attrtype Sync="TRUE">Double</attrtype><attwidth Sync="TRUE">8</attwidth><atprecis Sync="TRUE">38</atprecis><attscale Sync="TRUE">8</attscale></attr><attr><attrlabl Sync="TRUE">ACRES</attrlabl><attalias Sync="TRUE">ACRES</attalias><attrtype Sync="TRUE">Double</attrtype><attwidth Sync="TRUE">8</attwidth><atprecis Sync="TRUE">38</atprecis><attscale Sync="TRUE">8</attscale></attr><attr><attrlabl Sync="TRUE">VER</attrlabl><attalias Sync="TRUE">VER</attalias><attrtype Sync="TRUE">String</attrtype><attwidth Sync="TRUE">80</attwidth><atprecis Sync="TRUE">0</atprecis><attscale Sync="TRUE">0</attscale></attr><attr><attrlabl Sync="TRUE">LAYOUT</attrlabl><attalias Sync="TRUE">LAYOUT</attalias><attrtype Sync="TRUE">String</attrtype><attwidth Sync="TRUE">80</attwidth><atprecis Sync="TRUE">0</atprecis><attscale Sync="TRUE">0</attscale></attr><attr><attrlabl Sync="TRUE">PENINSULA</attrlabl><attalias Sync="TRUE">PENINSULA</attalias><attrtype Sync="TRUE">String</attrtype><attwidth Sync="TRUE">80</attwidth><atprecis Sync="TRUE">0</atprecis><attscale Sync="TRUE">0</attscale></attr><attr><attrlabl Sync="TRUE">ShapeSTAre</attrlabl><attalias Sync="TRUE">ShapeSTAre</attalias><attrtype Sync="TRUE">Double</attrtype><attwidth Sync="TRUE">8</attwidth><atprecis Sync="TRUE">38</atprecis><attscale Sync="TRUE">8</attscale></attr><attr><attrlabl Sync="TRUE">ShapeSTLen</attrlabl><attalias Sync="TRUE">ShapeSTLen</attalias><attrtype Sync="TRUE">Double</attrtype><attwidth Sync="TRUE">8</attwidth><atprecis Sync="TRUE">38</atprecis><attscale Sync="TRUE">8</attscale></attr><attr><attrlabl Sync="TRUE">Shape.STArea()</attrlabl><attalias Sync="TRUE">Shape.STArea()</attalias><attrtype Sync="TRUE">Double</attrtype><attwidth Sync="TRUE">0</attwidth><atprecis Sync="TRUE">0</atprecis><attscale Sync="TRUE">0</attscale></attr><attr><attrlabl Sync="TRUE">Shape.STLength()</attrlabl><attalias Sync="TRUE">Shape.STLength()</attalias><attrtype Sync="TRUE">Double</attrtype><attwidth Sync="TRUE">0</attwidth><atprecis Sync="TRUE">0</atprecis><attscale Sync="TRUE">0</attscale></attr></detailed></eainfo><mdDateSt Sync="TRUE">20200108</mdDateSt></metadata>
